user_id,item_id,rating,timestamp
1,31,3,1602125202
1,159,3,1613360441
1,21,3,1614629086
1,173,3,1623660639
1,123,5,1635172381
1,235,3,1638720731
1,17,5,1646820597
1,72,4,1646996570
1,229,2,1651477307
1,250,4,1654616373
1,94,5,1665252242
1,184,2,1667684008
1,52,3,1680076685
1,165,4,1682022913
1,50,2,1684583133
1,232,2,1691753200
1,18,5,1692419250
1,39,4,1693553503
2,5,2,1602589005
2,138,4,1607534154
2,142,3,1607863627
2,50,3,1610786533
2,100,3,1614002517
2,34,3,1618319060
2,221,3,1620960159
2,192,2,1622695064
2,79,5,1625961364
2,109,2,1631974955
2,241,1,1634807120
2,107,4,1638246992
2,61,3,1640057575
2,225,5,1640465669
2,174,3,1640847828
2,80,3,1642507392
2,140,1,1646164441
2,68,5,1657603400
2,124,5,1657861017
2,188,4,1658382626
2,132,4,1663094696
2,168,4,1666096619
2,139,4,1675022790
2,52,4,1675533016
2,54,4,1676303717
2,249,3,1685040580
2,198,4,1694127894
3,244,3,1601552394
3,36,4,1606576925
3,62,2,1610088306
3,30,3,1610181570
3,232,4,1610454220
3,61,5,1612604273
3,210,3,1619424138
3,79,3,1623114089
3,111,3,1623573012
3,39,4,1634118594
3,123,4,1635043321
3,125,5,1639878502
3,103,4,1641391647
3,155,3,1655174917
3,136,4,1661101653
3,2,5,1662489751
3,18,4,1663234041
3,202,5,1663838491
3,237,5,1663895127
3,175,4,1676296633
3,34,4,1677074618
3,139,5,1677766655
3,195,4,1683846498
3,188,5,1688805528
4,143,3,1601826014
4,225,3,1602352022
4,223,1,1604953444
4,79,4,1608241644
4,39,2,1609889149
4,165,3,1610885113
4,109,3,1611997775
4,160,4,1614095618
4,197,3,1615427676
4,183,2,1617202357
4,167,3,1619126416
4,94,5,1619139344
4,123,3,1620768869
4,205,3,1622197283
4,65,3,1624095564
4,244,4,1624739005
4,168,4,1625496193
4,146,4,1626062352
4,157,2,1627846362
4,182,5,1628815856
4,174,3,1628950137
4,81,4,1629600951
4,141,4,1630321582
4,210,3,1632741865
4,154,3,1634579035
4,175,5,1635587777
4,203,2,1635670911
4,241,1,1636108520
4,130,4,1637087589
4,188,2,1638342199
4,139,3,1638885542
4,27,5,1641146089
4,200,3,1642945256
4,226,2,1643103762
4,132,5,1643326171
4,46,2,1643785418
4,125,3,1644539387
4,201,2,1644667212
4,136,5,1645251795
4,50,3,1646324984
4,57,3,1647371520
4,7,3,1650833858
4,206,4,1652754797
4,47,2,1654521879
4,93,3,1654968181
4,44,3,1659527200
4,169,3,1660216497
4,21,3,1664678125
4,24,3,1664790655
4,155,3,1665892388
4,86,1,1667125871
4,23,2,1667381769
4,184,4,1678342045
4,189,3,1679599796
4,236,4,1681844950
4,100,3,1682114748
4,180,4,1682376060
4,202,4,1683634609
4,52,3,1685437793
4,173,3,1686349895
4,5,3,1688180904
4,101,2,1689106724
4,111,2,1689950117
4,69,3,1692447683
4,198,4,1694179162
5,15,3,1601222873
5,50,2,1603250134
5,173,3,1603905414
5,34,4,1605197343
5,21,3,1605907099
5,221,3,1606911828
5,61,3,1608674149
5,183,2,1615284242
5,37,2,1615448887
5,93,3,1615469417
5,195,4,1615676243
5,175,4,1615714307
5,132,3,1616208241
5,198,4,1616702197
5,65,4,1619559228
5,136,4,1624038997
5,63,3,1624296291
5,69,4,1625565481
5,109,4,1627836121
5,25,5,1629245572
5,113,3,1637466108
5,13,3,1639091184
5,27,5,1639875132
5,139,3,1640520034
5,188,4,1641960480
5,31,3,1643886174
5,100,2,1646275753
5,52,3,1646322584
5,218,4,1647637786
5,229,2,1648037995
5,249,2,1649493668
5,80,4,1650187963
5,97,3,1650379573
5,189,3,1653213625
5,211,3,1653283206
5,46,2,1653517343
5,142,2,1656772189
5,39,4,1659796403
5,190,2,1660613881
5,79,3,1661707954
5,117,3,1664375021
5,250,5,1664935043
5,201,2,1666361273
5,121,3,1667935016
5,86,1,1668465713
5,125,3,1671373466
5,111,2,1673142734
5,154,3,1675035103
5,235,3,1675962274
5,226,4,1676358465
5,157,3,1677429404
5,107,3,1677906669
5,184,3,1677999843
5,203,1,1678486509
5,199,2,1678568424
5,32,3,1682291651
5,223,3,1682926283
5,210,4,1685593060
5,168,4,1685789142
5,123,2,1687884363
5,19,3,1691018865
5,98,4,1693315546
6,134,4,1604207161
6,16,1,1605222744
6,182,4,1626424430
6,18,4,1665011688
6,197,2,1670634077
6,2,5,1684644192
6,192,3,1690106973
6,39,4,1691993646
6,139,4,1692683714
7,157,4,1604027417
7,232,4,1606355797
7,85,5,1609355507
7,221,5,1611439381
7,210,4,1614316690
7,18,4,1614568106
7,175,4,1616654643
7,186,3,1617039695
7,218,3,1619984221
7,226,2,1624101322
7,140,2,1624107843
7,86,2,1626591587
7,200,5,1626711746
7,134,5,1628318742
7,128,2,1629806192
7,139,4,1630659669
7,192,4,1630846319
7,48,3,1631316456
7,79,4,1636223274
7,123,3,1640789148
7,137,4,1641056104
7,125,2,1642945412
7,107,2,1647185339
7,5,3,1647918897
7,39,5,1649590354
7,228,3,1652363568
7,243,3,1656375874
7,104,3,1661267906
7,126,2,1661856081
7,189,2,1662386552
7,188,4,1664520111
7,234,2,1666844337
7,100,2,1667779331
7,109,4,1670351367
7,178,3,1674749440
7,93,3,1678732123
7,206,2,1679253579
7,173,4,1683793259
7,61,5,1688208688
7,164,3,1693901007
7,19,3,1694449307
8,18,5,1601108414
8,184,3,1601508209
8,53,5,1601654488
8,46,4,1604105182
8,181,3,1606332255
8,101,1,1614057889
8,120,2,1616135489
8,85,4,1623828898
8,39,2,1624389577
8,21,4,1646486546
8,35,4,1647261715
8,79,4,1674752512
8,187,3,1677878142
8,61,4,1678911735
8,190,3,1680326974
8,4,2,1681733801
8,177,5,1685484055
8,62,3,1686193775
8,91,3,1689622985
9,221,5,1600678254
9,18,5,1600847475
9,200,5,1601856070
9,168,3,1602080848
9,130,2,1602681248
9,16,1,1603355646
9,134,5,1604182435
9,140,2,1604548345
9,122,3,1605936264
9,81,5,1606475393
9,31,2,1607277430
9,207,3,1608316404
9,61,5,1610174038
9,79,5,1610601029
9,214,3,1611522205
9,154,4,1611879322
9,3,2,1611960706
9,49,3,1612809682
9,50,5,1615501357
9,85,5,1615603952
9,190,3,1616500366
9,55,3,1616650454
9,25,4,1617071533
9,23,4,1620793727
9,72,4,1620905367
9,94,3,1621001363
9,13,4,1622048530
9,89,3,1622321368
9,235,3,1622600941
9,145,4,1622932136
9,113,3,1624213531
9,245,4,1624419628
9,138,4,1625887091
9,192,3,1626201609
9,166,5,1627574822
9,123,4,1627924509
9,174,3,1632294239
9,47,3,1633124125
9,243,4,1633962334
9,187,3,1634401991
9,132,5,1636723115
9,223,3,1638270754
9,46,3,1640460149
9,191,2,1641777605
9,26,3,1642521775
9,27,3,1642574414
9,232,2,1645549662
9,227,3,1647180218
9,104,4,1648279917
9,197,2,1649309880
9,182,4,1650026051
9,185,3,1650028927
9,165,3,1653268599
9,137,4,1653565526
9,111,3,1653885526
9,136,4,1654172691
9,183,3,1656116588
9,241,2,1657904268
9,175,5,1658168020
9,117,3,1658760087
9,203,2,1660903065
9,125,4,1661215495
9,238,5,1661254408
9,124,3,1661285408
9,36,4,1662978658
9,39,5,1664939263
9,198,3,1665665997
9,210,4,1666179813
9,184,5,1666342404
9,218,2,1667625040
9,150,5,1667683430
9,52,5,1669102063
9,2,5,1669168213
9,5,3,1669181638
9,139,4,1669495228
9,246,2,1670131888
9,186,3,1670986051
9,64,5,1671602210
9,30,4,1671695611
9,193,4,1673550471
9,33,4,1674273141
9,180,2,1679315702
9,240,4,1680980623
9,93,5,1685589669
9,188,3,1686288470
9,65,5,1686626323
9,225,3,1690851834
9,242,2,1691767959
9,97,3,1692203958
10,166,3,1610200544
10,79,4,1618208731
10,98,3,1623287476
10,148,4,1625573785
10,235,4,1629555708
10,123,3,1632080985
10,192,4,1638623992
10,19,4,1639845075
10,155,4,1644576738
10,13,2,1645868011
10,39,4,1646826363
10,126,4,1646838054
10,154,3,1661072468
10,109,2,1662183902
10,27,3,1667339965
10,59,3,1668114369
10,100,2,1675448279
10,219,1,1682706379
10,181,2,1693229897
11,88,4,1600533749
11,50,3,1601852063
11,79,3,1603085991
11,89,3,1604661370
11,234,4,1605290854
11,123,3,1605776523
11,145,5,1607308308
11,219,1,1609388573
11,110,4,1609662272
11,109,3,1609953636
11,180,3,1610697959
11,128,4,1613378302
11,53,4,1614321473
11,24,3,1614523768
11,188,3,1614650131
11,104,3,1619785165
11,184,3,1623023968
11,94,4,1623376019
11,173,4,1623500515
11,202,4,1627376671
11,178,4,1627458306
11,168,3,1627882017
11,91,3,1628472078
11,233,4,1628923572
11,51,4,1629046165
11,195,3,1630190900
11,39,3,1630464478
11,204,3,1630491017
11,28,3,1631252417
11,154,3,1632924803
11,185,4,1634048276
11,196,3,1635729922
11,32,3,1636114658
11,146,2,1636131653
11,200,3,1636294754
11,30,4,1636317679
11,249,3,1637005860
11,192,4,1637818757
11,225,2,1638049956
11,101,1,1639664551
11,31,3,1641451482
11,116,2,1643944420
11,122,4,1644040659
11,61,3,1644713581
11,166,3,1646516645
11,250,3,1646526034
11,153,3,1646808518
11,174,3,1648656476
11,160,3,1648865552
11,111,2,1649296721
11,131,2,1650825950
11,175,4,1652326383
11,81,3,1653893284
11,231,4,1655451135
11,100,2,1656246192
11,247,4,1657007007
11,106,2,1658647326
11,56,2,1659918023
11,130,2,1661889491
11,152,3,1663187579
11,138,3,1663334187
11,18,5,1670138716
11,171,1,1670796550
11,139,3,1671974144
11,209,2,1672546592
11,14,3,1673053638
11,54,2,1673157523
11,69,3,1673438417
11,181,2,1673925186
11,232,3,1676092928
11,2,3,1677994428
11,10,3,1680508284
11,5,4,1681445836
11,13,3,1682254303
11,156,2,1683776785
11,86,2,1683809685
11,52,3,1685477542
11,9,4,1685913169
11,21,3,1686145177
11,210,4,1686333292
11,98,3,1687658413
11,125,3,1688236716
11,27,4,1688491024
11,199,4,1691577232
11,190,2,1692219738
11,107,2,1692241799
11,36,2,1692726507
12,164,3,1600401564
12,116,3,1605710749
12,234,3,1606521338
12,48,2,1610264468
12,214,2,1617703212
12,206,3,1620033333
12,24,2,1620154377
12,139,2,1621253558
12,210,4,1621742889
12,185,3,1621922933
12,182,4,1633812210
12,125,4,1635140979
12,111,3,1637991269
12,175,3,1645529150
12,104,1,1651490593
12,155,2,1654890508
12,52,3,1656006843
12,207,2,1656626319
12,168,3,1657938514
12,200,4,1658562633
12,225,4,1660256668
12,5,2,1661939738
12,56,4,1662261152
12,100,3,1662327757
12,105,2,1662349128
12,50,3,1666403202
12,93,4,1667209053
12,173,3,1668425416
12,27,4,1672732341
12,53,3,1672799555
12,236,2,1674959867
12,244,4,1677700316
12,65,2,1678344708
12,169,3,1679385419
12,39,4,1683260583
12,132,3,1683840457
12,192,2,1687346404
12,181,3,1687495108
12,75,3,1688231577
12,85,3,1689580526
12,17,4,1690399915
12,241,1,1691209127
13,155,4,1606940293
13,39,2,1614923921
13,54,5,1615992859
13,192,3,1617621054
13,250,3,1621108302
13,190,2,1625105192
13,194,3,1648736216
13,241,1,1650733609
13,26,5,1651317492
13,30,3,1652312944
13,109,4,1663278740
13,232,3,1667375900
13,206,3,1668610634
13,184,2,1670838837
13,2,4,1672750140
13,121,3,1682309940
13,100,2,1683586279
14,34,4,1603803066
14,180,3,1604148823
14,10,4,1611393034
14,114,3,1612330861
14,225,3,1615137508
14,183,4,1622036371
14,136,5,1623449188
14,206,3,1642070874
14,61,3,1643849487
14,137,4,1648235226
14,52,3,1648502162
14,218,3,1650702546
14,123,3,1650838677
14,185,3,1653189334
14,175,3,1656231190
14,2,5,1657660901
14,164,3,1664570472
14,40,4,1667834089
14,100,2,1670983172
14,62,4,1673126686
14,188,3,1683048283
14,81,4,1686246302
14,39,3,1686273377
14,18,5,1686618779
14,27,3,1688496974
14,118,2,1693905303
15,224,4,1600134234
15,225,4,1604989954
15,154,4,1608329901
15,93,4,1609792883
15,116,3,1613406819
15,206,3,1615831317
15,27,4,1616201804
15,125,4,1626751137
15,82,2,1631004071
15,155,4,1633621969
15,61,5,1637672015
15,69,4,1638043456
15,130,3,1639363627
15,5,3,1641153941
15,221,4,1644152217
15,175,5,1651727225
15,39,4,1653839938
15,85,4,1656574943
15,185,4,1669942709
15,205,3,1674867900
15,30,3,1677274635
15,52,5,1679850730
15,168,4,1683319024
15,50,3,1689714574
15,46,3,1693083013
16,162,4,1609565882
16,130,3,1611056313
16,200,5,1613664863
16,56,4,1616112502
16,140,3,1616805772
16,247,4,1621555676
16,102,5,1633921749
16,188,5,1653804671
16,93,4,1661003381
16,138,4,1662439949
16,206,3,1668436862
16,111,2,1677222231
16,248,4,1690996272
17,182,5,1603181054
17,133,3,1603763783
17,132,4,1605294809
17,21,3,1606880392
17,214,4,1610166173
17,247,3,1610440943
17,107,3,1615193807
17,39,2,1624788838
17,221,5,1628591167
17,188,2,1629484526
17,212,5,1630855410
17,175,4,1631372142
17,52,3,1635433261
17,140,3,1638378498
17,145,3,1639697939
17,115,2,1640088280
17,27,3,1640669205
17,184,2,1642450333
17,205,1,1644067638
17,139,1,1645337427
17,130,3,1647713940
17,196,3,1650433413
17,154,4,1650849500
17,236,3,1653993602
17,112,3,1657204998
17,44,3,1657366536
17,165,4,1657662703
17,157,2,1660093666
17,25,3,1667344973
17,244,3,1667727916
17,110,3,1673756569
17,168,3,1676640101
17,104,4,1681869141
17,5,5,1682616808
17,124,3,1683337907
17,7,5,1687948992
17,79,2,1688370519
17,50,2,1688521957
17,76,3,1689154534
17,177,2,1691139699
18,111,4,1600439144
18,200,4,1611339305
18,58,3,1622426661
18,13,4,1645596866
18,12,3,1646530107
18,154,3,1652887484
18,249,3,1653974654
18,140,3,1657616818
18,109,4,1668565471
18,180,3,1670923681
18,175,4,1671971592
18,36,2,1672163454
18,79,4,1672673027
18,126,3,1681586504
18,46,2,1683176456
18,188,3,1685221246
18,192,4,1693453365
19,62,3,1617501216
19,104,5,1641235948
19,221,3,1650483162
20,27,3,1601054557
20,100,4,1601351120
20,24,4,1606387670
20,88,4,1611155698
20,209,2,1611186470
20,141,3,1615315846
20,147,3,1617972560
20,188,3,1632737420
20,132,2,1634175512
20,218,2,1635412557
20,210,5,1636482936
20,175,4,1643182588
20,44,4,1646541599
20,58,3,1651014248
20,184,2,1652535140
20,231,5,1654314117
20,52,3,1656694578
20,39,3,1660367167
20,238,1,1665177944
20,5,3,1666610367
20,43,2,1669947082
20,154,3,1676301227
20,127,4,1677979511
20,54,4,1687408962
20,138,3,1691620501
20,140,3,1692524096
20,93,3,1693802141
21,100,4,1605518375
21,193,4,1607721022
21,238,2,1626956399
21,125,3,1646573407
21,138,4,1673098084
22,188,4,1603932535
22,226,3,1609212380
22,210,3,1610677392
22,12,2,1621457729
22,206,4,1622661582
22,9,4,1623175718
22,235,4,1625033825
22,201,3,1627847474
22,214,2,1628310952
22,109,2,1636142659
22,175,4,1637399491
22,69,4,1640770493
22,105,3,1642458717
22,53,3,1643797303
22,249,3,1643942655
22,79,5,1646119851
22,146,5,1648177832
22,107,5,1650402704
22,54,2,1655461639
22,199,3,1665671817
22,123,4,1669991022
22,192,4,1671378907
22,43,4,1675553960
22,136,5,1677632273
22,52,4,1681755343
22,39,3,1687384467
22,4,4,1687447178
22,93,4,1690778323
22,87,4,1693950922
23,225,3,1600268374
23,175,3,1604772066
23,192,4,1612417860
23,250,4,1620506246
23,85,4,1630238833
23,79,3,1644171577
23,39,3,1644386933
23,99,3,1655237233
23,204,3,1658380782
23,109,4,1665868690
23,93,4,1681722025
23,101,3,1682843853
23,163,5,1684238506
23,206,3,1692365220
23,53,3,1692971745
24,61,3,1600602487
24,173,3,1601307236
24,93,5,1603506456
24,50,5,1611991701
24,131,3,1616137956
24,206,3,1620989828
24,81,5,1625849371
24,237,4,1626055951
24,39,4,1626422248
24,104,2,1630105973
24,199,3,1639133684
24,100,3,1639585404
24,109,3,1646142139
24,27,5,1651574197
24,188,4,1658649877
24,18,5,1659659134
24,182,5,1670368092
24,186,4,1671138378
24,202,5,1671537984
24,222,4,1672642617
24,26,3,1673566759
24,195,4,1679297562
24,245,4,1681371118
24,153,5,1683569246
24,111,2,1692291130
25,98,3,1600234798
25,13,4,1602695077
25,106,3,1603410821
25,107,2,1603854448
25,242,3,1604077772
25,27,3,1604180317
25,226,3,1604418833
25,223,3,1604790232
25,57,4,1605168999
25,65,4,1606102863
25,2,5,1608913745
25,79,3,1609356242
25,124,3,1609653311
25,72,3,1609777090
25,4,3,1610103004
25,243,4,1610410481
25,70,3,1610754171
25,151,5,1610992702
25,187,4,1611694081
25,146,2,1612420802
25,77,4,1612437612
25,120,1,1613081041
25,218,2,1613884349
25,199,3,1613937704
25,159,3,1614326761
25,202,4,1615801987
25,136,4,1617431286
25,76,3,1617783935
25,210,5,1617884780
25,41,5,1622677926
25,185,5,1623075998
25,15,4,1624293937
25,247,5,1624308547
25,154,3,1625154786
25,60,3,1625336145
25,93,3,1625996469
25,81,3,1629350471
25,232,3,1629683023
25,109,4,1631919920
25,225,4,1633357407
25,85,5,1633507539
25,43,3,1633534994
25,168,4,1634457425
25,250,2,1634796992
25,166,5,1636649302
25,21,4,1636680752
25,192,3,1636758468
25,64,3,1637031243
25,5,3,1637545321
25,216,3,1638280785
25,150,3,1638313462
25,50,3,1641373797
25,221,3,1642013285
25,116,3,1644072500
25,33,2,1644257877
25,112,3,1645050318
25,157,2,1647502718
25,100,3,1648340480
25,31,1,1649168689
25,229,3,1649221621
25,128,3,1649463234
25,141,2,1649988291
25,174,2,1650457098
25,47,1,1651290494
25,139,2,1652287336
25,214,3,1652336886
25,52,3,1654076319
25,23,3,1654186268
25,145,3,1654246405
25,144,3,1654497580
25,236,3,1654720863
25,63,3,1654965043
25,127,2,1655246878
25,30,3,1656236064
25,102,3,1656316662
25,206,2,1656762907
25,188,4,1657109878
25,45,4,1657129052
25,32,2,1658663030
25,140,1,1659865941
25,176,4,1660089187
25,244,3,1660449783
25,130,3,1660813534
25,6,3,1661033887
25,198,3,1661087373
25,133,3,1661207556
25,115,4,1661361271
25,14,4,1663848310
25,104,3,1664540690
25,175,3,1667755797
25,94,4,1668138370
25,230,3,1668939538
25,39,5,1669428169
25,69,4,1670379083
25,235,4,1672439473
25,173,2,1673671829
25,179,4,1673864293
25,89,4,1673993045
25,132,3,1676575453
25,123,4,1676625774
25,101,3,1678012058
25,220,3,1678744066
25,153,3,1679336180
25,68,3,1679983444
25,55,3,1680252761
25,209,2,1684206278
25,46,3,1684355499
25,249,4,1684382503
25,66,2,1684739277
25,155,2,1687607291
25,53,3,1688559980
25,73,3,1689839696
25,182,3,1690084543
25,40,4,1690292059
25,18,3,1690745484
25,80,3,1691796372
25,171,3,1692526843
25,219,1,1693185068
25,34,4,1694364722
26,31,3,1600001820
26,27,3,1600059046
26,89,4,1602342596
26,93,3,1605012478
26,44,3,1610275469
26,145,3,1610495778
26,185,3,1610852582
26,48,2,1611063992
26,198,3,1612121067
26,125,3,1621264716
26,195,5,1623119842
26,3,2,1630710022
26,210,2,1633762671
26,61,5,1639793859
26,249,3,1642125392
26,79,4,1643387915
26,102,3,1645022971
26,53,3,1645520764
26,72,2,1653578829
26,123,3,1655613196
26,52,5,1655938431
26,154,4,1660140798
26,14,4,1660500505
26,140,2,1661167519
26,129,1,1664578419
26,109,3,1667896589
26,100,3,1669147503
26,225,2,1672887876
26,46,2,1675117833
26,62,3,1677179441
26,171,3,1678088023
26,238,3,1680700867
26,18,5,1681916408
26,39,5,1682378661
26,15,3,1687134806
26,26,3,1690221702
26,184,2,1691098858
26,237,3,1691624878
26,13,3,1693681363
27,177,3,1602999953
27,225,4,1606675273
27,85,4,1608942802
27,205,4,1616168077
27,195,5,1623064191
27,154,4,1623248982
27,65,4,1625743501
27,109,3,1628847286
27,176,2,1629051672
27,123,3,1630661828
27,171,3,1631723994
27,39,2,1633238457
27,232,3,1635604290
27,14,3,1636458479
27,157,1,1638168599
27,175,4,1639006593
27,155,3,1639033453
27,5,4,1640397573
27,27,4,1643826697
27,86,2,1649722695
27,132,4,1649909965
27,240,5,1655315840
27,167,3,1657381467
27,130,2,1659298587
27,120,2,1663168192
27,180,3,1664803676
27,98,1,1672272871
27,185,4,1673154964
27,188,3,1678932097
27,244,3,1679633038
27,231,5,1680498202
27,46,3,1684408609
27,192,4,1686103874
27,107,5,1691064495
27,170,5,1692671641
28,154,3,1608914109
28,107,2,1616721311
28,128,3,1638450683
28,250,3,1659013845
28,13,5,1668394956
28,111,2,1668813925
28,19,3,1675201077
28,188,3,1675878315
28,247,2,1684827685
29,218,2,1602218788
29,111,4,1605120549
29,93,4,1607972623
29,118,3,1612705586
29,43,4,1621458154
29,5,5,1623371676
29,175,4,1630650170
29,100,4,1630705094
29,206,4,1634922936
29,146,2,1640251593
29,123,2,1641871297
29,141,3,1643638607
29,27,3,1644927013
29,88,4,1646983950
29,188,3,1648044018
29,249,5,1650757540
29,124,2,1651643326
29,85,5,1659611448
29,154,3,1661967647
29,184,2,1663447746
29,81,5,1666406372
29,39,3,1667659673
29,34,4,1671436128
29,18,4,1677568049
29,168,5,1678445045
29,25,3,1681186922
29,41,3,1682664683
29,194,3,1685939584
29,182,4,1686124157
29,221,4,1686570442
29,109,2,1688563755
29,225,3,1694493919
30,216,3,1607279670
30,233,4,1607613256
30,68,5,1609331761
30,206,3,1610991451
30,148,3,1611214264
30,176,2,1617700103
30,235,2,1619722278
30,79,4,1622443239
30,110,4,1626311970
30,93,4,1626396605
30,154,4,1627955344
30,153,2,1636920074
30,244,3,1637369541
30,185,4,1643421862
30,5,4,1643666164
30,223,3,1648451497
30,120,2,1648500295
30,182,5,1651538577
30,192,4,1652364747
30,39,3,1652945662
30,104,2,1654491461
30,34,4,1662267579
30,193,1,1664033111
30,123,3,1664652474
30,100,2,1675385822
30,222,2,1676265091
30,247,3,1677472116
30,175,4,1678693475
30,188,3,1680527750
30,140,2,1685559632
30,111,3,1687575921
30,191,3,1691928031
30,246,2,1694242898
31,112,3,1601626075
31,204,3,1604428202
31,249,4,1607320460
31,80,2,1617294451
31,46,1,1621002879
31,4,3,1621185530
31,76,3,1631402684
31,198,3,1631613101
31,206,4,1632280163
31,192,2,1643312930
31,225,3,1650103889
31,188,4,1652264368
31,94,4,1652657819
31,139,3,1655811137
31,178,3,1657562723
31,79,5,1663493402
31,50,3,1663677590
31,250,4,1669795918
31,23,2,1671527144
31,140,3,1682894750
31,168,5,1685000800
31,127,5,1688430384
32,77,3,1601430445
32,4,2,1602254632
32,76,3,1602448970
32,102,3,1604193938
32,206,5,1605357493
32,215,3,1605968950
32,25,3,1609324141
32,100,4,1609587658
32,5,4,1612495540
32,168,4,1613637467
32,34,3,1614445314
32,249,5,1615151332
32,7,4,1615766736
32,137,4,1616278043
32,36,1,1617211608
32,247,3,1618576074
32,193,5,1620004196
32,148,2,1622255246
32,30,3,1623375312
32,192,3,1625970035
32,199,3,1626024546
32,79,3,1626805529
32,121,3,1627528882
32,73,3,1628424061
32,201,3,1628825732
32,16,2,1631467308
32,210,3,1632876162
32,195,5,1633539953
32,68,4,1635172023
32,162,4,1636207638
32,56,4,1640007018
32,130,3,1641315196
32,86,2,1641409119
32,115,4,1641799906
32,120,5,1642015944
32,19,3,1647184599
32,173,5,1647894207
32,181,2,1651891753
32,109,2,1655452435
32,27,4,1657703649
32,8,2,1658044774
32,175,4,1658146126
32,89,4,1659854299
32,99,2,1660686006
32,9,4,1660986854
32,174,4,1662478290
32,188,4,1668956331
32,216,5,1669063420
32,52,3,1669268334
32,50,4,1671746874
32,232,5,1674053865
32,244,5,1674387311
32,107,2,1675655453
32,47,4,1676606187
32,94,5,1676807893
32,149,4,1679096729
32,154,2,1682394760
32,167,3,1685995027
32,225,2,1687438788
32,139,3,1687480505
32,39,5,1688906380
32,138,3,1688906448
32,146,3,1692029139
32,21,3,1692614444
32,18,5,1693761784
33,210,3,1609697375
33,139,3,1618379663
33,188,3,1618710931
33,68,4,1619479481
33,27,4,1627574125
33,174,3,1632274577
33,123,2,1633489114
33,46,3,1636101334
33,50,4,1639735877
33,206,3,1646059957
33,136,3,1649366365
33,175,4,1653595104
33,225,1,1675870821
33,138,4,1680703892
33,177,2,1689964669
34,249,5,1600929763
34,148,4,1602698191
34,100,2,1608150128
34,50,5,1611746400
34,192,5,1616444358
34,234,3,1620875789
34,250,4,1623096616
34,123,2,1625807138
34,193,5,1627459155
34,161,3,1628946852
34,72,3,1631767972
34,244,4,1643267805
34,141,4,1651705386
34,206,4,1655261221
34,235,5,1661700016
34,241,3,1666709727
34,79,3,1667662836
34,59,3,1672715352
34,28,3,1672721694
34,246,3,1672920193
34,24,3,1675516045
34,82,5,1676553543
34,175,5,1677013309
34,39,5,1678109433
34,188,4,1680216438
34,136,5,1681805846
34,109,5,1682725183
34,27,4,1682836958
34,162,5,1683021041
34,168,2,1689731653
34,5,2,1690573101
34,181,3,1692433125
35,225,3,1601172683
35,100,3,1601399077
35,13,3,1602326807
35,95,3,1607272410
35,39,4,1608449887
35,188,3,1609509130
35,145,4,1617959243
35,56,3,1624836718
35,40,4,1627359006
35,20,4,1630330017
35,54,5,1630685391
35,200,2,1640295285
35,210,2,1643917573
35,65,4,1647193664
35,18,4,1649071539
35,166,3,1649316953
35,136,5,1650981901
35,59,2,1651790536
35,93,3,1652405760
35,101,3,1656833272
35,104,2,1660365540
35,206,3,1672110612
35,123,3,1672656179
35,120,2,1675311784
35,154,4,1679893946
35,229,3,1680767383
35,111,2,1682676129
35,153,1,1684915470
35,21,2,1686369650
35,175,4,1687419015
35,5,4,1689221355
35,125,2,1691509430
36,156,2,1605067485
36,141,3,1607790004
36,175,3,1610285647
36,167,2,1618695158
36,168,3,1620452798
36,93,4,1622647066
36,192,2,1623668272
36,166,4,1624017912
36,185,4,1629090102
36,244,2,1630415512
36,69,4,1630952934
36,44,2,1632205127
36,76,3,1633538389
36,27,5,1634030431
36,221,3,1634804273
36,5,2,1636836910
36,218,2,1638551888
36,116,3,1638743647
36,173,4,1640376130
36,183,2,1644213846
36,53,3,1644444901
36,39,3,1646687111
36,131,4,1656539149
36,206,2,1656881540
36,20,3,1658977088
36,64,2,1660550245
36,145,4,1661593497
36,85,3,1662729192
36,148,3,1665334851
36,139,3,1665406225
36,101,1,1669427491
36,79,3,1670269623
36,197,2,1675242136
36,233,3,1675417293
36,50,3,1680726737
36,153,2,1684520536
36,174,3,1685340045
36,94,3,1685888992
36,232,2,1687152839
36,125,2,1689174362
36,48,2,1689526047
36,188,3,1690339712
36,158,3,1691003890
36,210,5,1691631884
36,137,4,1693468281
36,13,2,1693755132
37,232,2,1606024537
37,27,4,1606798837
37,235,5,1620641819
37,162,5,1626566692
37,163,5,1627285286
37,167,3,1627377488
37,71,3,1638461657
37,39,4,1640974482
37,94,5,1643445051
37,187,4,1655232493
37,123,4,1658192767
37,5,3,1665381044
37,188,4,1665475562
37,249,3,1670378495
37,155,2,1672274620
37,190,1,1680875513
37,76,3,1685426109
37,25,4,1689545485
38,86,4,1600232908
38,58,3,1601989752
38,123,3,1602471038
38,225,3,1602837502
38,52,4,1605733559
38,15,3,1605997344
38,21,4,1606618830
38,226,3,1609193992
38,50,3,1615194255
38,39,4,1620506128
38,27,4,1624777785
38,188,5,1627024414
38,140,2,1644402575
38,53,5,1645028126
38,156,3,1645340328
38,150,5,1645989433
38,101,3,1649833774
38,175,3,1649984243
38,154,5,1651815397
38,214,3,1654091876
38,182,5,1660970379
38,94,5,1661152939
38,152,1,1666943341
38,102,2,1667433340
38,195,3,1669213546
38,204,5,1671120628
38,41,3,1671453022
38,144,4,1678094532
38,46,3,1681407693
38,85,4,1681754423
38,5,4,1684050304
38,250,2,1684282301
38,223,2,1684311336
39,224,3,1602027479
39,102,4,1610498984
39,192,3,1615640419
39,82,3,1617776805
39,123,4,1620977394
39,77,5,1624425702
39,129,2,1628103254
39,100,2,1630827435
39,16,1,1637632492
39,15,3,1641753854
39,193,2,1647468737
39,5,3,1654826827
39,179,3,1659503073
39,188,4,1667154639
39,195,5,1668740807
39,154,4,1672337012
39,136,5,1672418194
39,182,4,1674314048
39,39,5,1681000870
39,229,3,1681945848
39,32,4,1690536560
39,168,5,1691197404
39,206,5,1692964940
40,52,4,1610241992
40,175,4,1616345693
40,177,4,1620048315
40,123,4,1626317199
40,154,4,1628950817
40,119,3,1634276394
40,208,2,1637116770
40,39,4,1653287795
40,35,3,1653302246
40,156,3,1653934456
40,152,2,1655203383
40,140,3,1658068520
40,50,3,1661151194
40,200,3,1665444098
40,184,3,1667392944
40,244,3,1669009366
40,212,1,1670444754
40,196,5,1675116422
40,168,3,1677454832
40,2,5,1681885382
40,65,3,1685977440
41,116,3,1602454652
41,103,3,1602740148
41,50,4,1603058385
41,238,2,1603695404
41,174,3,1603845020
41,53,3,1606613088
41,41,3,1607120180
41,110,4,1609243116
41,184,4,1609290394
41,167,3,1609435633
41,236,4,1610579619
41,248,3,1614322821
41,58,4,1615998366
41,152,3,1618691777
41,131,1,1621635174
41,124,5,1626026188
41,121,4,1626314003
41,157,2,1627028224
41,192,1,1628054891
41,27,5,1628375545
41,210,3,1632444289
41,79,5,1635631810
41,85,3,1635975869
41,101,2,1638850801
41,13,2,1638894118
41,160,5,1639357814
41,69,4,1641457258
41,214,3,1645649735
41,245,5,1646077186
41,21,3,1646805208
41,18,4,1648119591
41,189,3,1648576955
41,123,2,1653954715
41,136,5,1657066595
41,9,4,1657467367
41,154,3,1657723057
41,100,2,1659188029
41,112,3,1660011552
41,188,4,1662528519
41,34,4,1662781652
41,168,4,1664412314
41,221,3,1664924740
41,225,3,1669619213
41,193,3,1674183256
41,175,4,1676938061
41,109,2,1677663165
41,39,4,1678519819
41,173,2,1679632111
41,130,2,1680506778
41,47,2,1681512447
41,206,3,1684773652
41,234,3,1687903275
41,30,5,1688326486
41,218,3,1692641874
41,80,3,1694008036
41,36,1,1694388034
42,4,2,1601398563
42,175,5,1602670301
42,26,4,1602924119
42,101,2,1604405025
42,5,5,1606672477
42,141,1,1608098841
42,24,3,1608874243
42,204,2,1609465486
42,27,3,1609490636
42,64,3,1610251359
42,145,3,1611418763
42,76,2,1611590611
42,37,4,1615785048
42,210,4,1620222531
42,89,4,1621463310
42,130,2,1626401290
42,218,2,1627288977
42,79,2,1628412845
42,100,3,1633052746
42,111,4,1634561781
42,125,4,1636310613
42,247,3,1637004243
42,13,3,1637993863
42,197,3,1641750121
42,184,2,1644436198
42,19,5,1644638508
42,188,4,1644936720
42,169,4,1650258779
42,214,3,1650805406
42,154,3,1652209160
42,209,2,1655328411
42,192,2,1658855073
42,39,3,1660869403
42,54,2,1661882228
42,250,3,1669755470
42,50,4,1670096296
42,104,3,1672036306
42,242,4,1674374606
42,206,5,1683191615
42,127,5,1683406591
42,235,3,1685002666
42,179,3,1686289613
42,96,2,1686320699
43,86,1,1602491875
43,52,3,1602864530
43,232,3,1605614423
43,100,4,1606537935
43,87,3,1610129111
43,85,4,1610605962
43,27,4,1611785285
43,93,3,1612574277
43,192,2,1614867386
43,181,2,1618613254
43,125,4,1618821444
43,174,3,1619480833
43,79,3,1619714884
43,136,3,1625002352
43,157,2,1625599539
43,247,5,1625671666
43,150,4,1627578190
43,193,3,1628432944
43,198,2,1630061279
43,44,3,1630926019
43,120,3,1632302606
43,28,4,1632436319
43,46,3,1633065133
43,26,2,1634834900
43,39,4,1641870739
43,22,1,1643753729
43,221,4,1644071596
43,188,4,1644488704
43,206,5,1646706638
43,53,4,1648761127
43,140,3,1651474355
43,15,2,1656351952
43,160,5,1656386012
43,170,3,1660189887
43,200,3,1663840733
43,37,3,1664405279
43,119,3,1665337985
43,70,4,1667987468
43,167,3,1668514808
43,18,4,1668761324
43,210,5,1670102556
43,223,2,1670932110
43,61,3,1679545021
43,152,3,1686915079
43,5,4,1687204137
43,13,4,1687510961
43,130,2,1690204529
43,195,4,1690665499
43,202,5,1694220127
44,241,3,1600536643
44,242,4,1603234103
44,198,3,1603472139
44,21,3,1603543743
44,123,3,1604063492
44,181,2,1605165090
44,139,2,1607015750
44,26,2,1618024311
44,235,3,1621121664
44,1,2,1632925982
44,192,2,1636297026
44,130,2,1637829424
44,77,3,1641329451
44,23,4,1641415756
44,127,4,1648952843
44,154,3,1653358444
44,39,4,1656483433
44,186,3,1659591041
44,14,4,1663759809
44,68,4,1664514760
44,111,4,1666130123
44,219,2,1670235536
44,182,5,1674811704
44,184,3,1677425612
44,155,3,1678839661
44,206,4,1687901716
44,27,4,1692196496
44,164,4,1692436953
45,125,5,1603222306
45,50,4,1604920408
45,196,5,1605412299
45,210,5,1606407985
45,33,3,1607561742
45,35,3,1608756878
45,24,4,1610351559
45,188,5,1613726850
45,104,4,1613728136
45,226,2,1614689410
45,136,3,1618221559
45,146,3,1621294222
45,39,4,1622632156
45,202,5,1622798127
45,20,3,1624327874
45,76,3,1627892565
45,31,2,1628248703
45,101,3,1628285886
45,141,3,1629308290
45,206,5,1631843857
45,184,3,1632502896
45,155,2,1634701078
45,21,5,1634910512
45,2,5,1635109677
45,244,2,1640254977
45,224,4,1641189814
45,93,4,1642712532
45,18,5,1645216309
45,175,3,1645679266
45,64,5,1645754935
45,134,4,1648776804
45,82,3,1649132325
45,102,2,1649970259
45,9,4,1652443075
45,214,2,1653820635
45,62,4,1655778794
45,249,5,1656713786
45,234,5,1660911666
45,195,4,1661604347
45,236,2,1662247119
45,100,2,1665169454
45,200,3,1666291056
45,111,4,1667002305
45,203,1,1667170506
45,167,3,1667248146
45,48,4,1669404688
45,241,3,1669875053
45,171,3,1670007377
45,139,4,1670040512
45,52,2,1670140126
45,225,4,1670227892
45,69,5,1670324245
45,147,5,1671427726
45,192,3,1675626490
45,145,4,1676593494
45,79,3,1680125542
45,164,3,1680320947
45,13,3,1680720448
45,216,3,1681989101
45,70,4,1685410299
45,27,5,1687124639
45,235,4,1688732678
45,209,4,1689886943
45,114,2,1689942044
45,174,4,1690235973
45,89,4,1690309394
46,2,5,1606716403
46,141,5,1610038484
46,175,3,1611100964
46,173,2,1611249830
46,76,2,1616215208
46,195,3,1618876393
46,66,2,1619163066
46,69,5,1626080712
46,188,3,1633179434
46,61,5,1645756866
46,27,3,1655191380
46,111,3,1656437972
46,139,3,1661699735
46,167,4,1666414561
46,164,4,1668598234
46,125,4,1672545962
46,140,1,1673386369
46,43,4,1673712430
46,79,3,1677331850
46,192,4,1681890995
46,225,4,1683242382
46,64,4,1685500448
46,234,4,1690688420
47,168,3,1600532247
47,48,4,1602284197
47,188,4,1602556978
47,123,3,1605220928
47,135,4,1607038052
47,196,2,1611686714
47,208,4,1612064728
47,183,2,1613593520
47,54,2,1614792031
47,160,3,1615418628
47,215,4,1620067346
47,238,3,1624292670
47,193,4,1624886193
47,14,3,1628529255
47,153,3,1629067393
47,79,3,1629796288
47,210,2,1631098827
47,43,4,1631469344
47,93,3,1633726602
47,185,5,1639641154
47,206,2,1642021113
47,180,3,1644626548
47,109,4,1645843809
47,175,5,1649619159
47,39,5,1657019776
47,244,3,1657890149
47,122,5,1658229140
47,130,2,1671994683
47,138,5,1672478632
47,184,2,1673257270
47,154,2,1675311981
47,86,2,1677415094
47,139,1,1677989530
47,241,3,1678392698
47,47,2,1679537814
47,221,4,1681250713
47,145,5,1686883151
47,242,3,1688284046
47,8,2,1691351810
48,69,4,1605605112
48,198,3,1607945758
48,145,3,1615102100
48,41,3,1619281588
48,206,5,1620473991
48,26,3,1620618397
48,149,5,1621944456
48,18,4,1625915682
48,244,3,1626060894
48,46,2,1629611925
48,15,4,1635212265
48,78,2,1636636406
48,177,3,1637222050
48,79,2,1638715322
48,39,3,1638882275
48,226,2,1638919968
48,47,2,1639213682
48,93,3,1645720091
48,150,3,1645755759
48,126,3,1646471565
48,188,3,1647049994
48,175,3,1647204034
48,128,3,1647291464
48,223,3,1647939854
48,155,3,1647967708
48,52,3,1649386506
48,184,3,1654735180
48,139,3,1657024712
48,81,5,1657410705
48,193,4,1658520787
48,125,4,1660236677
48,140,3,1664802962
48,182,4,1665068569
48,243,3,1665832949
48,43,3,1667261178
48,241,2,1667772374
48,100,2,1671541995
48,123,3,1673402944
48,173,4,1674185463
48,135,4,1676155466
48,130,4,1677015589
48,229,2,1678486344
48,32,4,1680132836
48,210,4,1683159834
48,27,4,1683374888
48,50,3,1684322191
48,13,2,1687596444
48,132,4,1688287148
48,35,4,1689886159
48,97,3,1691524203
48,2,4,1694059851
49,188,4,1601843532
49,139,2,1602435645
49,184,3,1602700067
49,212,5,1603652020
49,229,2,1607729981
49,196,3,1607953724
49,123,3,1608108229
49,180,4,1608277854
49,193,3,1609561517
49,141,2,1609615563
49,210,4,1609853134
49,86,1,1610608636
49,31,3,1610938315
49,128,3,1611345712
49,140,4,1612019964
49,87,2,1616243287
49,18,3,1616382211
49,43,3,1616802793
49,228,4,1616963942
49,5,5,1617195302
49,154,2,1617435533
49,174,4,1618091935
49,6,3,1619164383
49,84,1,1619671516
49,219,4,1619909448
49,68,3,1620163218
49,199,3,1620195260
49,37,3,1622249773
49,235,4,1623662513
49,102,3,1624040926
49,223,4,1624475862
49,93,5,1624855953
49,39,3,1627064064
49,175,2,1627402060
49,32,3,1627586051
49,138,4,1627656440
49,201,3,1629398558
49,27,4,1629614900
49,120,4,1630065767
49,24,4,1630604463
49,222,3,1630945521
49,70,4,1631094615
49,241,2,1631423493
49,94,5,1632036007
49,52,3,1634707142
49,203,1,1634768179
49,79,4,1635177072
49,104,3,1637269895
49,62,3,1641201841
49,167,4,1642255562
49,247,4,1642972949
49,157,2,1645549253
49,136,3,1646448979
49,89,3,1647179660
49,206,5,1648740579
49,181,3,1648755101
49,46,5,1649345515
49,202,4,1650595252
49,221,5,1650658862
49,169,4,1651734537
49,58,2,1651922486
49,225,4,1653360300
49,48,3,1654442158
49,25,3,1655258232
49,90,2,1656321605
49,69,5,1656588940
49,130,2,1657076160
49,185,4,1657889279
49,76,2,1658050307
49,91,3,1658122628
49,42,3,1659855606
49,72,4,1660793344
49,50,3,1660887193
49,109,3,1660908495
49,53,4,1662542830
49,176,3,1663791116
49,232,4,1664578865
49,115,2,1664941302
49,2,5,1665055835
49,101,3,1665675880
49,153,2,1665958976
49,182,4,1669004268
49,189,3,1669483343
49,125,2,1671259649
49,234,5,1671565017
49,209,3,1671970259
49,150,3,1672199132
49,111,5,1672486920
49,100,4,1673733065
49,22,3,1674423655
49,13,3,1674684468
49,15,3,1675246450
49,28,5,1676572681
49,214,4,1678274960
49,244,4,1678979804
49,236,3,1678988011
49,121,2,1681877803
49,192,3,1683587097
49,132,4,1687219850
49,126,4,1687287796
49,30,3,1688533322
49,168,5,1689819021
49,249,4,1689866384
49,116,3,1689998775
49,26,3,1690226799
49,155,3,1691168762
49,134,3,1692834675
50,54,3,1617462487
50,168,4,1627098983
50,199,3,1636019109
50,225,3,1661495828
50,138,4,1670394460
50,39,4,1676029578
50,123,3,1676650196
50,192,1,1677339280
50,228,3,1680860520
50,27,4,1690283491
51,65,4,1600434092
51,111,3,1600776471
51,235,2,1601325928
51,56,3,1601516330
51,218,4,1604497355
51,234,3,1604755647
51,168,4,1606535246
51,224,3,1607135349
51,181,5,1607352474
51,101,3,1611197284
51,219,4,1612382143
51,27,5,1613463064
51,249,4,1615333688
51,124,5,1617052941
51,13,3,1617960890
51,206,3,1618308569
51,50,3,1618335811
51,79,4,1618560864
51,223,3,1620053372
51,188,3,1625230930
51,39,3,1625929765
51,184,5,1626482771
51,30,5,1630152870
51,72,4,1632163077
51,58,4,1632599874
51,2,4,1637209358
51,5,3,1637978161
51,132,5,1638609428
51,177,3,1640175575
51,237,5,1641423028
51,61,5,1641530064
51,193,3,1641765700
51,7,3,1642179666
51,46,1,1646543011
51,41,4,1646808663
51,178,3,1646980595
51,198,2,1648070812
51,86,1,1652134663
51,185,4,1653061721
51,115,3,1654023099
51,175,3,1657066889
51,140,2,1660842049
51,94,5,1662296639
51,182,5,1664966522
51,192,5,1665096620
51,203,1,1667956768
51,160,5,1669061472
51,100,2,1670368143
51,173,3,1670553846
51,37,2,1672806634
51,179,4,1673189377
51,21,3,1674664064
51,154,3,1675009434
51,209,3,1678238856
51,117,3,1683036203
51,48,3,1686329158
51,155,2,1688191931
51,89,4,1689760340
51,243,5,1693311728
51,210,4,1693727621
52,143,5,1606693477
52,210,4,1614478778
52,39,4,1617494784
52,242,4,1634429911
52,170,4,1638711549
52,138,4,1649796387
52,27,4,1651166205
52,79,3,1662516493
52,111,5,1689554507
53,123,3,1603205505
53,111,4,1604621059
53,80,4,1605643424
53,225,2,1607008305
53,188,4,1608272915
53,13,2,1614796938
53,68,3,1615984603
53,31,1,1616229075
53,140,3,1617698935
53,102,2,1625438469
53,93,3,1626548803
53,182,3,1627506130
53,51,4,1629839971
53,198,2,1631778592
53,27,3,1631927924
53,39,4,1635040350
53,200,4,1636173600
53,130,3,1642226079
53,18,3,1643556309
53,193,2,1644131002
53,106,2,1646622607
53,210,4,1659630765
53,46,5,1662315742
53,61,3,1668537105
53,154,3,1677819639
53,226,5,1679033544
53,192,3,1679356987
53,249,4,1681721978
53,6,3,1687962876
53,175,3,1692221862
54,182,3,1601351886
54,81,5,1601792063
54,126,3,1602063685
54,87,3,1602727422
54,104,3,1603237181
54,52,4,1604697172
54,250,3,1604733328
54,127,3,1604927819
54,108,3,1605822991
54,63,5,1605929253
54,139,3,1607679214
54,13,3,1609035138
54,175,5,1609054736
54,167,4,1613992565
54,237,4,1614469342
54,198,4,1615333442
54,242,2,1616924963
54,76,4,1618102342
54,221,5,1618147493
54,113,3,1619322063
54,193,2,1621038102
54,210,3,1621479663
54,124,3,1623029188
54,183,3,1624654755
54,155,2,1626802005
54,186,4,1627186147
54,174,4,1627983864
54,130,2,1628206656
54,25,4,1628314751
54,225,4,1630501157
54,206,4,1631480103
54,14,3,1632249140
54,80,5,1632500711
54,173,3,1632539461
54,164,4,1634093768
54,123,4,1636523601
54,218,2,1637487635
54,101,2,1637775274
54,204,3,1639511464
54,39,5,1640349516
54,5,3,1641548114
54,181,3,1641955945
54,208,4,1642991778
54,18,5,1644168293
54,244,3,1644863651
54,136,5,1645160332
54,35,4,1646113858
54,8,4,1647063115
54,102,3,1647207557
54,2,3,1647542865
54,30,4,1648915288
54,137,4,1649295550
54,69,5,1650543148
54,171,3,1651081050
54,27,5,1651554293
54,141,3,1652399622
54,192,3,1654319285
54,154,5,1655868013
54,20,4,1656403746
54,41,3,1656996988
54,75,3,1657730926
54,132,3,1658040483
54,54,3,1658615700
54,56,3,1658803140
54,168,5,1659776277
54,169,3,1661113062
54,153,4,1662095985
54,94,4,1666169976
54,61,5,1668975676
54,152,3,1669579619
54,196,2,1671407015
54,160,4,1671465891
54,92,5,1672655749
54,227,3,1673544616
54,161,2,1674306083
54,93,2,1674914234
54,106,3,1675425165
54,16,2,1675668907
54,15,5,1676560049
54,223,2,1677155322
54,148,1,1678860386
54,249,3,1679178637
54,24,5,1679699556
54,79,5,1679901897
54,115,3,1680565941
54,36,3,1680889850
54,150,4,1681090464
54,185,3,1681382980
54,100,3,1681480906
54,232,3,1684660276
54,230,3,1685996526
54,188,5,1687199852
54,34,3,1688248231
54,111,2,1688840632
54,50,4,1691254373
55,172,2,1600139589
55,7,3,1604843253
55,223,1,1605118319
55,154,3,1608144749
55,127,3,1612658852
55,39,3,1615762243
55,46,2,1618584167
55,5,3,1625863039
55,188,3,1625983108
55,206,4,1629089277
55,168,4,1631205276
55,10,3,1634709114
55,184,4,1634727896
55,192,4,1635141029
55,160,3,1639348986
55,141,3,1641364085
55,232,4,1641510852
55,249,4,1642121393
55,27,3,1642907385
55,61,3,1644713809
55,109,4,1647888587
55,58,3,1649804608
55,50,4,1651151322
55,120,2,1651533036
55,250,3,1652140066
55,104,3,1654680318
55,79,3,1657922529
55,225,1,1659440869
55,41,5,1659975768
55,235,4,1666074628
55,144,2,1670282927
55,16,1,1672736231
55,236,1,1673377801
55,97,3,1673798569
55,215,3,1675069781
55,177,3,1676596771
55,130,2,1683793779
55,240,2,1684749163
55,193,1,1684847154
55,226,4,1685484095
55,247,4,1686952166
55,175,3,1687911411
55,85,5,1689944045
55,132,3,1691895603
55,195,4,1693676272
56,193,3,1604375884
56,45,4,1605459564
56,184,2,1606653079
56,109,2,1610353899
56,188,4,1610616967
56,154,3,1610908195
56,201,1,1611046602
56,79,4,1614157742
56,140,1,1614347681
56,175,4,1622880035
56,148,2,1624731033
56,89,5,1625410037
56,164,3,1628397806
56,244,3,1633721679
56,53,5,1633788582
56,139,3,1634297349
56,183,1,1634334926
56,206,3,1640276562
56,134,4,1641346843
56,86,2,1642333341
56,155,2,1644723015
56,106,1,1648357646
56,104,3,1648421482
56,50,3,1650450461
56,46,3,1654023674
56,137,4,1654371224
56,14,3,1658597088
56,100,3,1660437920
56,69,4,1660509789
56,203,2,1661463985
56,125,4,1667926155
56,111,2,1670728118
56,232,4,1671349651
56,39,5,1672204676
56,52,3,1673129841
56,229,2,1677639060
56,68,5,1684067229
56,123,3,1684657807
56,85,4,1684945037
56,61,4,1686731789
56,168,4,1688574849
56,214,3,1693363875
56,27,5,1693773433
57,88,4,1601725049
57,210,3,1604737444
57,141,4,1606737238
57,8,3,1612681362
57,244,4,1621038627
57,193,3,1624390846
57,52,4,1626147140
57,184,3,1641228629
57,175,5,1641786486
57,5,5,1642997130
57,185,4,1646038303
57,37,2,1646289097
57,39,3,1654668530
57,123,3,1656051263
57,202,5,1659285519
57,41,5,1659294263
57,140,3,1659530758
57,206,3,1663480599
57,117,1,1664045320
57,228,4,1664643115
57,74,1,1664923276
57,147,3,1666629947
57,16,1,1673594643
57,130,2,1674688793
57,27,4,1678450167
57,225,2,1680003036
57,43,3,1681666514
57,15,3,1686120404
57,223,2,1687566125
57,154,3,1693292065
58,229,4,1601173620
58,56,4,1603540868
58,85,3,1605784315
58,192,1,1608007987
58,64,5,1612279821
58,97,4,1624501971
58,39,3,1631892664
58,136,4,1632106457
58,132,4,1637024285
58,138,5,1643159491
58,8,2,1643211252
58,79,3,1644396381
58,101,2,1644626813
58,210,4,1644988209
58,223,3,1645102475
58,102,3,1648507212
58,53,5,1648645254
58,107,1,1649007250
58,52,3,1650159845
58,25,3,1652243120
58,139,5,1653499330
58,80,4,1658521435
58,141,4,1668139331
58,209,4,1671263035
58,115,3,1673404648
58,226,3,1677411961
58,123,5,1678747161
58,175,5,1678858342
58,104,4,1687066926
58,27,4,1690064630
59,52,3,1601982677
59,156,3,1604475463
59,236,2,1607698164
59,188,4,1610777547
59,104,4,1613390425
59,100,4,1614960942
59,61,4,1618510097
59,21,3,1619289749
59,234,3,1620071474
59,139,3,1620731550
59,4,3,1624225806
59,182,3,1625100298
59,154,5,1625752614
59,117,4,1633794414
59,200,3,1642230291
59,175,4,1643095938
59,192,3,1643592712
59,180,3,1645273090
59,33,4,1645673842
59,95,4,1647351014
59,20,5,1654310860
59,82,2,1657052070
59,194,4,1661319701
59,41,5,1663628594
59,155,2,1665313978
59,240,5,1665676853
59,102,3,1666966230
59,177,2,1677156039
59,7,4,1678002374
59,116,3,1679907547
59,2,4,1687388991
59,225,1,1688145670
59,244,4,1688576174
60,109,2,1602582176
60,167,3,1606808798
60,139,2,1619578777
60,188,4,1619679475
60,93,5,1621041057
60,232,2,1623512583
60,125,2,1628220601
60,220,4,1632076851
60,79,3,1634553255
60,5,4,1635150078
60,134,3,1635681289
60,101,1,1636851979
60,76,4,1641416380
60,21,2,1656077667
60,111,3,1660622953
60,250,5,1661160545
60,110,3,1663605302
60,175,4,1670410611
60,140,3,1670561985
60,34,3,1673777195
60,27,5,1678872472
60,105,2,1683725725
60,100,4,1684111496
60,130,4,1690088229
61,54,2,1602966326
61,33,2,1604198302
61,152,3,1604457883
61,174,3,1605635882
61,39,4,1616983498
61,206,4,1617093714
61,199,3,1619674458
61,104,3,1624048467
61,179,5,1628552448
61,194,5,1632663443
61,175,4,1638382738
61,160,5,1639034054
61,79,4,1639452466
61,139,2,1647337744
61,198,3,1648216681
61,101,2,1649284915
61,5,4,1650493898
61,92,3,1654256309
61,41,4,1656283761
61,168,3,1657548511
61,27,5,1659011800
61,192,4,1659149924
61,97,3,1662087939
61,210,4,1664418474
61,226,4,1664856977
61,190,1,1665975751
61,157,2,1671518075
61,65,4,1672551417
61,30,3,1673806248
61,184,3,1683721317
62,153,2,1600910826
62,136,5,1603979439
62,14,3,1608129210
62,68,4,1610812245
62,72,3,1616393238
62,81,4,1619740051
62,145,4,1619768269
62,100,2,1621258120
62,188,5,1623416273
62,175,3,1626123128
62,107,4,1628363104
62,216,3,1629407853
62,44,4,1631285152
62,53,5,1631881617
62,36,2,1635214540
62,183,2,1636516373
62,91,3,1638259732
62,18,3,1641626593
62,141,3,1646013658
62,69,4,1647765793
62,101,3,1657027406
62,195,3,1658752537
62,80,3,1659242727
62,200,4,1662398570
62,163,3,1667106168
62,96,2,1667214015
62,115,1,1668257315
62,52,4,1669430746
62,174,4,1670341465
62,57,4,1673820097
62,241,3,1677665396
62,160,4,1679509888
62,208,4,1686449648
62,130,2,1689269746
62,27,4,1690320335
62,61,4,1690747115
62,39,2,1694504181
63,244,4,1601388530
63,109,3,1604176107
63,154,2,1606308547
63,139,3,1619206492
63,218,2,1621728166
63,48,3,1625879772
63,69,3,1630843778
63,232,3,1632566908
63,53,4,1641644236
63,39,4,1641826374
63,249,3,1648815423
63,56,4,1649724717
63,73,3,1659468112
63,203,2,1659649890
63,153,3,1662748567
63,87,3,1675918555
63,120,2,1676983560
63,192,3,1677195781
63,226,3,1681304158
63,62,1,1682470502
64,123,2,1605694829
64,111,3,1606945240
64,241,1,1610988259
64,89,4,1612370401
64,201,3,1622314905
64,57,3,1627370880
64,229,4,1630645747
64,175,4,1630692430
64,9,4,1636856000
64,32,2,1639144920
64,125,2,1647786289
64,93,3,1648336688
64,236,3,1651981963
64,79,4,1662204055
64,206,4,1663772187
64,85,4,1678991210
64,235,5,1681460241
64,13,2,1682853974
64,21,3,1685184004
64,250,2,1686637094
64,180,4,1686656058
64,53,4,1693596402
65,147,3,1619612390
65,87,1,1628054170
65,79,4,1628095917
65,218,2,1628977302
65,154,2,1635924719
65,249,3,1640919782
65,229,4,1641438533
65,160,4,1643436724
65,227,1,1647958944
65,136,4,1651495137
65,140,1,1654436446
65,13,4,1663335755
65,130,2,1663578611
65,20,4,1666071517
65,179,4,1666324859
65,221,4,1680802388
65,5,4,1686406001
65,184,3,1691569551
66,187,5,1608149045
66,226,5,1610481637
66,225,2,1611536686
66,192,4,1612946980
66,210,5,1613968007
66,160,5,1618080941
66,82,2,1619914229
66,213,3,1620669427
66,200,4,1620864756
66,175,4,1621046715
66,27,4,1622828083
66,237,4,1623890322
66,198,4,1624066772
66,130,3,1624330497
66,188,3,1628327594
66,136,4,1631693137
66,250,3,1634830420
66,21,3,1638214252
66,25,5,1638500041
66,50,4,1638668753
66,249,4,1647290880
66,53,4,1648687678
66,87,2,1651997529
66,177,2,1655924007
66,123,2,1657097438
66,107,3,1660712264
66,39,3,1660909552
66,93,3,1661402791
66,19,5,1664666585
66,214,4,1666184341
66,246,3,1666449464
66,203,4,1666767815
66,98,2,1673081772
66,101,2,1682143367
66,125,3,1686380727
66,111,4,1686390215
66,26,3,1687905862
66,18,3,1690212636
66,232,4,1690951852
66,100,3,1692029340
66,174,3,1693586673
67,190,3,1602989395
67,5,5,1603909729
67,242,3,1604750760
67,210,3,1607540337
67,117,3,1608771393
67,50,2,1610195446
67,100,1,1610365145
67,54,3,1611018947
67,214,4,1612578283
67,243,2,1612586322
67,223,2,1615834446
67,193,2,1618814972
67,200,3,1619995229
67,8,2,1620346165
67,79,4,1623020895
67,169,3,1626258641
67,226,1,1628553386
67,145,5,1631179686
67,107,2,1631255635
67,6,2,1632966058
67,154,5,1635877883
67,85,4,1638340767
67,69,4,1638731416
67,202,5,1639749710
67,43,3,1641831635
67,52,4,1642608685
67,88,4,1644182661
67,141,4,1646509524
67,248,3,1647172437
67,225,4,1648373814
67,2,5,1650871922
67,31,4,1650938531
67,137,5,1651606884
67,109,4,1653874889
67,39,4,1655427734
67,192,4,1658577409
67,48,2,1660245482
67,182,4,1661812635
67,235,5,1662936896
67,18,3,1665567637
67,152,5,1667782156
67,175,4,1669272124
67,177,3,1672265496
67,56,4,1672569504
67,249,4,1674407022
67,27,3,1675039666
67,197,2,1675803266
67,143,2,1679751251
67,125,2,1680403099
67,110,3,1682712253
67,46,3,1685405987
67,188,3,1686553061
67,139,3,1687285393
67,104,3,1689388905
67,115,3,1693503749
68,164,3,1601717138
68,39,5,1602188730
68,250,3,1602493981
68,195,4,1603011457
68,247,3,1607512578
68,157,3,1607818309
68,202,3,1611721193
68,181,2,1614359131
68,94,3,1615159747
68,225,2,1617587518
68,229,3,1619224247
68,36,2,1619480269
68,141,2,1619546084
68,99,3,1622879282
68,139,4,1623139019
68,26,3,1623291858
68,104,4,1625182916
68,244,5,1625441240
68,236,2,1626966736
68,230,3,1631681326
68,132,4,1634828704
68,102,3,1639900751
68,191,3,1644328365
68,121,4,1645743576
68,54,4,1645804558
68,46,3,1646067001
68,188,3,1647704018
68,79,4,1649089784
68,68,4,1653275313
68,98,3,1656703076
68,206,5,1657541647
68,93,3,1660837260
68,138,3,1662076293
68,106,1,1662094756
68,224,4,1665354675
68,61,5,1667224979
68,154,4,1668074191
68,50,3,1668257322
68,101,2,1673060901
68,10,3,1673948724
68,145,2,1674508941
68,140,1,1676869567
68,175,5,1677747527
68,27,3,1679821121
68,88,5,1682279628
68,13,4,1682906280
68,231,3,1687473959
68,41,4,1688753629
68,155,2,1692411195
68,105,3,1692758786
68,109,3,1693626857
69,61,4,1600612509
69,136,4,1602765204
69,57,5,1602868927
69,101,2,1603378995
69,27,4,1605833283
69,225,3,1611032359
69,154,3,1611244478
69,215,3,1613136997
69,130,2,1615767498
69,249,5,1617654586
69,192,3,1617789424
69,93,4,1618060828
69,124,4,1618252428
69,210,5,1618280573
69,109,3,1621771511
69,183,2,1622344045
69,100,3,1624946447
69,18,2,1625401401
69,8,2,1625764030
69,182,4,1626467988
69,219,3,1626888693
69,72,5,1628541261
69,244,5,1629696069
69,123,2,1629938218
69,137,3,1630333346
69,146,3,1630873030
69,226,4,1634086440
69,155,3,1634688062
69,125,3,1635203893
69,193,4,1635229069
69,141,2,1635664200
69,169,3,1635787511
69,222,4,1636431255
69,168,3,1638319119
69,33,4,1643278735
69,250,2,1643795309
69,104,4,1644429973
69,76,2,1645503374
69,221,4,1646054631
69,4,3,1646685942
69,232,3,1650239747
69,236,3,1650301305
69,89,4,1650721173
69,235,2,1653790128
69,173,5,1654198268
69,175,4,1654720146
69,139,2,1657700721
69,52,3,1659414905
69,152,3,1659592903
69,39,4,1661090774
69,53,4,1662472857
69,206,5,1664894018
69,5,4,1666451383
69,237,3,1667529663
69,157,1,1670756706
69,17,4,1671152477
69,145,4,1677618507
69,24,4,1680914442
69,185,5,1684310191
69,32,4,1688273760
69,186,5,1692288532
69,58,2,1692681516
69,184,2,1693305995
69,188,5,1693415517
69,45,4,1693574532
70,136,5,1601587315
70,231,5,1602615753
70,135,4,1602895001
70,223,2,1604139779
70,98,3,1605574826
70,124,4,1607456100
70,204,4,1607532528
70,212,3,1608582501
70,13,4,1609443411
70,154,5,1609527129
70,155,2,1609768065
70,206,3,1613180472
70,100,2,1614021532
70,21,4,1614313726
70,39,3,1614628222
70,210,5,1615521897
70,76,2,1615548127
70,30,4,1616818925
70,131,4,1617110522
70,180,5,1617260016
70,80,4,1621740274
70,141,2,1626439614
70,208,3,1627497130
70,132,4,1631100875
70,46,4,1633466909
70,139,3,1634949451
70,5,4,1636028977
70,72,2,1638094900
70,184,4,1641064180
70,53,5,1641637925
70,157,2,1645904601
70,247,2,1646728805
70,140,2,1647386213
70,175,3,1648035418
70,168,3,1654023969
70,61,3,1656290194
70,221,3,1657109802
70,198,2,1658917339
70,207,4,1659795531
70,27,5,1659843352
70,188,5,1661599270
70,109,3,1664569709
70,18,5,1669308266
70,50,2,1673669631
70,193,5,1677050885
70,250,3,1677505118
70,246,4,1690132930
71,86,3,1601016138
71,197,2,1604044473
71,232,3,1607469117
71,175,5,1608521067
71,25,4,1614574428
71,126,2,1615009307
71,2,4,1615228774
71,85,5,1615390120
71,71,5,1617329374
71,97,2,1622778554
71,188,4,1624942276
71,105,1,1626243029
71,13,5,1626731569
71,106,2,1629948111
71,139,4,1630175846
71,52,5,1630481688
71,136,4,1634908528
71,135,4,1637586886
71,184,2,1638331557
71,248,5,1642551903
71,230,4,1644462152
71,145,4,1645516550
71,65,4,1647563124
71,39,5,1650610494
71,192,3,1652558198
71,50,3,1656922107
71,79,5,1657475854
71,78,4,1661372164
71,226,4,1662151453
71,93,3,1666158452
71,107,2,1670109061
71,20,4,1673924040
71,140,1,1674167049
71,154,4,1674584194
71,130,3,1674923434
71,132,2,1675450769
71,46,2,1681694068
71,204,2,1681736525
71,244,4,1682686483
71,206,3,1689019874
71,100,3,1690281272
71,134,4,1690963215
72,70,4,1601056290
72,179,3,1602352050
72,93,3,1608876893
72,244,4,1610581225
72,181,3,1612370939
72,140,4,1612717206
72,226,5,1613928446
72,132,3,1618067881
72,98,2,1621716966
72,101,3,1625032204
72,79,2,1626607455
72,91,2,1627530980
72,235,3,1629721239
72,177,3,1632528729
72,176,4,1633625821
72,123,3,1634855313
72,3,4,1637627010
72,78,2,1640523806
72,50,4,1643921759
72,39,4,1645055679
72,110,5,1646077470
72,48,3,1647321951
72,136,4,1648516310
72,18,2,1652607795
72,206,5,1655069150
72,210,5,1656030940
72,152,2,1657892014
72,76,3,1658205552
72,100,3,1659109409
72,221,2,1661442681
72,137,3,1663770462
72,65,4,1666923744
72,199,3,1667563005
72,190,1,1668455658
72,188,4,1670001302
72,21,2,1670295737
72,52,3,1682662833
72,249,4,1682768639
72,155,4,1682853018
72,46,4,1687072655
72,94,5,1689554087
72,109,2,1692551963
72,198,4,1693859600
73,175,3,1600200363
73,225,5,1604645339
73,117,4,1605594068
73,32,3,1607824691
73,39,4,1607871189
73,93,4,1609169964
73,100,2,1610386666
73,194,3,1612139476
73,192,5,1618506420
73,24,4,1618854789
73,168,5,1643520469
73,123,3,1643608537
73,193,2,1643732818
73,188,3,1645424343
73,231,5,1649137945
73,85,3,1650422581
73,250,5,1650489772
73,132,2,1655852057
73,31,2,1656688166
73,110,3,1658598806
73,178,4,1664649425
73,3,1,1666513283
73,36,2,1669661576
73,125,2,1670367702
73,50,4,1677909477
73,249,3,1681361610
73,202,4,1681494302
73,148,2,1683126369
73,13,3,1688141041
73,79,4,1690792431
74,179,3,1600732990
74,5,4,1603777125
74,167,2,1604780182
74,81,5,1612195661
74,26,2,1613676803
74,169,4,1616550874
74,176,4,1617144982
74,151,3,1617396457
74,168,2,1624162518
74,157,2,1626782282
74,50,5,1629734810
74,184,4,1638387457
74,204,2,1643468022
74,85,3,1646007056
74,110,3,1650452222
74,18,3,1650614160
74,33,3,1657356185
74,182,5,1663201631
74,16,1,1663582000
74,129,3,1670026656
74,180,4,1671998222
74,175,4,1672368817
74,53,3,1674891671
74,27,5,1674894614
74,123,2,1676852933
74,136,4,1678353156
74,39,4,1678488781
74,56,3,1685984945
74,79,4,1687909586
74,107,5,1688440488
74,196,2,1689516527
74,162,4,1693252268
75,111,3,1601941251
75,23,4,1602142548
75,249,2,1603095862
75,178,2,1603361246
75,62,2,1603738694
75,208,5,1603846583
75,33,5,1604159663
75,43,4,1605979737
75,140,1,1606987793
75,202,2,1607372273
75,175,4,1608161696
75,47,3,1608611241
75,1,4,1610600875
75,145,4,1610907756
75,167,4,1611123616
75,203,2,1611782734
75,235,3,1613198110
75,131,2,1613477991
75,141,2,1613805633
75,126,2,1614549592
75,181,3,1614658830
75,194,2,1614763321
75,100,2,1615104560
75,229,5,1615885295
75,27,3,1615886598
75,228,4,1617740313
75,5,2,1618208545
75,21,1,1619346932
75,36,3,1619830078
75,139,5,1620903204
75,76,4,1621986929
75,74,3,1622653096
75,201,5,1623629638
75,69,5,1623929807
75,46,2,1625593206
75,232,3,1626426864
75,86,2,1626945347
75,221,5,1627578898
75,11,3,1627740145
75,155,3,1629473482
75,45,3,1630144264
75,214,3,1631202951
75,52,5,1631243746
75,34,3,1631308257
75,123,2,1631926251
75,246,3,1632465470
75,130,3,1634259768
75,236,3,1634475802
75,174,4,1634927105
75,168,3,1635960300
75,152,4,1636298643
75,195,5,1638199365
75,198,3,1638847536
75,59,4,1639367864
75,244,5,1640931557
75,50,3,1641022335
75,79,4,1642096834
75,128,3,1642141585
75,173,3,1642231901
75,88,4,1643652822
75,184,3,1644646314
75,200,5,1644850533
75,171,4,1645325733
75,81,5,1646080316
75,136,3,1646442316
75,237,2,1646720611
75,225,2,1647047950
75,39,5,1648284937
75,102,2,1648322657
75,58,2,1648410677
75,57,4,1649183787
75,78,4,1650726817
75,134,4,1651044818
75,219,2,1651690699
75,68,5,1652224392
75,89,5,1653627775
75,206,5,1655806167
75,48,4,1656483722
75,109,4,1657085186
75,192,3,1657415921
75,226,2,1657961578
75,85,5,1658290236
75,125,4,1658381286
75,31,2,1658390203
75,124,5,1661719732
75,6,3,1661725511
75,94,3,1662392335
75,148,2,1662891797
75,143,5,1662999630
75,196,3,1663541971
75,158,2,1664297169
75,241,2,1664615975
75,104,4,1665074056
75,199,2,1665153833
75,234,4,1668622624
75,35,4,1668755854
75,210,3,1669879664
75,15,2,1671132845
75,56,3,1671756142
75,55,3,1671863483
75,83,2,1672969886
75,2,4,1673382667
75,170,5,1673779426
75,193,2,1675230768
75,180,2,1675334964
75,179,3,1677184107
75,182,4,1677319144
75,146,3,1677402482
75,247,2,1677810775
75,231,5,1677945624
75,93,4,1678664520
75,61,5,1678819874
75,28,4,1678876773
75,153,3,1681377447
75,187,3,1681508678
75,157,3,1683740245
75,91,4,1684398424
75,105,2,1685713951
75,188,4,1686085882
75,41,2,1687059675
75,250,3,1688125732
75,138,4,1688316586
75,13,4,1688384903
75,53,3,1689067457
75,154,5,1694114647
76,50,5,1600271752
76,231,5,1604235330
76,192,3,1605019563
76,37,3,1607005353
76,181,2,1612652704
76,27,4,1616627687
76,123,3,1623031252
76,86,3,1627336272
76,9,3,1629248898
76,18,5,1631387919
76,182,2,1631878505
76,120,2,1641294033
76,36,1,1642451698
76,225,2,1644312309
76,132,3,1645044815
76,20,4,1647432783
76,214,2,1653509280
76,230,3,1654763752
76,188,3,1655148504
76,250,3,1656797239
76,210,4,1658517739
76,68,3,1666335755
76,235,3,1669111175
76,134,4,1670928252
76,26,3,1672113937
76,154,3,1674035831
76,56,3,1674783392
76,206,2,1675874375
76,125,3,1678078538
76,83,2,1680408750
76,93,3,1681231815
76,61,3,1681589308
76,39,2,1682016987
76,190,1,1683660109
76,101,4,1684713834
76,175,4,1693822215
76,79,3,1694074642
77,195,4,1608672861
77,154,3,1609393425
77,188,3,1617246966
77,115,2,1618153231
77,68,3,1628146746
77,35,4,1628927539
77,203,3,1633342037
77,249,3,1636506846
77,79,3,1637902386
77,125,4,1643403776
77,192,4,1644323387
77,11,4,1647014657
77,58,2,1647409782
77,184,2,1648671783
77,219,2,1662518073
77,248,3,1666193332
77,15,3,1666570201
77,18,3,1666980867
77,5,5,1671356861
77,39,3,1672007896
77,136,3,1676833787
77,124,5,1680210854
77,179,4,1683241069
77,54,4,1683278759
77,69,5,1683360064
77,50,3,1683807899
77,76,3,1684709004
78,165,3,1601125767
78,100,2,1601242601
78,52,3,1601257382
78,137,5,1601593234
78,22,4,1606997964
78,21,4,1608091773
78,50,4,1611776910
78,109,5,1617070208
78,93,4,1617927615
78,154,4,1622739283
78,94,5,1623974458
78,125,2,1628512495
78,139,2,1631638090
78,175,4,1632546826
78,97,4,1633309307
78,25,4,1636315019
78,226,3,1639107888
78,184,3,1643014390
78,27,4,1644519073
78,193,3,1646614832
78,141,5,1647622730
78,106,2,1649583650
78,182,3,1650993919
78,5,4,1652134010
78,188,4,1657374319
78,61,3,1659143897
78,79,4,1660122918
78,198,2,1663185079
78,39,5,1664959218
78,104,2,1665590438
78,87,4,1666459846
78,208,3,1667569435
78,110,3,1675932654
78,207,5,1676241753
78,200,5,1677354823
78,235,5,1683740264
78,123,4,1684697118
78,180,2,1685707980
78,65,4,1688506972
78,20,3,1689245447
78,111,2,1690095818
78,140,2,1691644000
78,166,3,1694104700
78,244,3,1694321500
79,104,3,1600932016
79,21,2,1601544657
79,70,5,1602170940
79,152,3,1605216083
79,47,4,1608054301
79,82,2,1612858816
79,189,4,1615718336
79,79,2,1620053188
79,43,3,1622134540
79,85,3,1624996604
79,54,2,1627183061
79,2,5,1629113829
79,188,4,1633782316
79,59,3,1637353487
79,97,2,1637849670
79,124,3,1637886487
79,227,4,1640308924
79,206,5,1642598723
79,7,4,1645942382
79,185,4,1648167902
79,46,3,1648543595
79,193,4,1651400886
79,9,5,1653611374
79,86,3,1654514198
79,64,4,1654570543
79,123,3,1654923249
79,93,4,1655657626
79,139,3,1656063000
79,39,4,1656413536
79,5,4,1656617549
79,241,4,1658045806
79,232,4,1658447973
79,30,1,1658966661
79,13,1,1660065387
79,34,4,1661929744
79,111,4,1664358328
79,3,4,1665540746
79,225,4,1670457832
79,80,4,1672398303
79,218,3,1679026361
79,226,4,1679424313
79,173,4,1681347424
79,100,3,1681633321
79,175,2,1682225301
79,65,3,1686962317
79,76,4,1688573037
79,243,3,1688653857
79,4,3,1689865413
79,209,3,1691922838
79,101,2,1692424203
80,244,3,1603077885
80,89,4,1603369674
80,123,3,1616741750
80,21,3,1633429155
80,25,4,1640480370
80,69,3,1646653411
80,101,2,1647659159
80,111,5,1649884093
80,39,3,1661807098
80,195,4,1662231695
80,61,3,1666129898
80,2,5,1667435825
80,48,3,1676139447
80,225,2,1678645371
80,15,3,1684106422
80,228,2,1693533745
81,182,5,1601922382
81,154,3,1602753285
81,192,4,1603121366
81,139,2,1604239050
81,149,3,1604819525
81,79,4,1604887381
81,198,3,1606279421
81,39,4,1607406204
81,70,3,1608672200
81,53,3,1609425568
81,10,3,1610939083
81,90,1,1614399561
81,148,4,1614492522
81,165,5,1615724727
81,175,4,1616860977
81,211,2,1620106870
81,109,3,1622996702
81,66,3,1623770765
81,127,5,1623790862
81,218,3,1625797084
81,188,2,1629137299
81,184,4,1632014980
81,56,3,1633353436
81,133,3,1634060006
81,1,2,1637248125
81,138,4,1637761794
81,31,2,1639125656
81,106,1,1640958744
81,195,3,1642397295
81,168,4,1642959919
81,124,4,1644185289
81,142,5,1645132648
81,136,3,1648659312
81,140,1,1651192432
81,46,2,1652305363
81,104,5,1652386647
81,52,3,1652851513
81,85,4,1653935613
81,207,3,1654808319
81,5,3,1656951040
81,86,1,1656958790
81,87,4,1657219669
81,76,3,1658049599
81,61,3,1661153320
81,164,3,1661867360
81,2,3,1661953980
81,107,4,1661961150
81,221,3,1662421082
81,18,2,1663186639
81,88,5,1664868369
81,100,3,1667881129
81,50,3,1670683385
81,167,2,1670824540
81,13,4,1671018972
81,223,3,1672097316
81,145,4,1680007258
81,89,3,1684011607
81,16,1,1684238853
81,48,4,1688576125
81,65,5,1689210045
81,64,3,1691119585
81,36,2,1691288743
81,128,3,1691537723
81,232,2,1691677225
81,249,3,1692997803
81,123,2,1693302180
81,141,2,1694278298
82,249,3,1606014387
82,188,3,1610299555
82,53,3,1610501011
82,85,4,1612542780
82,126,3,1614640051
82,175,4,1615830793
82,192,4,1616392394
82,76,3,1618994650
82,168,3,1628673860
82,18,2,1639622224
82,94,4,1640295485
82,214,5,1643644734
82,111,4,1645219942
82,31,3,1648197168
82,186,3,1651584627
82,206,4,1654934827
82,27,5,1660060913
82,193,3,1663606060
82,178,4,1668548725
82,127,3,1670580248
82,50,3,1670804084
82,221,5,1673923758
82,15,2,1679972232
82,32,3,1683085041
82,225,3,1683442023
82,218,5,1684342368
82,141,3,1684484518
82,81,4,1684576590
82,154,3,1686327351
82,39,3,1693672377
83,123,2,1601709428
83,50,3,1603183280
83,125,4,1620664068
83,94,4,1621602894
83,154,3,1631056924
83,76,3,1632210505
83,139,3,1636273268
83,109,2,1636768276
83,39,4,1643236033
83,137,5,1649393938
83,146,5,1651547240
83,6,3,1653863692
83,10,3,1661923086
83,241,1,1663095858
83,157,3,1664917317
83,13,2,1666174826
83,102,4,1668126887
83,113,4,1672025722
83,27,5,1678458611
83,214,3,1680803197
83,115,3,1682654297
83,235,3,1684906425
83,4,3,1685976785
83,175,2,1688882916
83,168,4,1688953437
83,188,1,1690419949
84,130,3,1601551789
84,109,4,1603136735
84,39,4,1603426922
84,107,2,1603989596
84,18,3,1604786311
84,182,3,1605140490
84,52,4,1605371233
84,214,2,1605415757
84,111,5,1605889359
84,79,2,1608276923
84,229,2,1609068720
84,244,4,1609727068
84,249,4,1609727624
84,174,3,1611193523
84,162,2,1613313868
84,236,2,1613439139
84,21,4,1614152316
84,13,3,1615714710
84,210,5,1618160569
84,76,3,1618790538
84,206,5,1619895404
84,155,4,1621537438
84,250,3,1623624203
84,190,1,1625787577
84,212,3,1627790147
84,168,4,1631056620
84,166,4,1632544593
84,31,3,1634247041
84,167,3,1634322681
84,125,4,1635362866
84,17,3,1636672343
84,188,4,1637698096
84,241,2,1638079659
84,100,4,1638720372
84,50,3,1639251925
84,156,2,1640233370
84,209,3,1643695807
84,86,2,1644145177
84,140,5,1644309908
84,145,3,1644378111
84,27,5,1649048733
84,235,3,1649139472
84,205,3,1651698132
84,9,4,1651929821
84,154,3,1652039414
84,5,4,1652639652
84,153,2,1653273045
84,15,2,1656273496
84,93,3,1656710656
84,192,3,1659819965
84,133,3,1660067213
84,187,4,1660349429
84,232,3,1662025936
84,179,2,1663533183
84,78,1,1664186720
84,248,2,1669839435
84,123,3,1671433399
84,157,2,1671454418
84,80,2,1673759801
84,146,4,1674565165
84,139,4,1674768123
84,141,3,1676227624
84,102,5,1676771393
84,131,3,1676925623
84,159,3,1677576436
84,228,3,1683806680
84,53,5,1684100097
84,177,2,1684733472
84,175,4,1685640980
84,89,3,1686903244
84,94,5,1692680084
84,48,3,1693226970
84,104,3,1693526931
85,225,2,1602604693
85,109,3,1602988500
85,210,4,1605535079
85,175,4,1608007975
85,43,3,1608588034
85,138,3,1612204353
85,94,3,1618479057
85,110,5,1618963038
85,195,5,1621529027
85,196,3,1623867699
85,136,4,1623889670
85,188,3,1630609300
85,104,3,1630862208
85,206,3,1635008256
85,93,5,1638039815
85,112,3,1639203089
85,39,3,1641419240
85,5,4,1641438800
85,130,3,1643696882
85,18,4,1645790124
85,173,3,1646051498
85,24,5,1647119351
85,13,3,1648403976
85,37,3,1652376540
85,212,2,1653562057
85,187,2,1654085184
85,139,2,1654769252
85,160,5,1658773711
85,200,4,1660078847
85,123,3,1660482641
85,198,3,1661058200
85,193,5,1661974795
85,134,4,1664676463
85,192,4,1667682375
85,140,3,1668381989
85,21,3,1669362657
85,50,4,1670100989
85,129,3,1670344811
85,221,2,1670733113
85,154,2,1671747299
85,58,3,1672876710
85,87,2,1674519874
85,166,3,1675720897
85,137,3,1675794913
85,2,5,1680208575
85,118,3,1681964113
85,65,3,1684395874
85,236,2,1684564550
85,124,2,1685228585
85,81,5,1689552086
85,180,3,1690559518
85,145,2,1693363216
85,100,3,1693403947
85,182,4,1694396695
86,100,3,1600587831
86,123,3,1604651692
86,208,5,1607177709
86,107,4,1617919998
86,104,4,1624867506
86,166,5,1628397769
86,102,2,1641523684
86,223,3,1645531379
86,79,5,1645702827
86,39,3,1654001391
86,203,2,1662123220
86,111,2,1662900847
86,106,2,1676980585
87,206,2,1600405356
87,13,3,1601393490
87,38,3,1601785396
87,3,2,1602804933
87,11,3,1604120200
87,221,2,1604935065
87,190,1,1605362341
87,139,2,1605790589
87,119,3,1609162874
87,89,2,1610345016
87,65,4,1610489622
87,196,2,1610922908
87,54,3,1615039041
87,105,2,1615188400
87,148,3,1615418972
87,138,3,1616020232
87,10,3,1616299496
87,226,2,1617063711
87,182,4,1617103277
87,50,3,1618486767
87,57,4,1619118179
87,193,4,1619750669
87,71,3,1621371452
87,88,5,1622905037
87,14,2,1624267143
87,122,4,1624550654
87,231,4,1626211316
87,154,2,1627221879
87,104,3,1627991984
87,109,3,1628112695
87,75,3,1630003545
87,26,3,1630083953
87,28,4,1635477748
87,177,4,1635652464
87,234,5,1635888225
87,78,3,1636548135
87,241,1,1640317811
87,2,5,1641045857
87,175,4,1641564998
87,167,3,1641806642
87,102,4,1642944267
87,24,5,1644658425
87,83,2,1644673051
87,245,5,1645230732
87,70,3,1645308335
87,5,3,1645501683
87,168,3,1645739710
87,27,5,1646977518
87,15,4,1648196522
87,160,5,1649304837
87,249,3,1649948597
87,208,5,1650238917
87,250,4,1650952549
87,79,4,1651366479
87,53,4,1651693309
87,21,4,1651806471
87,111,2,1652052060
87,19,1,1654061506
87,69,3,1654996872
87,107,5,1655095819
87,46,3,1655889885
87,82,2,1656308833
87,136,5,1657037203
87,18,3,1657409563
87,76,1,1657444216
87,244,4,1660184324
87,9,4,1662572389
87,150,5,1663742089
87,121,3,1665146481
87,199,4,1665487234
87,192,3,1665715265
87,236,3,1667850637
87,225,3,1668359823
87,215,4,1669559773
87,155,3,1669811621
87,52,3,1670147962
87,223,3,1670280627
87,72,3,1670283658
87,145,3,1671456136
87,125,2,1674278231
87,43,5,1674674993
87,184,4,1675813533
87,39,4,1676709854
87,140,2,1676851673
87,61,4,1677885245
87,157,3,1679354904
87,123,2,1679704094
87,130,2,1681198021
87,171,3,1682623762
87,93,4,1684804410
87,188,2,1685536618
87,100,4,1686524034
87,33,2,1686886209
87,131,3,1687814968
87,17,3,1689912343
87,103,2,1691892574
87,181,2,1693807152
87,229,3,1694090005
88,162,5,1600707265
88,50,2,1601863852
88,80,5,1603104827
88,87,3,1603139272
88,250,5,1603427341
88,48,3,1605125947
88,103,2,1607236204
88,131,2,1610013292
88,146,4,1612668343
88,25,2,1613702604
88,180,3,1613797021
88,109,4,1621995810
88,76,3,1622768549
88,182,5,1623365843
88,181,3,1623599768
88,208,4,1624581714
88,230,5,1627534158
88,89,4,1628743290
88,188,3,1629181801
88,136,4,1629337242
88,81,5,1630053071
88,52,5,1630270133
88,53,3,1631769237
88,34,5,1635073846
88,232,3,1637100721
88,164,4,1637706701
88,123,4,1640020462
88,152,5,1643420059
88,175,5,1644363453
88,88,4,1648504200
88,192,4,1649556320
88,66,4,1649602720
88,79,3,1652467576
88,19,4,1653717676
88,144,4,1655387675
88,94,3,1655682582
88,238,4,1657396956
88,27,2,1657713416
88,86,1,1658088829
88,55,3,1661880644
88,185,3,1662441492
88,24,4,1663479477
88,190,2,1664855070
88,28,3,1668576593
88,160,4,1671336921
88,249,2,1672168664
88,65,5,1672775954
88,173,4,1678279368
88,244,4,1680690689
88,139,3,1681639711
88,5,4,1683356934
88,100,3,1686431297
88,39,5,1687397431
89,136,4,1600378195
89,15,3,1602821561
89,237,4,1603039763
89,100,3,1603927342
89,85,4,1605483820
89,94,5,1611799132
89,223,2,1613034882
89,175,3,1615822426
89,195,3,1617001612
89,210,3,1620468706
89,52,2,1621674629
89,205,3,1624570486
89,169,3,1626913078
89,162,3,1626949714
89,115,2,1628750774
89,81,4,1629961350
89,173,4,1631157728
89,55,3,1648009574
89,39,5,1653907748
89,123,2,1654330758
89,225,4,1672860208
89,235,3,1674691801
89,5,4,1678099151
89,180,2,1678213315
89,78,3,1683166216
89,18,2,1686187024
89,110,3,1686448304
89,206,3,1688914541
89,170,3,1689114020
89,109,5,1690170118
89,57,3,1691194199
90,120,3,1601837822
90,138,5,1601904099
90,184,3,1603000497
90,118,5,1603649101
90,33,3,1606721215
90,200,2,1606811881
90,81,5,1608545702
90,87,3,1610248204
90,19,2,1610526759
90,76,2,1610594518
90,175,2,1610787329
90,192,3,1610884821
90,155,3,1612632060
90,93,3,1614002302
90,226,3,1615796808
90,196,3,1619478470
90,109,3,1619773655
90,41,3,1620537563
90,21,3,1620618411
90,156,2,1621759548
90,206,4,1622825198
90,34,4,1623883872
90,91,3,1624015691
90,100,3,1624073011
90,127,3,1624592318
90,225,4,1625329901
90,131,2,1628828467
90,250,5,1629111460
90,79,2,1630561058
90,209,4,1631980029
90,244,3,1632416673
90,123,3,1632947073
90,167,5,1633516562
90,111,2,1633791110
90,52,3,1636500954
90,61,5,1636523492
90,130,4,1636966657
90,140,1,1638767161
90,181,4,1638910579
90,92,3,1638989611
90,229,4,1639161207
90,23,3,1639446371
90,243,5,1643166126
90,136,4,1643908830
90,216,5,1644868942
90,198,3,1645043165
90,54,3,1645223730
90,248,4,1645310407
90,48,4,1647469648
90,126,3,1649549445
90,188,4,1651443543
90,231,5,1655447733
90,31,2,1655517231
90,228,2,1656830491
90,103,3,1657527111
90,125,3,1658211540
90,173,3,1659318824
90,166,4,1659674518
90,30,4,1659737897
90,15,3,1661183037
90,68,3,1661583735
90,249,4,1661950922
90,85,5,1662399581
90,104,4,1663104427
90,13,3,1663875390
90,6,3,1664471923
90,55,3,1666007591
90,5,3,1668587206
90,27,5,1668660627
90,224,3,1669085300
90,8,4,1669168604
90,50,4,1669770939
90,169,3,1670050959
90,39,4,1670858220
90,102,1,1671719263
90,214,5,1673429119
90,72,3,1675809728
90,182,4,1678303745
90,222,3,1678677003
90,25,5,1680296324
90,107,3,1681634942
90,108,2,1682386506
90,195,4,1682508916
90,162,3,1682672802
90,22,3,1684659513
90,157,2,1684767513
90,154,1,1686007907
90,117,4,1691204186
90,164,2,1691771404
90,132,4,1692501185
90,210,3,1693341700
90,36,2,1694168202
91,12,2,1604215224
91,226,5,1609079859
91,70,3,1613082593
91,36,1,1621283402
91,160,5,1622691353
91,175,3,1622984961
91,94,5,1624944866
91,235,4,1627818566
91,111,5,1631651762
91,233,5,1634161398
91,210,5,1634656521
91,249,5,1640877819
91,100,3,1642372900
91,43,2,1644668523
91,152,3,1645918196
91,79,3,1647922129
91,27,4,1648204468
91,181,2,1659056166
91,138,4,1659077550
91,123,3,1659136219
91,93,4,1661005200
91,188,4,1662042768
91,39,4,1662653290
91,232,5,1663873083
91,225,2,1668197593
91,206,5,1668349655
91,28,5,1673976496
91,5,4,1677453056
91,244,5,1678202944
91,130,3,1680023175
91,23,4,1681941289
91,196,3,1682817205
91,33,5,1683287909
91,204,4,1685180314
91,236,2,1688235756
91,52,4,1691575183
91,14,3,1693375408
92,188,3,1602736043
92,184,4,1605546572
92,166,4,1610147761
92,111,3,1611113162
92,93,3,1614076059
92,46,3,1618109657
92,79,4,1621461759
92,110,3,1622797779
92,81,4,1622983418
92,200,3,1626876147
92,198,4,1628744766
92,47,2,1634422441
92,50,2,1634572830
92,137,4,1634860959
92,27,3,1637903973
92,123,3,1638044245
92,157,2,1648893020
92,100,2,1649576576
92,173,4,1652459590
92,193,3,1662693893
92,244,4,1669559871
92,162,3,1676727971
92,174,4,1676999171
92,76,2,1679455025
92,25,4,1683354428
92,225,3,1688345108
92,210,2,1692756124
92,39,3,1693670670
93,188,3,1602206344
93,64,2,1605389464
93,166,3,1605976606
93,39,4,1616978966
93,174,3,1619404909
93,61,3,1620230421
93,111,3,1625394877
93,175,2,1626441624
93,160,4,1629090972
93,79,5,1633006714
93,140,4,1635283999
93,13,3,1639382560
93,201,3,1644720227
93,206,2,1646506041
93,94,4,1650306365
93,182,5,1659228559
93,52,2,1659512020
93,192,3,1666816883
93,27,4,1668926186
93,136,5,1689607480
93,109,2,1691351124
94,226,3,1600529028
94,223,4,1603714809
94,8,5,1605059129
94,141,3,1605930367
94,145,4,1607126091
94,126,4,1612021571
94,111,2,1613072592
94,175,5,1614495028
94,250,3,1615759805
94,31,3,1615818676
94,197,2,1618825302
94,182,3,1619366890
94,249,4,1620864226
94,241,3,1620955513
94,109,5,1620966229
94,37,1,1621954693
94,169,4,1622235773
94,50,5,1624597559
94,214,4,1624751579
94,208,4,1625810622
94,188,4,1625843720
94,18,4,1626682600
94,204,2,1627404241
94,87,4,1627996542
94,196,2,1630141824
94,140,2,1631972623
94,76,2,1631979928
94,244,4,1634545305
94,138,3,1634782181
94,201,5,1635803197
94,155,4,1636719655
94,168,5,1637511986
94,174,2,1638763749
94,192,2,1638872205
94,232,5,1639337350
94,93,5,1642598688
94,44,4,1644734306
94,211,2,1645112687
94,5,4,1648318284
94,73,3,1660094765
94,193,3,1661914791
94,56,2,1663969721
94,221,4,1666863891
94,28,4,1668766235
94,198,3,1669154682
94,107,2,1671643810
94,52,5,1672228462
94,230,3,1672556157
94,118,4,1675590098
94,79,5,1677444449
94,21,2,1677998596
94,85,4,1678499568
94,203,2,1678710212
94,94,5,1681471124
94,27,3,1683338716
94,68,4,1683917585
94,101,5,1684901629
94,32,5,1685594951
94,39,5,1685757928
94,154,5,1690243859
94,225,4,1692540181
94,123,2,1692668021
95,15,2,1601368350
95,43,4,1602610050
95,109,5,1603054222
95,206,5,1604274175
95,230,4,1604743296
95,202,5,1607841781
95,190,2,1608799661
95,53,3,1609316803
95,72,2,1609807358
95,69,4,1614073057
95,210,5,1616360040
95,100,2,1619572510
95,186,3,1620042822
95,36,2,1621860407
95,123,3,1626038307
95,18,5,1627064616
95,192,3,1628469336
95,56,3,1634510177
95,134,4,1639956992
95,167,3,1640240227
95,157,5,1641953981
95,80,4,1642058504
95,5,3,1644420864
95,193,3,1644444851
95,164,3,1644832977
95,198,3,1644876705
95,188,3,1644999409
95,221,5,1645188428
95,200,4,1646913261
95,175,4,1647014263
95,145,4,1648070031
95,154,5,1648758971
95,242,3,1651059965
95,50,2,1652859402
95,201,3,1653261673
95,130,3,1654062016
95,138,4,1657285591
95,39,5,1659910136
95,61,4,1661194498
95,47,2,1664940114
95,178,2,1666275165
95,244,4,1669138539
95,126,3,1670026211
95,27,5,1671320731
95,93,3,1672372889
95,125,1,1673828578
95,21,4,1676195822
95,48,4,1683397945
95,152,3,1683417199
95,79,4,1687311774
95,131,2,1689302807
95,89,4,1691220212
95,225,1,1693210001
96,59,4,1602166290
96,139,5,1607041841
96,177,4,1608407658
96,93,3,1610734009
96,236,2,1611077263
96,26,2,1613454172
96,197,2,1614373786
96,34,4,1617810723
96,188,3,1617955116
96,225,4,1618896516
96,143,5,1620917884
96,94,4,1623681486
96,214,3,1624949664
96,52,5,1631374696
96,141,3,1632691141
96,198,4,1634239278
96,27,3,1639494186
96,206,5,1640648698
96,39,5,1647799357
96,21,4,1649321976
96,175,4,1650678633
96,111,4,1651441357
96,244,5,1656391046
96,85,5,1656486165
96,170,4,1665244387
96,15,2,1665287403
96,117,2,1666796839
96,18,5,1670783187
96,98,3,1671419494
96,157,2,1672022021
96,77,4,1676123074
96,192,4,1682119732
96,79,5,1682226685
96,232,3,1682515187
96,13,5,1687918905
96,231,4,1688266631
97,184,3,1600672314
97,79,3,1608922121
97,22,2,1615101759
97,223,2,1622571140
97,150,4,1637965912
97,65,3,1638732094
97,76,2,1641701819
97,203,1,1644314277
97,73,3,1657207849
97,53,4,1663384911
97,93,4,1664057187
97,5,4,1672846349
97,171,3,1674978398
97,219,3,1675071567
97,111,4,1689126510
97,39,4,1691026895
97,232,2,1693761724
98,93,4,1600460548
98,36,1,1608921516
98,207,4,1611022507
98,243,5,1611445983
98,37,3,1613979994
98,110,3,1616155215
98,192,3,1616782100
98,250,2,1617518153
98,27,3,1619032295
98,50,2,1623867336
98,168,3,1628631512
98,148,5,1629610190
98,3,4,1631063376
98,175,3,1636265222
98,39,3,1636987981
98,136,3,1640145455
98,83,2,1643194664
98,115,4,1643646399
98,153,3,1647035232
98,88,4,1647467394
98,242,3,1647999630
98,100,3,1655475886
98,63,3,1656573527
98,182,5,1657085543
98,48,4,1662034403
98,249,5,1668133914
98,162,3,1668925529
98,94,5,1669596127
98,246,5,1670750726
98,124,3,1670924043
98,166,3,1676209045
98,35,3,1679546088
98,202,3,1681415275
98,154,4,1682115424
98,188,3,1683717930
98,79,3,1685815243
98,185,5,1689682366
98,102,3,1692415133
99,128,2,1603178494
99,15,2,1612358415
99,221,4,1613361749
99,250,2,1614306338
99,249,3,1615261567
99,175,5,1620641999
99,80,4,1623235422
99,13,2,1623380564
99,50,2,1623397165
99,188,5,1625039111
99,100,1,1633679033
99,104,1,1636585291
99,192,2,1642713049
99,63,4,1643052870
99,157,1,1645212163
99,206,3,1650675960
99,200,5,1653113953
99,248,3,1653269601
99,208,4,1656495177
99,30,4,1664305562
99,27,4,1667085192
99,93,2,1667935905
99,139,4,1670976387
99,39,4,1671952703
99,142,3,1674305527
99,149,2,1675857437
99,236,2,1680127769
99,66,3,1684056103
99,114,3,1684580892
99,244,3,1688700014
100,190,2,1606426891
100,138,3,1623402535
100,188,3,1623862170
100,192,4,1625665436
100,93,4,1634990155
100,94,5,1641926550
100,199,2,1652097643
100,13,3,1656826095
100,133,5,1664618799
100,249,3,1671547038
100,175,3,1672690091
100,5,5,1674350620
100,39,2,1675348828
100,164,5,1691937716
101,53,3,1602970612
101,69,3,1609332533
101,168,5,1612030211
101,85,5,1619271239
101,206,4,1619897555
101,39,5,1626242268
101,204,3,1635935976
101,152,4,1655213208
101,188,4,1657286353
101,223,4,1673235689
101,246,2,1679525313
101,14,4,1681560571
101,216,3,1687924679
101,249,4,1690231122
101,50,3,1691278244
101,27,3,1692372053
102,154,3,1601066635
102,184,2,1603815117
102,180,5,1604539013
102,75,4,1607840604
102,143,4,1611034310
102,195,4,1611753715
102,26,3,1613555586
102,221,4,1615119885
102,22,1,1616009725
102,5,5,1618984011
102,174,4,1623151212
102,19,3,1623241942
102,118,2,1625677995
102,226,4,1627036938
102,15,2,1627396846
102,175,3,1628363708
102,139,3,1628788024
102,85,4,1628923441
102,78,2,1633104749
102,249,5,1646519890
102,248,3,1647338473
102,52,3,1647874236
102,89,3,1649126002
102,206,4,1649854195
102,93,3,1650016504
102,235,3,1650194413
102,128,2,1650346202
102,105,2,1651355442
102,63,3,1654199435
102,149,3,1654611631
102,31,3,1659759009
102,198,3,1664926302
102,188,4,1667521084
102,178,4,1667843092
102,225,2,1668224192
102,194,3,1671031260
102,109,2,1673519616
102,104,4,1673730321
102,39,4,1673797946
102,136,3,1674809638
102,164,4,1677813633
102,140,3,1678061012
102,50,2,1679083310
102,193,2,1682753727
102,27,2,1684118784
102,232,4,1685387996
102,141,3,1685770263
102,182,5,1686717290
102,210,5,1687273962
102,124,3,1688669017
102,30,3,1693025405
103,39,4,1611012335
103,13,3,1611249991
103,234,2,1619159395
103,123,3,1622546071
103,34,4,1640690233
103,17,4,1656167096
104,168,4,1600147736
104,231,5,1602626953
104,62,2,1602677377
104,54,4,1602840130
104,26,4,1603102231
104,5,2,1603117789
104,192,4,1603788231
104,27,3,1605732700
104,25,3,1606353464
104,220,4,1608609033
104,34,4,1618489401
104,18,2,1624654153
104,211,1,1624859011
104,13,3,1626223578
104,85,4,1630710960
104,182,4,1630890596
104,179,3,1632248658
104,39,4,1641744251
104,155,3,1644543702
104,61,3,1645673479
104,175,3,1658628360
104,130,3,1660262723
104,123,3,1660774086
104,188,4,1663321387
104,2,5,1663733088
104,82,3,1663759101
104,160,3,1667861143
104,204,3,1672444134
104,202,4,1672539077
104,199,3,1675060970
104,59,3,1675103699
104,43,3,1679475859
104,100,2,1682115648
104,210,3,1682198157
104,140,1,1683077221
104,28,4,1683124554
104,232,3,1684760129
104,102,2,1685372112
104,76,1,1686688146
104,154,3,1687178668
104,47,3,1690426063
104,46,2,1690443274
104,50,4,1690706491
105,30,3,1600119369
105,227,4,1604223203
105,46,5,1607691194
105,156,2,1610551456
105,109,3,1625236703
105,166,2,1626582811
105,204,2,1629594974
105,26,2,1629870110
105,182,2,1636684894
105,123,3,1637936060
105,136,3,1642395303
105,210,3,1646888764
105,152,3,1647532871
105,154,3,1648794518
105,206,4,1648827404
105,53,4,1650440834
105,247,4,1651383869
105,21,3,1660852873
105,193,3,1665790323
105,39,3,1665957595
105,32,3,1669315217
105,175,4,1671149533
105,36,1,1676315680
105,188,5,1677551666
105,244,5,1677608769
105,86,2,1687768854
105,121,3,1688924501
106,18,2,1600323396
106,16,2,1602934587
106,95,3,1607804872
106,192,3,1607961563
106,124,5,1608257858
106,36,2,1608643467
106,62,4,1611685469
106,210,3,1611775410
106,243,4,1611857796
106,109,4,1612418602
106,234,2,1613163951
106,183,2,1614131062
106,68,3,1616774853
106,224,2,1616831970
106,171,2,1618483656
106,110,2,1619023361
106,30,4,1621305325
106,193,3,1622194740
106,152,3,1623166925
106,52,4,1624588592
106,61,4,1626545641
106,17,4,1628414163
106,130,3,1629522739
106,121,4,1629789380
106,139,2,1631834309
106,125,2,1632857663
106,236,4,1634733708
106,90,2,1635013320
106,39,4,1635468063
106,100,2,1635850271
106,88,5,1638713847
106,50,2,1640352104
106,27,4,1640473869
106,182,5,1641522674
106,199,2,1643197016
106,31,2,1643408110
106,235,4,1644604854
106,250,2,1644807159
106,187,2,1646310641
106,123,2,1649541632
106,154,2,1649704782
106,191,3,1651095842
106,13,3,1651977348
106,43,5,1652082432
106,119,3,1652580468
106,53,4,1653321819
106,136,5,1654743556
106,101,2,1655167260
106,212,3,1656710668
106,140,1,1656856221
106,86,1,1657467545
106,219,2,1658532125
106,207,3,1659648960
106,94,4,1662341878
106,79,4,1663602632
106,230,4,1667368491
106,203,2,1668298862
106,65,5,1672016642
106,66,3,1673854728
106,97,4,1674977379
106,223,4,1675233914
106,226,4,1675648857
106,225,4,1675755211
106,141,3,1676706375
106,81,4,1677765211
106,175,3,1679393410
106,218,3,1679895899
106,177,4,1680465384
106,134,4,1684509276
106,104,3,1684673931
106,155,2,1684803818
106,244,3,1686052611
106,249,3,1686377602
106,195,4,1687812286
106,85,4,1691069446
106,190,2,1691563175
106,160,3,1692728771
106,188,4,1692945793
106,179,2,1693225741
106,24,4,1694315296
107,5,3,1605639482
107,16,3,1606868297
107,175,4,1615860399
107,210,3,1619969338
107,39,5,1630763073
107,21,3,1635413785
107,8,4,1643260347
107,140,2,1647151316
107,193,3,1648436633
107,18,4,1652944869
107,138,4,1655977506
107,98,1,1658935843
107,179,4,1663931918
107,192,5,1667283217
107,168,4,1668375861
107,27,3,1671377848
107,79,3,1673166292
107,160,3,1673556973
107,154,5,1673847739
107,139,3,1675825321
107,19,4,1678499319
107,2,5,1682825705
107,242,4,1684934737
108,168,3,1601981680
108,53,4,1605111041
108,39,5,1606863917
108,214,3,1607293844
108,178,2,1608034389
108,120,3,1609835025
108,25,3,1610218954
108,47,4,1610348582
108,27,5,1611276515
108,130,2,1613445575
108,89,3,1620354139
108,210,4,1621906771
108,179,4,1626575810
108,109,3,1631877434
108,54,2,1633198011
108,204,5,1633982873
108,94,4,1634551993
108,174,5,1634740515
108,100,2,1635396762
108,111,4,1635963514
108,116,4,1638097812
108,225,1,1638269822
108,200,4,1639359929
108,236,3,1639457033
108,19,2,1640264604
108,221,3,1640959211
108,48,3,1648501509
108,195,4,1649043293
108,163,3,1650061561
108,154,4,1650741906
108,51,5,1651544544
108,244,2,1651740319
108,188,4,1657350843
108,117,4,1659578566
108,150,3,1659793019
108,33,1,1660621227
108,50,4,1661849186
108,98,2,1662108603
108,69,5,1664899830
108,79,2,1667026505
108,145,3,1667084071
108,249,4,1667924152
108,128,3,1670447773
108,61,3,1671092789
108,175,3,1675843610
108,42,4,1677361281
108,5,5,1677843333
108,34,5,1677920449
108,123,4,1678233052
108,231,4,1680051486
108,67,4,1682083956
108,164,3,1682199689
108,192,3,1683208610
108,52,4,1684524863
108,43,3,1688649492
108,36,3,1689747068
108,243,5,1690113304
108,93,4,1693903002
109,154,4,1603944315
109,123,1,1607039932
109,210,4,1614378235
109,152,3,1616535985
109,85,3,1619720945
109,39,3,1619998520
109,168,4,1621428149
109,175,3,1624692038
109,5,3,1632878097
109,116,4,1633699756
109,201,3,1634603386
109,198,3,1634977176
109,182,3,1635915228
109,35,3,1640298198
109,47,2,1642778318
109,166,4,1644071507
109,93,3,1645820809
109,221,4,1648063691
109,173,4,1655168583
109,140,2,1661073882
109,54,2,1665798041
109,18,2,1668760165
109,100,2,1670429844
109,139,3,1671729916
109,50,2,1680987481
109,188,4,1681640547
109,192,3,1683437568
109,27,4,1692281872
110,109,4,1601916392
110,226,3,1602444031
110,157,4,1603108086
110,225,3,1606803472
110,192,4,1606967721
110,152,4,1613896367
110,108,3,1616721895
110,244,4,1620531766
110,202,4,1624229175
110,188,4,1627499529
110,155,3,1633372556
110,85,5,1635551822
110,148,2,1636933394
110,21,4,1641694531
110,232,2,1649031561
110,235,3,1657210400
110,39,5,1657392465
110,168,5,1659552584
110,5,3,1660752116
110,145,3,1661803445
110,221,4,1662848822
110,70,5,1663502687
110,101,1,1674714153
110,105,3,1677210613
110,200,4,1678454394
110,79,5,1678681675
110,43,4,1678805519
110,13,4,1682849477
110,123,2,1683491059
110,93,3,1686002924
110,175,5,1687809541
110,33,3,1687816462
110,100,3,1687906167
110,19,3,1688044681
110,154,4,1689911318
110,103,2,1691326659
110,27,4,1692833814
110,206,4,1694180670
110,25,3,1694182949
111,150,4,1600484210
111,109,3,1605099383
111,210,4,1609147427
111,23,2,1611901994
111,236,3,1612788734
111,21,2,1612808854
111,79,2,1617113221
111,214,4,1617953865
111,107,3,1621603923
111,229,1,1622566750
111,125,3,1623509209
111,103,2,1623673751
111,163,3,1626266556
111,232,3,1627939042
111,5,5,1629642832
111,137,3,1630043336
111,154,2,1632552861
111,61,4,1633677749
111,164,4,1635001508
111,101,2,1636014483
111,177,3,1636066550
111,206,4,1638300806
111,34,4,1642939104
111,53,3,1643573379
111,124,2,1644938053
111,93,3,1645259548
111,3,4,1646082814
111,86,3,1646978599
111,179,4,1648182249
111,36,2,1653653433
111,127,4,1656633307
111,130,3,1656881716
111,153,3,1657805717
111,18,3,1658587753
111,39,4,1660489161
111,88,5,1661078830
111,162,2,1661784748
111,80,3,1662049125
111,100,4,1669005839
111,201,3,1669477050
111,192,3,1671913382
111,180,2,1672190350
111,175,3,1674586298
111,152,2,1676487194
111,168,3,1676821457
111,182,3,1677304072
111,187,4,1679360713
111,19,3,1679488998
111,226,4,1679645703
111,189,2,1680304306
111,50,3,1680878892
111,6,2,1683215316
111,119,4,1686122687
111,188,4,1686463390
111,250,2,1686886772
111,111,3,1687677175
111,68,5,1688949187
111,62,3,1690315396
111,70,2,1692516481
111,52,2,1692965192
111,27,3,1693306677
112,225,2,1602646627
112,89,3,1609980346
112,136,4,1611217811
112,242,3,1613252196
112,179,3,1613299353
112,81,4,1613310074
112,109,3,1614215820
112,154,1,1614461646
112,188,4,1615225319
112,13,3,1616358370
112,125,3,1618578591
112,59,3,1620601815
112,244,3,1620951473
112,21,3,1621846347
112,123,3,1624352903
112,137,3,1627038313
112,210,2,1628718709
112,54,3,1631066556
112,43,2,1631287585
112,79,4,1632739114
112,8,3,1632967732
112,93,2,1641751676
112,27,3,1647067466
112,130,2,1654307711
112,206,2,1664326103
112,164,4,1682502220
112,102,2,1689028535
112,241,1,1690275011
112,18,4,1692718605
112,221,2,1693214451
112,232,3,1693758324
112,39,3,1694163355
113,46,3,1600151752
113,140,3,1600597756
113,139,3,1600838594
113,43,5,1601902229
113,109,2,1608345803
113,226,3,1608667462
113,250,2,1611404694
113,174,3,1611471589
113,237,4,1612014762
113,229,3,1613203191
113,192,2,1615796510
113,235,3,1619063093
113,154,3,1619771242
113,206,3,1620233898
113,50,4,1621716098
113,247,3,1625084892
113,39,3,1628053862
113,210,3,1628137098
113,234,4,1630539928
113,8,2,1631127436
113,232,3,1631824010
113,138,3,1632317892
113,175,4,1632677183
113,225,3,1633468472
113,93,4,1633561269
113,36,1,1633683523
113,168,4,1634205936
113,20,3,1634213438
113,27,5,1634642749
113,59,3,1637616621
113,78,2,1637626357
113,205,2,1639906995
113,240,3,1640106276
113,184,5,1642392906
113,145,3,1646155487
113,24,4,1647938361
113,80,4,1648724341
113,111,4,1649200859
113,103,2,1649221601
113,193,3,1651768607
113,42,4,1652333650
113,81,4,1652969695
113,13,3,1653357913
113,69,2,1657749260
113,100,2,1658255611
113,244,2,1660349799
113,141,3,1663306403
113,249,3,1663427689
113,15,3,1663606273
113,155,2,1664233398
113,5,3,1666460824
113,216,2,1666559157
113,2,2,1666682872
113,198,3,1667313890
113,21,2,1668261126
113,242,2,1669093838
113,156,2,1671926068
113,62,3,1674325716
113,236,4,1676950801
113,204,2,1677092003
113,188,3,1682390072
113,79,4,1684692682
113,85,4,1689378020
113,9,2,1689456009
113,94,3,1689644698
113,152,3,1690186186
113,52,3,1692298356
114,59,3,1601890116
114,154,3,1612089802
114,188,4,1617336458
114,93,5,1617903555
114,207,2,1622269083
114,100,2,1630917359
114,83,3,1637598314
114,175,4,1638050955
114,221,3,1641082668
114,86,2,1649274057
114,249,3,1650372798
114,128,3,1654023293
114,210,3,1654390610
114,39,4,1655234758
114,36,2,1655539855
114,27,5,1664257586
114,190,1,1665135663
114,157,2,1665787123
114,203,2,1666788169
114,109,3,1676825937
114,76,3,1682619520
114,195,3,1686479301
115,34,3,1600459348
115,79,3,1601714519
115,127,5,1604174577
115,244,4,1605269653
115,19,4,1607784021
115,107,3,1608341587
115,199,3,1612404836
115,47,2,1613775488
115,61,3,1616018665
115,240,4,1616478171
115,139,2,1617569053
115,174,3,1621551261
115,250,3,1622696528
115,192,3,1624490341
115,190,2,1626104999
115,27,4,1628811616
115,132,3,1630053959
115,100,4,1631980171
115,188,3,1633444337
115,210,4,1633736838
115,241,2,1635669353
115,168,3,1636452287
115,226,4,1637218984
115,124,4,1637921978
115,223,2,1645318926
115,59,3,1650900293
115,52,3,1652119470
115,171,4,1659030502
115,94,5,1665239057
115,130,2,1665616205
115,161,4,1666388400
115,48,4,1667804393
115,93,5,1674389704
115,5,4,1674860452
115,125,4,1675229724
115,177,3,1675285448
115,206,4,1679614988
115,85,5,1681349987
115,211,3,1682597780
115,232,3,1684381989
115,180,2,1685797336
115,39,4,1686231250
115,212,3,1690997307
115,18,3,1691533020
115,115,5,1692603716
115,28,4,1694298165
116,125,3,1600112627
116,15,3,1602965472
116,189,3,1605404337
116,192,3,1605528630
116,76,2,1606449056
116,154,4,1607102238
116,221,3,1607783851
116,50,4,1609063348
116,39,3,1609492866
116,223,2,1610622580
116,27,5,1617606787
116,103,3,1620372028
116,210,4,1621457742
116,46,4,1622126372
116,157,2,1622646024
116,236,4,1624276747
116,188,3,1624766338
116,123,3,1627908877
116,58,4,1628796846
116,232,3,1629578368
116,218,3,1630096175
116,115,2,1630826125
116,226,3,1631286541
116,80,3,1635921736
116,152,2,1637373984
116,43,4,1638497958
116,52,2,1640562372
116,120,1,1643160393
116,93,3,1643290959
116,70,3,1643626276
116,145,3,1648739622
116,182,4,1650492462
116,109,3,1650725143
116,186,4,1653589524
116,98,3,1653651539
116,206,3,1654924533
116,164,3,1657832829
116,2,3,1658308890
116,227,5,1659625267
116,175,2,1661999786
116,168,4,1665753226
116,102,2,1666422429
116,205,3,1666469624
116,65,3,1667965187
116,139,3,1670687103
116,136,5,1672734020
116,214,3,1672792782
116,86,2,1673608662
116,68,4,1673832533
116,140,2,1675414169
116,5,3,1677593934
116,160,3,1679059056
116,225,2,1680255031
116,235,4,1681065313
116,130,2,1682311109
116,137,2,1683521067
116,249,2,1685477023
116,128,3,1689751021
116,47,1,1691780781
116,133,3,1694396641
117,245,4,1600184670
117,54,4,1601306802
117,116,2,1608460870
117,19,3,1608898556
117,225,4,1612745056
117,86,2,1612886505
117,118,3,1613180121
117,180,3,1616627223
117,250,5,1616833111
117,68,5,1617085486
117,232,3,1626294633
117,53,5,1628423711
117,166,3,1633174832
117,206,1,1633817436
117,155,4,1635188387
117,234,3,1637886764
117,188,4,1639087552
117,168,5,1642281381
117,110,4,1645789051
117,199,2,1648662472
117,157,4,1648854072
117,190,2,1651457950
117,34,5,1651584991
117,179,3,1652069288
117,76,3,1652325795
117,71,4,1654285035
117,93,4,1655711714
117,50,3,1655782105
117,128,3,1657973736
117,218,3,1658242772
117,123,3,1658560452
117,52,5,1661475781
117,30,4,1661507231
117,223,3,1670249922
117,115,3,1671144022
117,241,1,1671204533
117,5,2,1672714135
117,193,3,1674845343
117,89,3,1675762383
117,27,3,1676341585
117,175,2,1678021221
117,102,1,1680413123
117,221,1,1681974201
117,219,3,1684365773
117,39,4,1685154920
117,192,3,1685924369
117,125,4,1686494524
117,184,1,1687411342
117,87,4,1689364511
117,82,4,1689859136
117,48,1,1691807684
117,228,3,1694602949
118,141,5,1600205299
118,192,5,1600694414
118,65,4,1601406800
118,94,3,1601446593
118,5,3,1602141006
118,120,4,1603124699
118,181,3,1603413676
118,176,5,1604060442
118,208,3,1605247388
118,127,5,1605955260
118,210,4,1606624848
118,33,2,1606869138
118,132,3,1607078753
118,52,4,1607610264
118,6,4,1610110282
118,28,4,1610421415
118,88,3,1612778703
118,102,2,1613730550
118,157,2,1616290093
118,162,4,1616480159
118,194,4,1618311727
118,131,3,1619005999
118,155,3,1619012863
118,186,5,1619446688
118,4,5,1620556561
118,85,5,1621509615
118,203,3,1622296276
118,50,3,1622438605
118,140,1,1623308573
118,185,4,1624169992
118,115,3,1625014538
118,130,2,1627069842
118,27,2,1628006819
118,30,3,1628364912
118,34,5,1629446873
118,168,4,1629922917
118,117,3,1630167839
118,139,3,1630446279
118,72,2,1631416689
118,97,3,1633214572
118,193,3,1636267893
118,19,4,1637020416
118,55,4,1637724103
118,79,3,1638058518
118,13,5,1638204313
118,111,1,1640109760
118,188,3,1640193384
118,249,3,1640503006
118,225,2,1642443068
118,81,5,1643862410
118,109,5,1644043672
118,190,1,1644519761
118,25,4,1645444552
118,226,4,1645652877
118,213,5,1647826343
118,182,3,1650724659
118,123,4,1653941652
118,179,3,1656594090
118,68,2,1656778091
118,202,5,1656937818
118,221,3,1658811803
118,76,3,1659234414
118,148,2,1659371693
118,160,3,1660421700
118,245,5,1660485209
118,66,2,1661027640
118,39,4,1661947989
118,8,2,1662197082
118,206,3,1667628115
118,136,5,1668904576
118,154,3,1670074293
118,250,5,1670511164
118,187,2,1670732068
118,229,3,1672358478
118,100,2,1673157141
118,234,3,1673341227
118,174,4,1673343469
118,145,4,1674141637
118,18,4,1675703629
118,238,4,1676422790
118,121,4,1676455024
118,93,5,1676602749
118,70,1,1678275113
118,166,3,1678606648
118,195,5,1680371898
118,104,5,1681018606
118,242,3,1681859858
118,184,4,1683349552
118,61,4,1683449233
118,175,4,1685040001
118,125,3,1685512198
118,89,3,1686222658
118,198,4,1689687345
118,14,3,1692651797
118,2,5,1692801975
118,232,1,1692899935
118,47,2,1694042031
118,36,2,1694403205
119,192,3,1601724334
119,171,5,1605212882
119,50,5,1608487560
119,86,1,1621223263
119,175,4,1623877934
119,205,2,1628038087
119,235,3,1632275938
119,155,4,1644696626
119,79,4,1649024086
119,99,3,1649188386
119,18,5,1649942549
119,178,1,1653490175
119,52,4,1653755678
119,20,4,1658231606
119,169,4,1658614963
119,238,3,1662426115
119,190,1,1667939143
119,13,1,1671555504
119,94,4,1679912663
119,154,3,1684648809
119,109,3,1684852020
119,232,4,1687133410
119,225,3,1689531309
120,100,2,1600315748
120,23,2,1611937482
120,238,3,1619003111
120,18,4,1621577230
120,138,5,1623996580
120,50,4,1632466355
120,123,5,1642038243
120,39,4,1642567088
120,79,3,1642611715
120,185,5,1646768406
120,152,3,1648626398
120,97,5,1658662413
120,27,5,1677941794
120,155,1,1684239876
120,127,4,1684350508
120,169,1,1685317308
120,225,1,1694165760
121,27,3,1600874823
121,153,3,1603279637
121,143,5,1607091478
121,188,3,1610287166
121,163,3,1616453527
121,46,4,1616856042
121,30,4,1618420554
121,232,4,1622267678
121,76,3,1624964235
121,185,5,1669819837
121,53,3,1672865709
121,216,5,1680157766
121,98,2,1682754736
121,68,5,1684414191
121,39,3,1692556690
122,52,2,1600057636
122,72,3,1602456108
122,168,4,1606428250
122,132,5,1610039807
122,154,2,1612600234
122,232,5,1615926462
122,46,2,1616308984
122,128,4,1618172090
122,28,2,1620529347
122,26,4,1620743474
122,27,4,1621870102
122,6,2,1622809810
122,69,5,1626712935
122,9,3,1629077322
122,200,2,1631247583
122,138,4,1632734230
122,131,1,1633794610
122,87,5,1634557572
122,93,4,1634977225
122,194,4,1635753751
122,88,5,1637266816
122,76,3,1637387640
122,107,2,1638103377
122,192,3,1641380249
122,68,2,1646775310
122,53,3,1647112348
122,155,3,1650638463
122,225,3,1655399302
122,169,3,1657358051
122,39,5,1657951078
122,50,3,1661618266
122,100,2,1662168593
122,230,2,1662407055
122,244,4,1664927387
122,249,4,1666169906
122,201,1,1670277298
122,198,2,1670596051
122,183,3,1671137757
122,247,2,1672189824
122,179,4,1675080883
122,123,3,1678049339
122,140,3,1678428879
122,106,1,1678470444
122,166,3,1680609588
122,18,4,1681411519
122,188,3,1682514253
122,180,3,1682827804
122,97,3,1683301739
122,101,3,1684478446
122,175,5,1686438669
122,235,3,1687235247
122,13,3,1688677142
122,110,5,1692888038
122,73,4,1694395491
123,242,3,1601265209
123,102,3,1603047047
123,72,3,1604429182
123,221,4,1608217490
123,21,4,1610520940
123,230,3,1611539704
123,50,2,1614489957
123,47,1,1616107395
123,114,1,1616440375
123,79,3,1617617226
123,111,3,1619725301
123,80,3,1620532522
123,81,4,1620834995
123,56,4,1620862727
123,31,2,1623799137
123,100,1,1627722230
123,104,4,1631257264
123,244,4,1631881289
123,110,4,1634406313
123,62,3,1634442379
123,137,4,1638102557
123,226,3,1639221534
123,35,3,1639527217
123,76,2,1640127225
123,247,4,1642814770
123,155,3,1649009135
123,139,2,1649694914
123,190,1,1649849925
123,193,4,1650216256
123,166,4,1651442044
123,232,3,1652184430
123,123,3,1652723036
123,184,3,1653202234
123,58,2,1654879163
123,52,3,1655400793
123,39,4,1655823367
123,128,2,1657081249
123,136,3,1661173517
123,41,4,1661918644
123,238,3,1663441210
123,18,4,1665463387
123,134,4,1665744527
123,225,4,1668845312
123,250,3,1668878138
123,145,4,1669526729
123,27,5,1670338721
123,57,3,1673174243
123,235,4,1673367210
123,210,4,1675789154
123,169,3,1677439400
123,192,1,1679360674
123,173,4,1681894101
123,175,3,1681918413
123,181,3,1684995599
123,34,2,1685791677
123,229,2,1686583069
123,1,2,1688128900
123,93,3,1689640564
123,10,3,1689862472
123,46,3,1689960733
123,154,3,1691286538
123,131,1,1692519548
123,180,4,1694001922
123,122,3,1694031730
123,54,4,1694412085
124,109,3,1602699302
124,175,3,1604852539
124,188,4,1607354738
124,61,3,1609597087
124,46,5,1612525855
124,140,2,1617280732
124,168,4,1617569155
124,86,3,1620161312
124,39,4,1620265820
124,89,5,1621457781
124,181,2,1622493152
124,44,4,1624338691
124,58,2,1629804929
124,100,3,1630565869
124,206,2,1630747136
124,123,5,1631608458
124,243,5,1634430354
124,185,5,1635164627
124,34,5,1635878198
124,139,3,1636107638
124,195,4,1637077224
124,13,2,1642698656
124,65,3,1649475074
124,249,5,1651003194
124,2,4,1652028703
124,125,4,1654083352
124,50,3,1661154828
124,87,3,1664507145
124,128,2,1665465169
124,196,4,1667329575
124,244,2,1669723446
124,210,4,1673317764
124,212,2,1678270590
124,152,2,1682560881
124,79,3,1683336066
124,130,2,1688206022
124,111,4,1688971442
124,27,5,1691532137
124,143,1,1694558576
125,188,4,1600572912
125,97,4,1613784346
125,125,3,1621962107
125,157,4,1623147082
125,146,4,1626598972
125,107,2,1638833269
125,102,2,1649385787
125,145,4,1656402398
125,123,2,1664597902
125,216,4,1666111143
125,168,4,1667114314
125,52,4,1672357203
125,26,5,1673038554
125,154,4,1692448728
126,127,3,1600579838
126,103,2,1603239077
126,139,3,1607154615
126,227,3,1608064938
126,122,5,1609092807
126,100,2,1610736833
126,218,2,1612070278
126,221,5,1612833976
126,50,3,1613313664
126,206,4,1615062991
126,85,2,1616011508
126,155,2,1616795836
126,226,5,1617623742
126,160,3,1620467959
126,69,4,1622804804
126,35,2,1624677906
126,30,3,1625994461
126,129,2,1626194311
126,175,4,1626403612
126,220,2,1628146703
126,27,4,1629673348
126,34,1,1630681218
126,104,3,1631423127
126,48,2,1633068487
126,54,2,1633376049
126,77,3,1633733020
126,225,4,1634786860
126,130,2,1637638014
126,61,5,1638003624
126,22,1,1640033552
126,183,2,1640722636
126,111,3,1643848990
126,52,3,1645882995
126,168,4,1646625843
126,123,2,1648916304
126,97,3,1649462543
126,5,3,1651670610
126,179,3,1653670010
126,25,4,1653811311
126,182,3,1656714311
126,21,2,1657526321
126,143,2,1658047463
126,188,4,1660952648
126,79,4,1661117569
126,39,4,1663860253
126,9,4,1664266939
126,53,5,1665729235
126,46,2,1673520227
126,192,5,1673575968
126,210,4,1674889348
126,88,4,1676158204
126,147,4,1676316838
126,131,3,1676935714
126,219,1,1679488896
126,249,3,1679874881
126,184,4,1680998080
126,93,5,1681527930
126,18,3,1683323223
126,145,3,1685001197
126,106,1,1685351582
126,125,4,1685699690
126,107,3,1685705672
127,113,2,1603099137
127,170,5,1613917184
127,109,3,1625148064
127,116,2,1632058039
127,175,3,1633637500
127,188,3,1634282429
127,214,5,1648913057
127,232,4,1649319650
127,6,3,1656189683
127,93,4,1658020556
127,52,4,1664335348
127,27,4,1676515837
127,139,3,1682582609
127,168,2,1689219672
127,221,2,1689244511
127,85,4,1689825801
127,39,5,1692261561
127,18,5,1692718245
128,61,3,1600867682
128,230,3,1601519561
128,201,3,1604068938
128,221,4,1604115592
128,4,3,1605532137
128,157,4,1606361089
128,130,3,1611221677
128,181,2,1611466284
128,155,2,1612005601
128,206,3,1614887690
128,241,1,1615208518
128,198,4,1615737833
128,18,4,1616562404
128,138,4,1618139461
128,38,3,1622534032
128,12,2,1622804840
128,185,4,1625330243
128,33,3,1626169968
128,193,3,1630087796
128,214,3,1632180359
128,188,4,1634841280
128,132,4,1635233633
128,175,4,1638157263
128,5,3,1639161962
128,123,3,1641657116
128,179,4,1642872238
128,88,4,1643099308
128,227,4,1644313553
128,250,3,1647354738
128,148,2,1647537061
128,77,4,1648155149
128,86,2,1650169955
128,120,2,1651022594
128,48,3,1651654079
128,79,3,1653028579
128,139,3,1653620927
128,100,3,1653735145
128,180,4,1654332894
128,94,4,1654870398
128,102,2,1656112007
128,39,3,1657273165
128,237,4,1659449898
128,85,4,1660206392
128,62,4,1661879031
128,69,5,1662447022
128,202,3,1664830004
128,92,3,1664913671
128,210,4,1664952408
128,225,2,1665086425
128,110,3,1665894474
128,168,3,1668013627
128,76,4,1671684125
128,140,2,1671757051
128,154,3,1673900250
128,224,5,1674619960
128,93,3,1676395693
128,46,4,1677221414
128,229,4,1680934514
128,231,3,1684497976
128,50,3,1684865839
128,147,4,1685057307
128,21,3,1685154980
128,235,3,1685422002
128,203,2,1688706131
128,124,3,1689043887
128,243,3,1690273323
128,107,3,1690313383
128,162,3,1690498423
128,27,4,1690825341
128,125,3,1693085647
129,79,4,1602775174
129,155,3,1603366681
129,34,3,1603583927
129,192,4,1603991845
129,175,3,1604833771
129,56,3,1605753003
129,199,2,1606025137
129,232,3,1607265092
129,113,2,1607761883
129,65,3,1608186035
129,87,2,1608464684
129,48,1,1608528818
129,146,4,1608822505
129,238,2,1609727178
129,58,2,1609764212
129,166,4,1609861871
129,139,3,1610303616
129,15,2,1611819536
129,5,5,1611892907
129,153,3,1612368517
129,143,2,1613002495
129,234,3,1613061174
129,124,2,1613232173
129,145,3,1613500149
129,125,3,1613554383
129,30,3,1615154683
129,180,3,1615226162
129,60,3,1617166893
129,174,2,1617495594
129,181,2,1617700260
129,24,3,1617918210
129,160,5,1618984645
129,250,2,1619147334
129,88,4,1620264989
129,86,1,1620534775
129,249,3,1621021807
129,96,2,1622890234
129,148,2,1623163880
129,118,3,1624080936
129,231,4,1625115923
129,185,3,1626068717
129,237,3,1629127969
129,229,3,1629423844
129,131,3,1629696698
129,177,2,1630795163
129,47,1,1631011593
129,62,3,1632054577
129,140,2,1633180314
129,209,4,1634110968
129,218,2,1634498255
129,193,1,1635571884
129,179,3,1637823851
129,236,1,1638056978
129,196,3,1638122546
129,202,3,1638792907
129,72,2,1639636140
129,171,3,1639842663
129,105,3,1640369352
129,182,3,1640742101
129,27,4,1641749158
129,9,4,1642328234
129,168,4,1642389047
129,71,2,1642480281
129,224,3,1642553791
129,137,3,1643244100
129,93,2,1645131084
129,18,4,1645472271
129,52,3,1645667043
129,204,4,1646018122
129,4,2,1646065534
129,20,4,1646316071
129,158,3,1646367775
129,61,4,1647591669
129,33,4,1648755650
129,76,3,1651214855
129,80,4,1652770562
129,141,3,1652805918
129,104,3,1654017758
129,127,5,1654685538
129,109,5,1655359093
129,225,4,1656403592
129,14,3,1656634144
129,244,4,1656663995
129,208,3,1657858966
129,110,3,1657909587
129,198,2,1658385553
129,45,3,1658552977
129,101,3,1659307485
129,36,2,1660594682
129,85,5,1661151016
129,172,2,1661501248
129,223,2,1661991842
129,161,4,1662890540
129,210,4,1663365216
129,130,1,1663368695
129,2,4,1663632473
129,40,3,1664131675
129,195,4,1664207062
129,39,4,1664629146
129,135,3,1664742820
129,99,3,1664972524
129,98,3,1665353244
129,173,5,1666108753
129,43,3,1666945203
129,241,2,1667140582
129,53,5,1667622128
129,115,4,1668445409
129,54,3,1668537676
129,19,4,1669856822
129,136,5,1670633290
129,46,3,1670754681
129,206,4,1671047790
129,183,2,1671538660
129,6,2,1672448136
129,170,4,1672554530
129,242,4,1673244938
129,221,5,1673340682
129,31,3,1674203326
129,16,2,1674636630
129,38,3,1674741763
129,214,3,1675079508
129,233,5,1675086925
129,89,3,1675728049
129,188,4,1676035436
129,59,2,1676143719
129,28,5,1676625889
129,157,4,1676711709
129,150,3,1676943990
129,132,3,1678104899
129,21,4,1678309393
129,154,4,1679738387
129,50,3,1679812821
129,57,5,1679924700
129,201,3,1682254314
129,121,3,1682703792
129,94,4,1682765862
129,13,2,1682921376
129,164,3,1684572844
129,100,4,1684897954
129,111,3,1685671164
129,235,3,1686741207
129,26,4,1686791195
129,123,3,1688631225
129,107,1,1688707354
129,190,2,1689390864
129,186,4,1692565845
129,116,4,1693987063
130,54,3,1600351210
130,136,4,1601526940
130,204,4,1602959944
130,46,4,1603369175
130,178,4,1603797055
130,170,3,1603898561
130,184,4,1604492962
130,124,3,1604756380
130,127,4,1605758590
130,242,5,1607029706
130,206,5,1607256227
130,100,4,1608543723
130,50,3,1608616417
130,141,2,1615830158
130,61,3,1623482066
130,185,5,1625845979
130,244,4,1630104638
130,62,3,1639104335
130,168,3,1640396966
130,249,4,1641379066
130,222,4,1641512374
130,175,4,1644168807
130,130,3,1645539792
130,21,4,1645832111
130,93,4,1646607162
130,109,4,1648625245
130,2,5,1651843279
130,33,4,1654164635
130,197,3,1659175869
130,210,4,1662582705
130,39,3,1666292547
130,41,4,1668725790
130,71,3,1670216673
130,190,3,1671577077
130,203,1,1676277277
130,139,3,1685497431
130,69,4,1687299173
130,250,2,1687761674
130,18,5,1690060508
130,36,4,1692518271
131,154,3,1600364425
131,137,4,1603967579
131,28,4,1605036314
131,187,4,1605133194
131,101,2,1605194208
131,125,2,1606188595
131,229,2,1606408109
131,31,3,1613409221
131,76,2,1617823426
131,210,5,1623052696
131,16,2,1625702681
131,123,2,1626300924
131,180,4,1626922558
131,130,3,1627644453
131,247,3,1627936097
131,160,4,1631997194
131,104,3,1633011247
131,50,3,1635941272
131,132,3,1637350608
131,79,3,1638162991
131,138,4,1642016601
131,226,4,1642300477
131,100,2,1642545510
131,27,4,1648687337
131,99,2,1651256321
131,36,2,1652524711
131,145,4,1653017200
131,77,3,1654922656
131,48,4,1656817116
131,33,3,1657397646
131,173,4,1658920484
131,107,4,1660328761
131,60,3,1660400583
131,232,4,1662581498
131,221,4,1663993372
131,175,3,1665330923
131,182,5,1666060603
131,94,5,1667823958
131,200,4,1668922061
131,124,3,1670122279
131,35,3,1671482831
131,250,4,1671758164
131,234,2,1674288054
131,52,3,1674605317
131,241,2,1677306107
131,39,4,1677804991
131,115,4,1687298231
131,188,4,1687419314
131,80,4,1688075795
131,68,5,1688099032
131,61,4,1688496680
131,97,3,1689823708
131,83,3,1689881010
131,127,2,1694107623
132,225,4,1600123414
132,52,3,1601505311
132,5,3,1602761645
132,211,4,1605930385
132,192,5,1613203830
132,206,2,1618800896
132,39,4,1621324108
132,34,4,1622071810
132,199,3,1629282134
132,125,2,1647874753
132,175,4,1650361271
132,58,5,1656663209
132,27,5,1666987463
132,123,3,1687916472
132,203,1,1688428553
132,135,3,1688561131
132,21,2,1693613721
133,39,4,1608202805
133,78,4,1618556382
133,46,2,1622733929
133,155,4,1637715798
133,188,4,1646801154
133,125,2,1650711331
133,198,4,1662044796
133,157,1,1673956176
133,5,3,1675413795
133,175,5,1687577714
134,168,3,1603622806
134,250,3,1605231245
134,241,4,1607516108
134,218,2,1615929679
134,47,3,1616077246
134,111,3,1620567266
134,44,3,1629979777
134,102,3,1632317323
134,86,1,1637675317
134,110,5,1638331085
134,210,4,1639432789
134,54,3,1639527081
134,188,3,1643194388
134,68,4,1645801036
134,204,3,1655530685
134,141,1,1668988780
134,94,5,1669661163
134,129,1,1675096235
134,100,3,1680373192
134,93,5,1681588690
134,140,2,1682689274
134,235,2,1686477294
134,62,5,1686491129
134,39,3,1689628485
134,139,3,1693651323
135,34,5,1620886764
135,93,5,1627571262
135,39,3,1628146025
135,79,1,1630964476
135,226,2,1642150985
135,75,5,1650583515
135,48,4,1658263945
135,193,5,1662964607
135,102,3,1674824976
135,46,5,1677057911
135,69,5,1680827356
135,123,3,1689147728
136,195,4,1608938151
136,76,3,1613391918
136,231,4,1614491494
136,175,2,1617678987
136,34,4,1630001297
136,141,3,1630803687
136,123,5,1633266641
136,39,3,1636679030
136,79,2,1640584611
136,184,3,1642990329
136,43,3,1645135681
136,36,3,1665143370
136,249,5,1669982183
136,91,3,1677767004
136,153,5,1685638821
136,13,3,1689075701
137,56,5,1601933106
137,244,4,1602879653
137,22,5,1605983341
137,219,2,1606020905
137,85,5,1606374101
137,53,5,1606921308
137,7,3,1607823316
137,145,4,1607922266
137,229,4,1608096930
137,76,3,1608530904
137,11,4,1609604527
137,236,2,1609915283
137,101,1,1610345759
137,154,3,1610703843
137,111,2,1612203746
137,130,3,1614207322
137,241,1,1615275743
137,203,3,1615767381
137,155,3,1615901038
137,14,3,1617580823
137,82,5,1618950979
137,162,4,1619789941
137,18,2,1619856659
137,238,3,1620607624
137,121,4,1621054455
137,55,3,1621378952
137,208,2,1621458595
137,49,3,1624084875
137,189,3,1624259952
137,225,4,1624708113
137,100,2,1627233827
137,10,5,1627421263
137,27,2,1627542158
137,69,5,1628160165
137,131,3,1628222256
137,8,3,1628668933
137,25,3,1629541577
137,247,2,1631396416
137,48,2,1631554053
137,138,4,1632440405
137,153,4,1633461149
137,188,3,1634113864
137,23,3,1635490781
137,46,2,1636226552
137,123,3,1637001045
137,207,5,1637636542
137,166,3,1637824129
137,242,3,1638153151
137,86,2,1639366472
137,39,4,1641634528
137,175,3,1643178995
137,52,3,1643229954
137,21,3,1645064375
137,194,5,1645690322
137,243,2,1646375287
137,50,3,1646886757
137,226,2,1657330551
137,139,3,1658685314
137,210,3,1658900421
137,115,3,1660982806
137,146,5,1662906561
137,184,2,1663044700
137,180,2,1666087756
137,5,3,1666643343
137,233,3,1667082988
137,182,5,1667546418
137,32,5,1668989262
137,249,3,1669024696
137,34,4,1669053840
137,132,3,1671825827
137,199,3,1675612062
137,168,3,1676429916
137,206,3,1676490269
137,13,5,1676723251
137,58,1,1678193804
137,209,4,1679192505
137,122,4,1679367105
137,235,5,1681329523
137,93,3,1682459458
137,104,4,1683120545
137,230,3,1683572081
137,2,5,1684731591
137,116,3,1686352554
137,109,5,1686865014
137,232,3,1687037176
137,136,5,1687860860
137,181,4,1689375370
137,65,3,1689428241
137,79,3,1690638081
137,201,3,1690931912
137,19,5,1691168548
137,140,2,1691225745
137,54,3,1692822401
137,223,3,1693961333
137,61,4,1694401007
138,193,4,1602064742
138,154,4,1602601672
138,192,2,1603565571
138,221,5,1606916214
138,52,2,1610360164
138,13,3,1610704041
138,244,5,1612698538
138,128,4,1613050916
138,23,4,1613345392
138,168,3,1613895166
138,184,3,1618618786
138,59,4,1623653198
138,250,3,1623942339
138,93,5,1628108071
138,114,2,1632844530
138,177,4,1637249926
138,235,3,1638332224
138,109,3,1639320865
138,18,4,1640244728
138,167,4,1641050332
138,65,5,1643680218
138,130,4,1644059150
138,86,3,1644322374
138,206,4,1645604880
138,132,4,1646861552
138,131,3,1650363313
138,125,4,1651627937
138,72,5,1652228292
138,245,4,1652821496
138,205,4,1658705409
138,123,4,1661466335
138,21,3,1662223015
138,156,2,1665051075
138,39,3,1670162832
138,175,4,1671702972
138,5,4,1674379610
138,188,5,1675325193
138,27,5,1678883175
138,141,2,1679235568
138,87,2,1681890319
138,61,4,1683150579
138,232,4,1685900047
138,69,5,1688505055
138,100,3,1689783806
138,249,5,1690866018
139,104,2,1600887179
139,7,2,1601941336
139,237,3,1602527556
139,18,3,1603946629
139,180,3,1604483274
139,25,4,1606752442
139,76,2,1607884062
139,192,3,1608085286
139,124,4,1608163453
139,156,2,1609154024
139,46,2,1610133100
139,100,2,1610952311
139,21,2,1612850592
139,54,3,1615435926
139,177,4,1615918372
139,13,3,1621313215
139,225,4,1623639084
139,236,4,1623766588
139,39,3,1626256808
139,168,3,1628683249
139,74,4,1633540128
139,141,3,1636493289
139,155,3,1636940070
139,63,2,1637977385
139,224,4,1642607659
139,154,3,1647465404
139,58,4,1650132808
139,200,3,1650313882
139,160,4,1653068594
139,221,3,1653531615
139,93,3,1656183173
139,109,3,1657633659
139,136,5,1668214005
139,52,4,1668931318
139,35,3,1669860156
139,249,3,1670445434
139,27,5,1673001602
139,101,2,1674635880
139,235,2,1674652337
139,206,3,1677282896
139,146,4,1677911141
139,184,4,1678121790
139,204,3,1678409294
139,164,2,1685533149
139,111,3,1686130988
139,106,1,1686555922
139,132,4,1688955491
139,50,2,1692132485
139,188,4,1694328651
140,118,4,1600385335
140,97,2,1602890928
140,50,2,1604543656
140,91,3,1604866027
140,175,2,1609549990
140,2,4,1616811866
140,72,2,1622788175
140,210,5,1625021197
140,204,3,1630809463
140,223,3,1631432253
140,46,3,1631682283
140,200,3,1638353744
140,193,4,1638587599
140,128,5,1638692332
140,53,4,1639417634
140,250,4,1640377146
140,107,4,1643259319
140,159,4,1644537606
140,79,3,1644540478
140,109,5,1649262688
140,94,2,1649436749
140,136,5,1649440213
140,39,4,1650617847
140,232,2,1654416324
140,69,3,1654433362
140,221,3,1655759703
140,110,4,1656357882
140,18,4,1656839019
140,155,2,1657688322
140,35,3,1658179449
140,27,4,1666361055
140,139,3,1671355141
140,83,2,1671568663
140,61,3,1675076646
140,241,2,1677309534
140,148,3,1686704683
140,78,2,1691146939
141,103,2,1603060732
141,225,2,1604187897
141,91,2,1604224846
141,14,4,1604809476
141,39,3,1605430031
141,231,3,1606729100
141,210,2,1608971813
141,5,4,1622735912
141,188,3,1625630995
141,53,3,1627149766
141,249,1,1633932062
141,46,2,1635366366
141,174,4,1640805932
141,192,4,1645821036
141,236,4,1645843284
141,107,5,1647875209
141,139,4,1650299744
141,182,4,1650558307
141,134,4,1652063152
141,136,5,1652846452
141,21,2,1652895047
141,126,4,1654319378
141,52,3,1656247865
141,45,2,1658622748
141,146,5,1659887037
141,109,3,1663310472
141,244,4,1663391616
141,154,3,1664893724
141,104,3,1671140635
141,61,4,1671351971
141,130,3,1677486291
141,175,3,1682221556
141,27,4,1683916689
141,145,4,1685957843
141,93,4,1690297899
141,3,3,1692689830
141,94,4,1694382485
142,221,2,1601445951
142,232,5,1605417799
142,4,3,1605745896
142,68,3,1607213806
142,155,4,1607424082
142,170,5,1608260404
142,117,4,1609311040
142,125,4,1609914228
142,85,4,1612523771
142,27,4,1612674543
142,244,4,1613347367
142,69,3,1613474010
142,140,3,1613662847
142,123,2,1613713474
142,100,2,1613724145
142,53,3,1614050619
142,128,3,1614546285
142,167,3,1614617297
142,70,5,1617583532
142,250,4,1618573225
142,130,4,1619249237
142,111,2,1619867010
142,93,4,1620242963
142,154,2,1621268318
142,209,4,1623901586
142,206,3,1625584704
142,235,4,1626572251
142,89,5,1627000981
142,21,3,1627195362
142,188,4,1627223775
142,14,2,1634942388
142,39,4,1635235360
142,81,5,1635267807
142,127,4,1635663209
142,13,3,1637886768
142,214,4,1639025015
142,136,4,1640084092
142,36,2,1640474320
142,210,4,1640504715
142,15,2,1646045418
142,139,3,1646165412
142,33,2,1648092646
142,179,4,1649611549
142,184,3,1649863689
142,241,3,1651048777
142,122,3,1651368405
142,175,3,1656628763
142,52,2,1658056955
142,109,3,1664395320
142,150,3,1665964425
142,97,3,1667290581
142,82,4,1667329522
142,137,3,1669208773
142,224,4,1670134171
142,225,4,1671890907
142,86,2,1672485801
142,230,4,1672526062
142,58,3,1673166905
142,226,3,1673233057
142,193,3,1676581028
142,5,4,1676716304
142,201,3,1677446723
142,79,3,1680114930
142,227,3,1681818243
142,192,4,1683328518
142,43,3,1685334203
142,166,2,1688419204
142,200,4,1691745679
142,168,4,1692359010
143,109,4,1601155645
143,138,5,1601474195
143,139,3,1602132964
143,155,3,1602364880
143,123,4,1605801659
143,179,3,1606385041
143,50,3,1608457407
143,65,2,1609670804
143,20,3,1609925227
143,132,2,1611207119
143,160,3,1614761892
143,133,3,1614870552
143,233,4,1615724767
143,130,3,1619477185
143,154,3,1619812317
143,80,3,1621379832
143,110,4,1623054631
143,235,4,1624211003
143,100,2,1624653649
143,39,3,1625347679
143,125,3,1625764715
143,137,4,1626386275
143,5,4,1636363673
143,231,5,1637488206
143,107,3,1646637129
143,42,4,1647412959
143,157,2,1649911369
143,136,4,1651076275
143,62,3,1651257778
143,210,4,1651924223
143,175,4,1661015399
143,45,4,1662796813
143,87,2,1665730227
143,122,4,1666733536
143,167,3,1668770192
143,195,4,1668850736
143,237,2,1672314899
143,229,3,1685846078
143,188,3,1691650314
143,79,2,1693068547
143,2,3,1693165409
143,27,3,1693588451
144,189,2,1605039894
144,173,4,1605349106
144,147,3,1607419816
144,241,4,1608062229
144,225,2,1608211352
144,195,5,1608315824
144,210,2,1613554386
144,148,2,1613873938
144,232,3,1614829220
144,203,1,1615154587
144,180,4,1618552678
144,182,5,1619825472
144,39,4,1619957121
144,208,3,1620026636
144,244,5,1623241125
144,206,5,1624832682
144,79,4,1625963123
144,155,2,1627149972
144,136,4,1627237585
144,179,3,1628393041
144,30,3,1631815976
144,128,2,1632745335
144,236,3,1635555151
144,154,4,1635855927
144,6,3,1639083221
144,21,2,1643483739
144,24,4,1643499753
144,80,4,1643594127
144,15,2,1645870372
144,139,5,1647707346
144,109,3,1649641149
144,149,2,1652929927
144,68,4,1653861630
144,115,3,1653880345
144,146,3,1654969570
144,250,3,1655689399
144,190,1,1655776515
144,247,2,1656174373
144,27,3,1657485788
144,141,3,1660489023
144,50,3,1663392126
144,110,4,1665479478
144,237,3,1665841360
144,89,3,1667907496
144,133,4,1668027060
144,103,2,1674137157
144,221,4,1681949694
144,69,5,1683056531
144,71,4,1684517351
144,175,4,1685393741
144,101,2,1687120460
144,145,5,1689167243
144,48,1,1689319428
144,188,3,1692022915
144,213,5,1694029992
145,146,4,1606867373
145,72,2,1608995083
145,234,5,1609520874
145,52,2,1609724169
145,230,5,1611666733
145,175,5,1618636408
145,18,5,1618950693
145,241,3,1619000286
145,223,3,1621242144
145,8,2,1624787650
145,93,5,1633959356
145,140,4,1641677954
145,79,3,1646482266
145,100,3,1648244115
145,165,4,1649314804
145,194,4,1653746223
145,13,2,1659632481
145,86,3,1662627128
145,168,5,1665695521
145,27,5,1671191502
145,5,5,1671260505
145,232,3,1673246820
145,54,3,1673592968
145,123,5,1679054542
145,166,3,1680542569
145,247,2,1682683051
145,39,4,1683235052
145,205,5,1688696878
145,125,4,1689032200
145,50,3,1689177215
145,148,2,1693771683
146,28,3,1600695223
146,86,1,1605793898
146,50,3,1605990188
146,184,4,1606467473
146,16,3,1607072372
146,103,2,1607781094
146,235,4,1610071989
146,21,3,1610589836
146,140,2,1614211574
146,154,3,1615485924
146,243,4,1616310520
146,22,5,1618626696
146,132,3,1619560689
146,175,5,1619918901
146,250,4,1621500407
146,157,3,1622382976
146,31,5,1636046921
146,39,3,1636241014
146,53,5,1636951784
146,232,2,1643038014
146,60,3,1647361478
146,14,3,1649731664
146,5,5,1652542333
146,212,4,1653169108
146,23,4,1657609966
146,237,4,1660877548
146,43,3,1664627493
146,155,5,1665588220
146,173,3,1668504879
146,136,5,1669002731
146,123,2,1671086838
146,174,3,1671605803
146,104,2,1676547560
146,78,3,1684405051
146,198,5,1686179398
146,185,4,1688994667
146,225,3,1690168938
146,188,5,1693348053
147,124,4,1606224441
147,187,2,1616479501
147,79,3,1622208531
147,97,4,1622416902
147,93,3,1628907228
147,150,3,1634520790
147,235,3,1638623304
147,39,3,1655778917
147,188,4,1682492042
147,225,3,1693150645
147,250,2,1694251850
148,27,4,1614030068
148,50,2,1615665907
148,223,3,1623366349
148,232,4,1672394020
148,13,4,1677443391
148,231,4,1681138960
149,214,2,1604148003
149,158,4,1607288708
149,39,5,1607356300
149,237,4,1608141633
149,46,2,1608533805
149,210,2,1609634351
149,37,3,1611501198
149,177,3,1611574757
149,100,2,1615640136
149,197,2,1638230183
149,199,2,1642731957
149,5,3,1644593378
149,131,2,1644666503
149,195,5,1644866082
149,215,3,1646475042
149,103,1,1647950274
149,175,4,1648564026
149,94,4,1650151317
149,20,4,1651629529
149,139,2,1664734968
149,212,3,1665854011
149,155,4,1667370465
149,27,4,1668645015
149,50,5,1669904373
149,130,2,1689424154
149,185,2,1692198048
150,120,3,1602871148
150,145,5,1603485522
150,50,2,1603948205
150,95,4,1609679692
150,208,3,1611401162
150,39,5,1612060976
150,14,4,1615582481
150,69,4,1616189005
150,27,5,1618275908
150,85,4,1620781159
150,173,2,1621318664
150,175,4,1621361914
150,188,4,1622659462
150,54,1,1624007938
150,74,2,1624770866
150,32,3,1626034641
150,162,3,1632345926
150,24,3,1634328798
150,94,4,1637179445
150,169,4,1640204305
150,168,3,1642313630
150,154,2,1643850295
150,226,3,1645114732
150,249,3,1646632602
150,80,3,1648160504
150,11,3,1648902238
150,206,2,1651946896
150,13,3,1662119723
150,86,1,1664906811
150,209,2,1668344621
150,36,1,1669656587
150,241,2,1669814980
150,198,3,1673924100
150,140,2,1678716710
150,82,4,1683621018
150,171,3,1692896831
150,182,3,1693151559
151,79,5,1601542645
151,146,5,1602418652
151,162,2,1603161916
151,104,3,1606661042
151,175,4,1607448225
151,160,3,1628885614
151,249,4,1632716992
151,154,3,1636616657
151,192,3,1640128025
151,130,2,1640771915
151,218,2,1642543360
151,89,4,1644425340
151,152,3,1646913764
151,109,3,1647662271
151,210,3,1650219256
151,236,4,1655841361
151,18,3,1661362227
151,85,3,1673114931
151,32,5,1687563152
151,125,3,1691109301
151,100,2,1691393236
152,229,3,1601416037
152,39,3,1602485096
152,93,5,1605005144
152,206,3,1608676736
152,232,4,1609633470
152,154,4,1611093256
152,34,5,1612348074
152,79,2,1619600000
152,195,4,1620206780
152,19,3,1623410433
152,18,5,1628670711
152,175,2,1632700949
152,58,3,1635043927
152,103,3,1640026898
152,237,4,1645605115
152,62,3,1646927352
152,123,4,1648621750
152,244,2,1651945491
152,188,5,1655525762
152,23,5,1658387140
152,249,5,1659467062
152,113,3,1661492023
152,125,5,1662368005
152,54,3,1663644477
152,83,5,1664624702
152,221,3,1665109867
152,13,2,1665522244
152,184,4,1665781161
152,46,4,1667180029
152,85,3,1668836304
152,75,4,1669458733
152,247,3,1674159221
152,173,2,1675373295
152,15,4,1677887060
152,192,3,1684517722
152,162,2,1685886597
152,109,5,1687157085
152,174,4,1688936666
153,125,3,1602395291
153,30,4,1609611109
153,39,4,1614730104
153,157,3,1618732718
153,244,2,1618911564
153,94,5,1623603015
153,206,3,1624432893
153,52,3,1624756061
153,192,5,1628151186
153,140,2,1633039520
153,5,5,1638707064
153,247,3,1639305904
153,25,3,1640504072
153,188,4,1644121404
153,159,2,1650988074
153,93,4,1651049864
153,152,4,1654474608
153,20,4,1657180719
153,18,4,1657511843
153,130,2,1657782747
153,27,3,1658180650
153,139,2,1659385658
153,21,3,1661097256
153,35,2,1662502759
153,182,3,1663183442
153,78,4,1664015090
153,50,3,1665449704
153,65,3,1666472201
153,75,3,1667526776
153,123,3,1669385907
153,47,2,1670093297
153,76,2,1673563658
153,175,4,1676449447
153,102,3,1683620721
153,154,4,1691647904
153,202,5,1692505150
153,79,2,1692770251
154,39,4,1603323820
154,192,5,1620000727
154,232,2,1621653816
154,153,3,1639771635
154,66,3,1642488049
154,101,1,1666841692
154,188,4,1668883647
154,204,2,1690034127
155,241,2,1608697273
155,26,4,1609569797
155,169,3,1611632357
155,205,2,1611964180
155,179,3,1614997784
155,134,5,1618718378
155,79,3,1621238537
155,160,4,1622002369
155,235,3,1624767405
155,225,3,1627047844
155,206,3,1632207143
155,109,5,1637246630
155,48,3,1638826385
155,28,3,1644221409
155,244,4,1648998857
155,199,3,1659927406
155,188,3,1660015104
155,163,2,1670072674
155,27,4,1670484457
155,221,2,1670671755
155,85,3,1679280798
155,123,3,1680347257
155,195,4,1683773508
155,81,4,1683936311
155,175,3,1685014726
155,39,4,1685477569
155,54,3,1687051388
155,127,2,1692609943
156,136,4,1601547430
156,52,1,1604686602
156,130,2,1604913737
156,201,4,1605064201
156,109,3,1606021189
156,53,4,1606030788
156,188,3,1606216650
156,236,2,1606399367
156,27,4,1607706714
156,50,3,1609436446
156,9,4,1609875233
156,175,3,1612920397
156,247,3,1615411307
156,75,4,1616301753
156,93,4,1617440115
156,89,3,1618766914
156,13,4,1619045673
156,2,5,1621403299
156,225,2,1622328881
156,223,2,1624842059
156,249,5,1625260029
156,79,3,1628363359
156,85,3,1632834112
156,125,3,1634853167
156,41,5,1640276380
156,39,5,1640914218
156,206,4,1641207116
156,111,5,1642138570
156,241,1,1643176779
156,221,5,1650984109
156,168,4,1653481647
156,107,3,1654421635
156,169,4,1663207880
156,67,2,1668872210
156,69,3,1672710904
156,123,3,1674101635
156,164,5,1677694429
156,210,5,1679117598
156,139,3,1679739889
156,192,4,1687904705
156,191,4,1689047152
156,248,3,1689978999
156,195,3,1690447059
156,30,4,1690662847
157,139,4,1603090680
157,225,2,1604540738
157,236,3,1609060580
157,94,3,1610151817
157,36,2,1614289174
157,76,2,1617667703
157,61,5,1619451383
157,39,5,1621679208
157,175,5,1622680865
157,127,3,1623328394
157,249,3,1626141194
157,245,5,1632443707
157,198,2,1632930319
157,19,2,1635809063
157,30,4,1641546722
157,195,5,1641707883
157,197,3,1643600737
157,13,5,1645462191
157,136,4,1649833428
157,133,3,1651515170
157,68,5,1651921473
157,157,4,1652393605
157,11,5,1654453875
157,35,4,1656378915
157,108,3,1657489794
157,18,3,1657633169
157,182,5,1659916790
157,85,5,1660172106
157,107,3,1663495557
157,145,4,1663569522
157,228,4,1664465010
157,130,2,1665427484
157,208,3,1667893626
157,57,5,1670309732
157,123,4,1672671864
157,184,3,1675040501
157,192,2,1675832943
157,3,1,1676218220
157,93,5,1678288081
157,110,5,1680662150
157,109,5,1682809952
157,81,5,1683064468
157,79,4,1683642721
157,232,3,1684526316
157,48,4,1684709375
157,244,5,1684805225
157,206,4,1686802391
157,89,4,1688464908
157,160,2,1688699105
157,86,2,1690992132
157,141,4,1691398514
157,132,5,1694575207
158,244,3,1600378583
158,24,4,1601692189
158,39,4,1603220097
158,50,5,1606347836
158,87,5,1607155833
158,100,2,1616142960
158,61,5,1619400513
158,231,5,1620278147
158,107,1,1622261903
158,34,4,1632242847
158,111,3,1636214846
158,45,2,1637535282
158,79,3,1638162170
158,232,4,1639217486
158,27,4,1644047739
158,182,3,1658462160
158,104,2,1669248120
158,229,2,1672769072
158,138,4,1674223278
158,69,5,1678070824
158,53,4,1678605569
158,102,2,1687071808
159,213,3,1600189856
159,168,5,1608091398
159,192,3,1608335495
159,219,3,1608798911
159,13,3,1611084442
159,82,2,1611896590
159,226,5,1613466907
159,182,2,1617491293
159,89,3,1618583150
159,106,2,1618898296
159,137,2,1624011135
159,216,5,1625508385
159,14,2,1626012538
159,160,5,1626422420
159,210,4,1631647776
159,50,5,1632792410
159,187,4,1634352331
159,208,3,1635806972
159,5,5,1640067538
159,154,3,1640108342
159,190,1,1641676372
159,188,3,1645155493
159,196,2,1648449321
159,39,3,1648587103
159,103,2,1652064017
159,35,3,1652996657
159,47,3,1657503335
159,138,5,1658347056
159,93,4,1658677765
159,225,3,1659315382
159,100,4,1661299651
159,27,4,1666051975
159,16,1,1666681787
159,171,4,1669590781
159,31,2,1670877187
159,127,5,1672418727
159,134,4,1673355605
159,247,2,1677714515
159,123,3,1679245163
159,249,5,1682198541
159,4,3,1682711975
159,130,3,1684513072
159,109,3,1685064961
159,139,3,1686485553
159,244,5,1688229609
159,102,3,1691429825
160,238,3,1603325621
160,175,4,1603413902
160,206,3,1604843587
160,188,5,1606555825
160,183,2,1607413043
160,168,4,1609831224
160,182,4,1611854445
160,101,1,1615339425
160,83,3,1615917884
160,80,2,1616226765
160,82,2,1618463644
160,125,2,1618936478
160,186,4,1619532467
160,65,3,1622254042
160,216,4,1623879124
160,243,5,1624722358
160,105,2,1626599716
160,134,4,1629120710
160,76,4,1630840139
160,173,2,1630983858
160,48,3,1633860791
160,210,3,1634682283
160,32,4,1636468964
160,221,3,1637643330
160,148,3,1640764096
160,181,4,1640918165
160,46,2,1642218207
160,139,2,1643632843
160,198,2,1644838737
160,193,3,1645427384
160,70,2,1645446282
160,111,3,1645883174
160,58,4,1645990291
160,27,5,1646650069
160,154,3,1648836319
160,43,5,1649452661
160,100,3,1649454593
160,229,4,1651272266
160,94,5,1652064972
160,187,3,1652231251
160,41,4,1652309618
160,57,4,1654411351
160,237,4,1655830803
160,18,3,1657083750
160,26,3,1657468463
160,240,1,1657848269
160,232,3,1658337586
160,39,3,1659445770
160,226,2,1659665377
160,214,5,1659756796
160,93,4,1661318668
160,222,4,1664285299
160,136,5,1666670398
160,225,4,1668095216
160,97,3,1668688567
160,79,3,1669317002
160,203,3,1671343306
160,86,2,1675592641
160,116,3,1679168242
160,167,5,1681408965
160,123,2,1682179671
160,9,4,1683521942
160,50,3,1686195506
160,21,3,1690817980
160,174,2,1692555035
160,132,5,1693736619
160,145,4,1694465144
161,68,5,1600470330
161,232,2,1600748518
161,226,2,1604277513
161,5,4,1606570468
161,41,3,1609790177
161,15,5,1610452881
161,133,4,1614004617
161,121,4,1616917039
161,250,4,1618787948
161,93,5,1619992234
161,175,2,1623263206
161,75,3,1624547840
161,218,4,1625104627
161,180,4,1625640068
161,135,5,1627164841
161,85,4,1627461631
161,188,5,1627593099
161,109,3,1627697213
161,244,3,1630883880
161,22,2,1631245111
161,125,5,1634587323
161,230,4,1635127084
161,152,3,1636358242
161,155,4,1636444374
161,52,4,1638302803
161,100,2,1639523506
161,89,3,1639704937
161,39,3,1640413137
161,159,2,1641151337
161,229,2,1641698960
161,127,4,1642882421
161,46,4,1645450554
161,123,5,1646154876
161,160,4,1647506077
161,185,5,1649400945
161,177,4,1650221763
161,132,5,1650758502
161,77,3,1651605039
161,65,4,1654513336
161,140,4,1656071635
161,210,5,1656523426
161,18,4,1658439448
161,58,2,1658531076
161,79,3,1663571560
161,224,4,1666948729
161,91,3,1667169087
161,99,2,1669588647
161,30,3,1674713629
161,166,3,1675938874
161,221,3,1681197001
161,69,5,1685162504
161,50,3,1686946311
161,206,4,1687997090
161,20,2,1688301693
161,81,3,1688789460
161,111,4,1689023168
161,192,3,1689104169
161,137,4,1691041753
161,21,3,1691123721
161,184,2,1691140332
161,138,5,1691991767
161,53,4,1692009312
161,66,4,1693098162
161,202,5,1694488509
162,15,2,1600029746
162,243,4,1605564796
162,111,5,1607102213
162,100,4,1609644939
162,177,3,1617309675
162,122,5,1622766691
162,27,4,1625847154
162,182,3,1635309288
162,153,2,1637835463
162,79,3,1639626361
162,249,5,1640874586
162,3,3,1640976925
162,80,3,1647072941
162,46,4,1647406446
162,205,3,1647761137
162,28,5,1653610882
162,55,5,1658771907
162,130,2,1662443409
162,250,3,1662682256
162,231,4,1668549723
162,206,4,1673175912
162,54,4,1673311930
162,139,1,1675125613
162,148,4,1675765581
162,39,4,1678238737
162,90,3,1681217099
162,195,4,1681395181
162,48,1,1691113667
163,104,4,1601586256
163,30,3,1601629045
163,193,4,1601978360
163,175,3,1602839381
163,50,4,1606847035
163,232,3,1608268752
163,39,4,1610151178
163,2,4,1614209319
163,52,4,1614226221
163,93,3,1614340509
163,111,5,1616613462
163,100,4,1619985350
163,188,3,1620751447
163,79,3,1626482965
163,72,5,1626656517
163,121,4,1630317411
163,221,5,1635452876
163,18,4,1640802647
163,225,5,1642479673
163,250,5,1649160381
163,203,2,1650068085
163,47,4,1652344561
163,206,4,1655231406
163,154,2,1659109746
163,109,3,1664763670
163,197,3,1669688612
163,160,5,1672659850
163,27,5,1673613806
163,68,3,1683270081
163,179,2,1684998496
163,244,5,1686804368
163,140,4,1688131179
163,236,3,1691534083
164,140,2,1602819648
164,81,5,1608706362
164,131,1,1608855779
164,154,5,1613645879
164,59,4,1614034341
164,61,3,1618241310
164,2,5,1619018652
164,250,4,1620080208
164,185,5,1635939292
164,126,3,1641806486
164,6,2,1648586981
164,188,5,1649271909
164,153,4,1649823242
164,18,5,1652185415
164,100,1,1656349020
164,39,5,1658104547
164,76,3,1660254773
164,213,3,1666091633
164,179,4,1667787363
164,88,5,1671877219
164,109,3,1672040125
164,168,4,1672230888
164,204,5,1673849271
164,231,5,1674812834
164,22,1,1675802322
164,137,3,1675895486
164,36,5,1678052527
164,27,4,1679395912
164,141,3,1682138891
164,8,3,1684222553
164,85,3,1686048659
165,164,3,1605147314
165,155,2,1607539228
165,50,3,1608805929
165,193,3,1611204453
165,229,2,1612128147
165,236,3,1612217514
165,125,3,1614945927
165,132,5,1618100917
165,188,4,1618652533
165,100,3,1619622772
165,140,2,1626985468
165,139,3,1627712543
165,79,4,1628488918
165,21,4,1632239118
165,175,4,1632352403
165,206,4,1641599569
165,9,3,1643098295
165,39,3,1643907538
165,7,2,1645195763
165,168,3,1648622065
165,208,4,1649735576
165,44,2,1649959216
165,128,2,1649986492
165,184,5,1650581663
165,245,5,1654683914
165,93,4,1663522205
165,235,2,1664703988
165,172,1,1664764640
165,82,3,1665726157
165,18,4,1667018404
165,241,1,1669006800
165,244,2,1672007251
165,61,4,1677927425
165,27,5,1677982108
165,123,3,1679031011
165,152,3,1679409608
165,130,3,1680805835
165,232,3,1681088066
165,202,4,1687181417
165,225,4,1688271633
165,138,3,1691841626
165,173,3,1692027054
165,53,4,1693811403
165,182,5,1694245935
166,21,3,1607700981
166,56,2,1609535933
166,74,3,1609792180
166,140,4,1611598172
166,41,5,1612310163
166,155,3,1612981216
166,76,3,1615403061
166,124,2,1617000056
166,79,3,1619685207
166,218,1,1619723255
166,125,3,1624499963
166,202,3,1629261569
166,100,5,1637433244
166,32,4,1637509241
166,188,4,1641773861
166,31,3,1643496422
166,121,3,1644458505
166,2,5,1644900939
166,208,5,1645856835
166,93,4,1646815716
166,136,4,1649385575
166,175,3,1655663939
166,248,3,1660302867
166,107,2,1666546813
166,39,4,1673511780
166,232,2,1675113026
166,52,4,1677891061
166,61,5,1679719849
166,221,4,1682462072
166,111,3,1683708223
166,50,3,1685724128
166,123,2,1689426667
166,28,4,1690453260
166,27,4,1691065330
166,192,3,1691348982
167,141,3,1600141872
167,183,5,1600265491
167,27,4,1600324107
167,80,5,1603096020
167,184,2,1604061672
167,200,5,1605685475
167,50,5,1606482553
167,212,3,1608240547
167,185,3,1609571042
167,19,3,1609612289
167,198,4,1612047140
167,88,5,1612255615
167,235,3,1614278833
167,223,4,1616604397
167,206,4,1616655841
167,146,4,1617205669
167,213,3,1619579942
167,199,3,1622972636
167,21,3,1625511736
167,54,1,1625731220
167,188,4,1625828891
167,111,2,1626228380
167,52,5,1633303967
167,30,3,1637639326
167,226,4,1641399023
167,163,2,1642389222
167,15,3,1642873068
167,123,3,1647948401
167,2,4,1648372123
167,36,2,1651324061
167,210,3,1651723897
167,165,3,1654884712
167,31,3,1655335647
167,175,5,1660017872
167,39,5,1661698605
167,152,3,1666914912
167,8,4,1667471265
167,249,4,1668523825
167,79,5,1668990135
167,149,3,1669505242
167,155,5,1669613927
167,205,5,1670638158
167,127,3,1672106697
167,100,1,1672359235
167,135,4,1677493251
167,93,5,1677604021
167,10,5,1679399050
167,5,3,1681105849
167,180,4,1681859012
167,81,5,1683275834
167,130,2,1683443985
167,172,3,1689324740
167,28,3,1691754166
167,244,4,1692196508
167,18,5,1692259029
167,132,2,1692550798
168,100,1,1601977054
168,204,2,1602054753
168,116,3,1603437130
168,61,5,1604693201
168,146,4,1604801234
168,136,3,1607925663
168,123,1,1615245380
168,192,2,1621103990
168,236,1,1626456792
168,184,3,1627918057
168,175,5,1628106831
168,206,2,1630235197
168,225,3,1634304983
168,54,3,1635928207
168,145,3,1637322205
168,229,4,1637431521
168,162,2,1641726988
168,226,3,1642303673
168,93,2,1646125409
168,4,3,1647196123
168,212,2,1648872271
168,218,2,1655850401
168,18,2,1656292509
168,102,2,1658081270
168,191,2,1661111812
168,232,4,1663493353
168,139,3,1665926017
168,193,3,1669524332
168,41,3,1674220256
168,25,4,1674393784
168,153,3,1676399678
168,103,3,1678867037
168,36,2,1679416530
168,52,4,1680120541
168,79,3,1681848938
168,39,4,1682858621
168,86,2,1686063265
168,9,4,1692784634
169,154,5,1601561848
169,114,2,1601926720
169,24,4,1606527048
169,182,4,1608905617
169,94,5,1621240895
169,168,3,1622980107
169,102,1,1623419740
169,76,5,1624514856
169,100,2,1626512876
169,104,5,1628755043
169,52,5,1630109511
169,232,2,1632572591
169,175,3,1637627072
169,125,4,1639892745
169,164,4,1640777865
169,139,4,1643636720
169,225,4,1644260045
169,65,4,1647396731
169,221,4,1648831799
169,50,3,1651557064
169,18,4,1653476085
169,54,4,1655583576
169,123,4,1659680101
169,43,4,1659952678
169,36,3,1660876031
169,155,2,1661595466
169,157,4,1662308338
169,188,5,1664961780
169,141,3,1665265067
169,15,5,1665373682
169,61,5,1665949803
169,153,4,1669284060
169,106,2,1672061061
169,39,3,1673261738
169,73,3,1675406435
169,85,5,1675961250
169,5,5,1676060211
169,9,4,1676810076
169,16,1,1680236695
169,62,3,1680292053
169,109,3,1684035802
169,236,3,1687736112
169,97,4,1691317596
169,132,5,1691994302
169,21,3,1692443679
169,79,2,1694329647
170,50,4,1600457419
170,176,3,1600833502
170,250,3,1602922429
170,249,3,1603508079
170,104,5,1604127627
170,41,5,1604227062
170,86,3,1606928487
170,131,3,1610504492
170,188,5,1611783390
170,140,5,1614705056
170,79,4,1619222591
170,225,3,1619645711
170,132,5,1623094849
170,168,4,1626004705
170,150,4,1627741096
170,18,3,1628794713
170,164,3,1629952080
170,208,3,1632884125
170,143,2,1632908985
170,53,4,1635044607
170,46,4,1640479902
170,137,3,1645386540
170,27,4,1647811212
170,32,3,1648737019
170,152,2,1653920286
170,52,2,1654677456
170,232,3,1655038557
170,39,3,1658806047
170,224,5,1665503709
170,80,4,1666132479
170,201,3,1666420046
170,226,3,1670016809
170,196,4,1673602023
170,221,2,1680640581
170,148,2,1683116205
170,85,4,1684299474
170,210,4,1685175282
170,138,5,1686311224
170,65,4,1688040576
170,192,2,1688112292
170,206,4,1689768127
170,155,2,1690108597
170,61,3,1692533084
170,100,3,1693011971
171,173,4,1601567064
171,50,2,1603801964
171,36,2,1605160117
171,52,4,1606214579
171,93,3,1607291377
171,33,3,1609983663
171,102,2,1611385077
171,39,3,1612125916
171,136,5,1612662406
171,175,4,1613286798
171,202,4,1613662685
171,231,5,1615790104
171,235,5,1616000741
171,153,2,1616425510
171,156,3,1619568625
171,198,4,1620301177
171,225,3,1622367909
171,158,2,1624834281
171,5,4,1627374761
171,139,4,1627533618
171,154,4,1627542274
171,47,3,1629873565
171,200,2,1632034386
171,188,3,1633062225
171,183,3,1635651248
171,242,4,1638537284
171,250,4,1640377161
171,130,2,1640561987
171,34,4,1640799560
171,141,4,1642941477
171,112,3,1643224174
171,53,4,1643479021
171,100,3,1643944191
171,167,5,1645384835
171,2,5,1646500336
171,146,5,1648085353
171,46,1,1649255529
171,244,3,1649447939
171,140,2,1652150428
171,110,4,1652565417
171,60,3,1652596598
171,155,2,1653648296
171,192,5,1654275430
171,182,3,1655561840
171,147,2,1658470423
171,196,3,1659049241
171,105,2,1661737162
171,184,2,1661806162
171,162,4,1666172230
171,118,3,1666506785
171,54,4,1666834891
171,27,3,1667128124
171,249,3,1667380833
171,186,5,1673372642
171,125,4,1674656562
171,144,5,1679085797
171,123,4,1682555910
171,179,4,1685623832
171,185,3,1685920734
171,35,2,1687865119
171,79,3,1689006153
171,80,4,1690982946
171,157,2,1691312419
171,107,2,1693483137
171,160,4,1694001831
172,250,3,1604135366
172,210,5,1604302178
172,48,2,1605062410
172,136,3,1606368676
172,166,3,1606641148
172,97,4,1607297061
172,203,1,1608436525
172,182,2,1609148179
172,197,1,1611514588
172,234,3,1611689925
172,77,4,1613749110
172,123,2,1613819326
172,31,3,1617951205
172,249,4,1619990280
172,139,3,1620774379
172,111,2,1621143901
172,5,3,1621763066
172,241,1,1624318373
172,157,2,1624414812
172,21,4,1626881135
172,232,4,1632075372
172,235,4,1632605160
172,188,3,1633369335
172,104,3,1634043847
172,93,3,1634518371
172,181,2,1634714728
172,105,2,1635440098
172,154,3,1636600847
172,168,4,1640396763
172,52,3,1641240840
172,206,3,1641316590
172,140,3,1642491954
172,214,4,1646235507
172,225,4,1648795689
172,130,2,1648906240
172,175,4,1650905043
172,89,3,1651003323
172,35,3,1651250493
172,137,2,1653239629
172,32,3,1654184151
172,12,2,1657010934
172,109,4,1663307814
172,59,3,1664861430
172,54,3,1666019864
172,53,4,1667273139
172,169,5,1667449601
172,100,1,1668501648
172,185,5,1668779937
172,128,2,1669406269
172,27,4,1670626091
172,26,2,1674239388
172,243,3,1675877723
172,39,4,1675963976
172,79,3,1676062843
172,63,2,1677361005
172,204,2,1677971112
172,20,4,1678058966
172,13,2,1679359303
172,198,5,1679595190
172,37,2,1680160859
172,212,2,1685841371
172,230,2,1688255050
172,18,3,1691351429
173,26,4,1602134758
173,134,4,1602572423
173,236,4,1603480040
173,43,2,1609522128
173,249,3,1621984359
173,226,4,1629017541
173,58,1,1630789018
173,225,2,1632586556
173,113,4,1633712182
173,138,5,1639837553
173,89,4,1640268162
173,93,5,1642284274
173,182,5,1647198393
173,85,4,1649694369
173,48,4,1652785940
173,175,4,1655228773
173,47,5,1656448757
173,33,4,1656745172
173,188,5,1657062974
173,112,4,1663505851
173,167,3,1671631888
173,210,5,1676541284
173,111,4,1678060500
173,27,4,1687588319
173,192,4,1693606602
174,65,3,1600740989
174,192,5,1616497272
174,125,2,1627194563
174,102,3,1631667852
174,180,2,1635713725
174,36,2,1637349071
174,145,2,1646910009
174,61,4,1647551272
174,175,3,1678244723
175,52,4,1600627284
175,237,4,1604026508
175,104,3,1609482632
175,127,2,1611368488
175,85,4,1612527039
175,236,3,1614329221
175,18,2,1615591892
175,31,2,1617354495
175,136,4,1617400388
175,168,5,1618338985
175,46,4,1618560351
175,9,3,1619287621
175,26,2,1619321201
175,199,4,1620578636
175,39,5,1621076960
175,10,3,1622439369
175,100,2,1622709292
175,77,3,1626099219
175,152,2,1626612890
175,21,4,1628005997
175,146,4,1628577985
175,78,3,1628632476
175,206,2,1629224182
175,225,3,1630933360
175,132,3,1631446570
175,210,4,1631603746
175,247,4,1631841320
175,188,3,1633447226
175,233,4,1635142928
175,171,3,1637793600
175,250,3,1638303354
175,193,3,1638709878
175,68,3,1638808440
175,83,2,1640941057
175,125,3,1642156010
175,192,3,1642862155
175,242,3,1644740560
175,226,3,1645409036
175,211,3,1645569595
175,224,2,1646276964
175,113,2,1646416342
175,130,2,1646744562
175,28,3,1647171234
175,223,2,1650390121
175,107,2,1650450578
175,173,3,1651044061
175,249,3,1651402050
175,153,2,1655646589
175,61,4,1655689373
175,232,4,1656478998
175,166,3,1657519985
175,174,4,1659425896
175,131,2,1660900699
175,89,4,1662039428
175,93,4,1662936273
175,111,3,1663790192
175,86,2,1664665459
175,123,3,1665219755
175,70,3,1665600331
175,175,4,1665650891
175,106,3,1666546075
175,149,1,1667953942
175,102,4,1668934954
175,109,3,1669740279
175,5,4,1670820409
175,27,3,1672116318
175,41,5,1672322761
175,47,2,1674505311
175,53,4,1678043035
175,221,3,1679342229
175,154,3,1679851173
175,50,4,1679943368
175,25,4,1680708903
175,180,4,1681712678
175,79,4,1682134763
175,2,3,1686542080
175,140,3,1686934589
175,244,3,1687415922
175,208,3,1688907669
175,238,2,1689358767
175,101,1,1689445789
175,184,4,1689721016
175,195,3,1690493519
175,218,2,1692741238
175,76,3,1693093895
175,214,3,1693200444
175,91,3,1693851416
175,170,4,1694489917
176,223,2,1600031150
176,98,3,1600083980
176,111,5,1602848602
176,130,2,1603677810
176,93,4,1604650829
176,21,3,1605681002
176,56,5,1606595976
176,115,2,1607751810
176,64,5,1612218689
176,3,2,1616494481
176,141,4,1616694307
176,79,5,1616725227
176,100,4,1619806392
176,58,3,1620199490
176,39,2,1622748136
176,68,5,1623059808
176,249,5,1624345893
176,61,2,1626243073
176,46,4,1628983385
176,127,5,1629234909
176,109,3,1631285657
176,69,5,1633012036
176,72,3,1637033998
176,145,4,1638064245
176,40,3,1639203685
176,206,3,1641283731
176,181,3,1645575283
176,81,4,1647117343
176,45,5,1647492303
176,80,4,1650031332
176,237,5,1650210536
176,41,3,1650254823
176,66,3,1662750916
176,122,3,1665895500
176,225,4,1666860923
176,13,2,1670767248
176,192,5,1672433768
176,250,4,1673124216
176,27,4,1673457926
176,154,5,1676025752
176,52,5,1678218609
176,196,4,1687340490
176,190,3,1689754924
176,168,4,1690164182
176,2,5,1692217941
177,100,1,1601162154
177,175,3,1611312979
177,238,2,1651560633
177,155,3,1660144523
177,232,2,1664094567
177,5,5,1665223603
177,64,5,1666995933
177,79,4,1676618691
177,39,5,1677765579
177,18,4,1694028294
178,223,2,1600849069
178,152,3,1601978098
178,111,4,1617128016
178,50,3,1626652606
178,136,4,1634523830
178,206,3,1634876959
178,53,5,1654279826
178,141,3,1654476784
178,27,3,1659470246
178,249,4,1662608588
178,184,3,1668133680
178,250,3,1670561371
178,13,2,1674158586
178,32,3,1678922643
178,128,2,1681366412
178,194,3,1683745342
179,41,5,1601967703
179,42,4,1603852896
179,226,3,1604392087
179,125,3,1607324250
179,223,2,1609836202
179,69,5,1611296942
179,36,2,1612271294
179,120,3,1612932797
179,13,3,1613684920
179,5,4,1614865253
179,94,5,1616176075
179,235,4,1617821253
179,132,5,1618767915
179,111,3,1619134661
179,100,2,1619670493
179,140,1,1621681488
179,52,3,1622210105
179,234,4,1622514016
179,188,3,1622630909
179,193,2,1626165193
179,85,5,1626637906
179,123,3,1630559210
179,93,3,1631570702
179,72,4,1631606141
179,32,3,1632380168
179,173,3,1634444188
179,130,2,1634714282
179,192,3,1639027080
179,25,4,1640338746
179,109,3,1642441561
179,214,4,1643195909
179,162,3,1644548884
179,231,5,1644566499
179,175,4,1645506900
179,198,3,1646788579
179,248,4,1646954629
179,210,3,1648401810
179,79,5,1648921247
179,45,3,1649247208
179,65,3,1650110752
179,78,4,1654502050
179,43,3,1656303203
179,213,5,1656941722
179,218,3,1657934909
179,63,2,1659525688
179,106,1,1659949370
179,222,3,1660158224
179,39,5,1665416316
179,196,2,1666114265
179,186,5,1669961849
179,18,3,1670802132
179,221,4,1671836971
179,225,4,1672370158
179,157,3,1673698172
179,27,5,1674315189
179,154,5,1677220678
179,169,2,1677304603
179,105,3,1677905743
179,143,3,1678003325
179,40,4,1681877729
179,68,3,1683598547
179,183,2,1684113418
179,182,3,1687327062
179,168,3,1689159275
180,36,3,1604739850
180,157,3,1605525131
180,212,2,1608549964
180,89,3,1611471510
180,44,3,1617543833
180,175,5,1619594307
180,76,2,1621375614
180,136,4,1621737504
180,189,3,1626564638
180,244,5,1634520059
180,152,3,1635007689
180,196,5,1635780160
180,235,4,1636713030
180,185,3,1641695785
180,47,2,1642542744
180,167,3,1642912554
180,39,5,1657526711
180,27,3,1661988657
180,30,3,1667251568
180,241,2,1669314524
180,101,2,1670771430
180,206,4,1677878931
180,191,1,1679105080
180,52,2,1679636654
180,33,2,1680152024
180,5,3,1681955690
180,65,4,1684228944
180,63,4,1684435594
180,155,3,1686140195
180,132,4,1687237275
180,100,4,1689321661
180,104,3,1691080531
180,21,3,1692550840
180,34,4,1693100047
181,27,5,1605161197
181,5,5,1607689291
181,242,4,1612889746
181,109,3,1613862773
181,79,5,1614429535
181,43,3,1620334319
181,183,1,1623553291
181,136,4,1624447874
181,93,5,1625768901
181,188,5,1627743190
181,30,3,1641645310
181,94,5,1644753179
181,229,2,1655584393
181,244,3,1656054846
181,196,5,1658493067
181,167,2,1659136755
181,9,4,1668051432
181,100,3,1668623301
181,130,2,1669614172
181,127,2,1674112851
181,53,4,1677779440
181,39,4,1683553043
181,175,4,1685998542
181,97,5,1686089150
181,235,3,1688155797
181,232,3,1689099022
181,111,5,1691825806
181,221,4,1693369763
182,128,3,1605050079
182,101,3,1607397085
182,237,4,1609235285
182,157,3,1609545117
182,45,3,1610218872
182,202,4,1610654852
182,76,1,1610680060
182,44,2,1610987736
182,89,3,1611142076
182,134,5,1611671418
182,28,2,1615978519
182,46,1,1616945072
182,59,3,1617772517
182,35,3,1619411854
182,219,2,1619937557
182,120,5,1620016019
182,39,4,1622710145
182,225,3,1623935568
182,175,4,1625081346
182,36,2,1625665723
182,7,3,1626160855
182,30,3,1628061111
182,56,4,1629056529
182,114,3,1629349036
182,153,2,1631278765
182,173,3,1631547168
182,121,5,1632731104
182,65,4,1632906179
182,234,3,1635403476
182,183,2,1636884583
182,115,2,1638081231
182,18,2,1638144061
182,111,3,1640297853
182,188,4,1642709316
182,182,4,1645686463
182,243,3,1646824619
182,179,4,1646857922
182,235,3,1648360285
182,54,3,1649081556
182,81,5,1649674783
182,154,5,1650116834
182,105,2,1650742670
182,5,3,1653261210
182,241,3,1653328492
182,209,5,1653984375
182,221,4,1655109035
182,139,2,1656225291
182,3,3,1656426245
182,79,2,1657399056
182,9,5,1659779338
182,217,3,1660328978
182,130,2,1661263483
182,216,3,1662252283
182,43,3,1664368596
182,199,2,1665539355
182,229,2,1668849545
182,195,5,1669766121
182,102,3,1671051661
182,135,4,1671502925
182,189,3,1672529436
182,232,3,1674263900
182,109,4,1678829887
182,100,1,1679160031
182,236,3,1679723156
182,206,4,1682302803
182,123,3,1686085324
182,93,3,1687338421
182,190,1,1687379751
182,34,5,1687897122
182,145,4,1688156178
182,48,4,1688173303
182,107,2,1689173505
182,140,1,1691904671
182,62,4,1692555268
182,94,4,1693262385
182,162,4,1693524568
182,98,2,1693572978
182,210,3,1693878761
182,27,4,1694461017
183,168,3,1600046241
183,61,4,1602203889
183,236,1,1604032500
183,188,3,1606306110
183,202,4,1608117297
183,39,3,1609438255
183,79,2,1612965796
183,244,3,1615019846
183,235,3,1615659176
183,175,4,1616265807
183,119,3,1619331445
183,27,5,1639262831
183,174,3,1639914064
183,125,4,1640692421
183,223,3,1644567403
183,120,5,1652105650
183,13,2,1655498339
183,241,2,1655517170
183,139,3,1660598469
183,214,4,1673385387
183,182,4,1674364601
183,162,2,1689165044
184,53,4,1601586559
184,13,3,1601979607
184,145,5,1604400594
184,25,1,1610528478
184,123,3,1614590847
184,104,4,1614811242
184,153,3,1615449113
184,174,3,1616524212
184,176,2,1617642408
184,61,3,1620127126
184,130,2,1621330868
184,136,5,1635873532
184,133,4,1640855803
184,249,4,1648464368
184,244,2,1654529458
184,94,4,1662027744
184,122,3,1662493899
184,173,3,1664511816
184,184,5,1675618566
184,225,2,1691353581
185,101,2,1600437425
185,115,2,1600499708
185,93,5,1601305533
185,53,5,1601625793
185,18,4,1603169879
185,46,3,1605397179
185,154,2,1605739905
185,191,2,1610729437
185,2,5,1615359394
185,19,3,1615728048
185,233,4,1615936417
185,157,3,1617301828
185,188,3,1618729509
185,152,3,1619081604
185,139,3,1620081245
185,39,3,1622717416
185,32,3,1622876077
185,20,4,1622913861
185,36,1,1623884335
185,192,3,1624354538
185,48,4,1624525636
185,230,4,1624918399
185,175,3,1624960611
185,124,3,1631352510
185,40,3,1635235190
185,52,4,1636938780
185,136,5,1644882092
185,203,2,1645498365
185,123,2,1650394787
185,202,4,1650453675
185,16,2,1651578067
185,198,4,1656506268
185,243,2,1656790659
185,27,5,1661370522
185,210,4,1665705482
185,208,4,1667241137
185,169,2,1668308328
185,219,1,1668812121
185,50,4,1670000077
185,76,4,1670324589
185,144,3,1673705454
185,125,3,1676014632
185,13,2,1681664829
185,89,3,1685011807
185,24,4,1686323922
185,14,3,1687815199
185,226,4,1691914299
185,85,3,1693662254
186,109,3,1601653065
186,65,4,1605173243
186,123,3,1607456467
186,157,2,1608655008
186,53,5,1610635885
186,18,5,1613143463
186,76,2,1613268864
186,39,5,1617155526
186,193,3,1618398029
186,202,4,1618437113
186,13,2,1627558393
186,100,3,1632288529
186,140,2,1632946210
186,79,4,1636307282
186,179,4,1637738862
186,173,2,1640735715
186,203,2,1641399608
186,175,4,1644667872
186,192,2,1645459195
186,98,2,1647924623
186,2,3,1648684825
186,50,4,1649273298
186,155,2,1654380630
186,57,3,1654873603
186,164,3,1659173192
186,248,3,1661518477
186,224,4,1663783455
186,206,3,1666612333
186,213,2,1667215279
186,210,4,1667328359
186,232,4,1668512381
186,5,4,1677604882
186,119,2,1679327277
186,70,3,1679421477
186,125,3,1680191896
186,154,3,1681350582
186,225,2,1681762935
186,130,3,1685129939
186,241,4,1685570443
186,242,3,1688163569
186,188,3,1690772791
186,27,5,1691014477
186,93,3,1694071784
187,139,2,1601159642
187,195,5,1602516742
187,107,3,1603419742
187,15,3,1605137317
187,164,3,1605284197
187,123,3,1606460172
187,160,5,1615741787
187,47,3,1623469608
187,136,3,1624889814
187,206,3,1626599167
187,244,5,1627661638
187,192,4,1631709879
187,5,4,1634505481
187,249,4,1634835676
187,46,2,1637250785
187,162,3,1638766533
187,100,2,1639475326
187,16,2,1639859305
187,21,3,1642634208
187,232,3,1642866379
187,155,5,1646948242
187,231,4,1650009043
187,18,4,1650333306
187,193,4,1651650578
187,111,4,1653328080
187,85,4,1653549504
187,210,4,1655228157
187,141,2,1656016763
187,93,5,1659603233
187,221,4,1659647939
187,137,3,1659790241
187,204,3,1660602310
187,27,4,1661590482
187,175,3,1661823467
187,39,4,1664927136
187,247,2,1666248152
187,89,3,1666726923
187,13,3,1667699510
187,154,4,1670389142
187,171,3,1675876225
187,53,3,1679447534
187,179,5,1679731564
187,199,3,1682164131
187,140,2,1684042301
187,153,5,1688653807
188,94,4,1601062198
188,210,3,1601380337
188,21,2,1603014752
188,69,4,1604654874
188,27,4,1604927712
188,188,2,1606369176
188,177,3,1607736674
188,235,3,1608443637
188,123,4,1611224359
188,2,5,1614682714
188,87,4,1616983932
188,100,2,1619166350
188,182,3,1619170236
188,193,4,1619402233
188,93,5,1622413099
188,195,4,1627550070
188,39,4,1628331245
188,13,4,1633703436
188,132,3,1634059694
188,117,5,1634412419
188,109,3,1634500764
188,192,4,1636782063
188,224,4,1637097122
188,48,3,1638291093
188,218,2,1646949331
188,166,3,1650257579
188,68,2,1650386919
188,130,3,1650825953
188,84,1,1653050273
188,232,3,1653914736
188,243,3,1660435722
188,230,4,1660616049
188,196,3,1664134758
188,214,3,1664240958
188,174,3,1664971232
188,154,3,1665512371
188,5,2,1666259472
188,57,4,1666442957
188,72,3,1667006393
188,17,3,1667061926
188,206,3,1667852522
188,18,4,1667997392
188,85,5,1671429700
188,225,3,1673636655
188,116,4,1673922304
188,173,3,1674105647
188,113,2,1674822029
188,175,5,1680201125
188,179,3,1682416598
188,128,2,1682831861
188,19,2,1684865974
188,168,4,1685665685
188,190,2,1685704880
188,183,5,1687697225
188,74,3,1687893352
188,216,4,1689055598
188,139,3,1690290733
188,16,2,1691158455
188,155,4,1691784320
188,222,4,1692518553
188,56,3,1693751597
188,89,3,1694290049
189,235,2,1601737297
189,36,2,1605442375
189,38,4,1606572856
189,250,3,1606811753
189,5,2,1608352182
189,52,3,1609967942
189,107,2,1612731592
189,132,3,1613216307
189,13,2,1614565640
189,93,5,1617454403
189,88,5,1618133370
189,50,4,1620105364
189,86,3,1621006091
189,126,5,1623645098
189,2,5,1626255108
189,143,3,1627202215
189,7,4,1629705408
189,197,2,1635123428
189,153,4,1640416581
189,173,4,1641972110
189,140,1,1650556429
189,48,3,1652810044
189,82,2,1653441540
189,229,3,1655440313
189,27,3,1657369443
189,55,3,1665265855
189,46,3,1666130993
189,198,4,1668071212
189,137,4,1668235822
189,184,2,1668653574
189,249,3,1669642343
189,182,3,1670430899
189,168,3,1676423583
189,188,3,1676541584
189,210,4,1678064865
189,241,5,1679720676
189,53,4,1680216388
189,16,1,1680484749
189,226,4,1680668648
189,30,4,1681011657
189,39,3,1682513516
189,193,5,1685688034
189,167,2,1685942415
189,136,3,1689985627
189,100,1,1693349853
189,221,3,1694411763
190,244,3,1601120808
190,39,4,1607673572
190,210,3,1608292107
190,226,3,1613058755
190,152,2,1614001231
190,136,4,1618548686
190,223,3,1620635927
190,24,4,1622317842
190,212,3,1623540401
190,208,4,1623906600
190,182,4,1624441764
190,120,4,1626361422
190,164,4,1626679669
190,107,3,1629346019
190,148,3,1633188436
190,85,5,1633718801
190,109,5,1634446283
190,238,2,1635643602
190,184,3,1635964016
190,100,2,1639193164
190,157,2,1640633270
190,115,4,1640762726
190,153,1,1642404489
190,15,4,1646612292
190,93,4,1647872988
190,13,3,1648206214
190,37,4,1649001983
190,31,3,1651348886
190,188,2,1653085666
190,154,4,1655295138
190,181,3,1657859824
190,137,3,1658170079
190,54,3,1660669410
190,225,3,1661344108
190,47,2,1663551175
190,221,4,1665017072
190,140,4,1666160397
190,224,3,1670638091
190,246,3,1672885752
190,249,2,1673910457
190,21,3,1674027509
190,206,3,1675317067
190,101,1,1677575792
190,125,3,1678309410
190,27,5,1679783975
190,196,2,1680901560
190,50,2,1683645943
190,57,4,1686333811
190,214,3,1687342059
190,94,5,1688942003
190,175,3,1689148548
190,141,2,1689668212
190,56,3,1691378950
191,18,3,1600021011
191,1,2,1603676985
191,68,4,1614931664
191,139,2,1615488519
191,152,2,1618166764
191,235,4,1619842908
191,165,4,1623237267
191,79,3,1626123794
191,163,1,1627402277
191,123,3,1630257072
191,54,3,1635401391
191,204,3,1637133324
191,130,4,1640140499
191,36,1,1640147744
191,214,5,1640530973
191,27,5,1655776754
191,168,3,1656107679
191,153,2,1657753612
191,243,4,1658504052
191,93,4,1663877734
191,140,3,1671047397
191,198,3,1677511989
191,155,2,1678967223
191,16,1,1680555249
191,39,3,1683522437
191,206,3,1686787909
191,188,4,1687657401
191,200,3,1688268512
191,132,3,1691544804
191,52,3,1692420555
191,127,4,1693014237
191,62,3,1693226934
191,98,4,1693732042
192,109,4,1602531261
192,192,5,1604442940
192,182,4,1605756270
192,232,3,1606927265
192,137,4,1608005093
192,198,2,1608868790
192,157,2,1612253720
192,47,4,1615004577
192,229,3,1617316391
192,205,5,1621043780
192,93,5,1622321395
192,214,5,1622560307
192,188,5,1623952484
192,175,4,1624034173
192,43,3,1627352313
192,235,3,1628460656
192,61,4,1634009577
192,134,3,1639019983
192,10,3,1639322226
192,160,5,1639458992
192,39,4,1643358950
192,196,4,1643763115
192,18,4,1646383227
192,219,1,1646386925
192,56,5,1647658878
192,167,5,1648367512
192,166,4,1652213390
192,140,3,1652625551
192,162,2,1654394250
192,173,4,1658754282
192,36,3,1668428429
192,79,3,1671823694
192,116,4,1679632064
192,50,3,1687649803
192,52,3,1688601032
192,63,4,1689141051
192,98,4,1691214237
193,147,2,1600268152
193,210,4,1602641671
193,93,3,1603045162
193,192,5,1606891238
193,102,2,1618414250
193,39,5,1620651253
193,98,4,1628303522
193,198,4,1629607833
193,21,3,1630424904
193,160,5,1630899219
193,81,5,1631243430
193,166,5,1632341115
193,203,1,1635540619
193,79,5,1638548624
193,54,3,1651947880
193,175,5,1652681936
193,188,2,1653572480
193,66,4,1654757327
193,206,4,1656258002
193,185,4,1658331806
193,249,3,1659826989
193,236,1,1660310418
193,232,4,1661119127
193,72,2,1661550539
193,27,5,1661725366
193,51,3,1669094781
193,101,3,1669574581
193,152,4,1671081930
193,168,5,1671151689
193,221,5,1671235832
193,33,3,1676347468
193,187,4,1678417581
193,177,4,1679397795
193,153,3,1688890113
193,109,2,1690838449
193,154,4,1691918944
194,223,3,1601292338
194,182,4,1601645418
194,218,3,1604602316
194,85,3,1612451651
194,234,4,1614748773
194,174,4,1615823916
194,27,3,1616198930
194,117,4,1618319735
194,140,3,1618771169
194,196,1,1621287618
194,54,4,1622441295
194,78,3,1626243435
194,132,3,1630516478
194,48,3,1632426730
194,153,4,1632631525
194,236,3,1635432821
194,188,3,1638292323
194,244,3,1640533082
194,155,2,1642210022
194,22,3,1643409552
194,89,3,1644620512
194,124,2,1644794309
194,76,2,1646478172
194,183,2,1649456833
194,184,2,1649878527
194,168,4,1651149477
194,175,4,1651879322
194,203,1,1654478210
194,232,3,1657312709
194,109,4,1657829394
194,180,3,1658399334
194,111,4,1660775594
194,241,1,1662185151
194,52,3,1668120337
194,189,2,1673841777
194,210,4,1676463165
194,169,2,1677008273
194,154,3,1678723932
194,120,4,1679598427
194,5,5,1681261290
194,13,3,1686888277
194,65,3,1688920351
194,243,2,1690804118
194,93,3,1692791546
194,39,3,1693959482
195,167,2,1600175517
195,70,3,1600616615
195,215,2,1603066446
195,244,3,1606430495
195,125,2,1606838500
195,68,4,1608436744
195,245,4,1615392541
195,76,1,1615946939
195,33,3,1617103233
195,236,4,1618588890
195,249,3,1618611453
195,50,4,1618893806
195,173,3,1620009263
195,31,3,1622560177
195,5,3,1625770691
195,21,2,1627205694
195,221,3,1628086275
195,85,3,1628485391
195,192,3,1628612342
195,243,3,1629769290
195,225,2,1629872836
195,36,2,1630865230
195,185,4,1633633112
195,204,2,1633812354
195,195,3,1637917223
195,210,3,1638114791
195,134,4,1638952964
195,199,2,1639906367
195,106,2,1640539598
195,23,4,1642283353
195,80,3,1643672301
195,145,3,1643684746
195,148,2,1644435773
195,138,3,1645051877
195,140,2,1647088452
195,89,3,1648743904
195,39,3,1650816181
195,150,5,1653880746
195,130,2,1659116585
195,101,2,1660875061
195,154,4,1660991549
195,224,4,1661080574
195,188,4,1661213219
195,93,3,1668310290
195,139,4,1668369950
195,48,3,1668478877
195,100,3,1670147092
195,35,3,1671406996
195,98,3,1673273219
195,94,4,1674541211
195,79,5,1674778514
195,182,4,1676935271
195,174,4,1680902778
195,175,3,1681122311
195,164,2,1681540806
195,43,5,1682827541
195,168,5,1684993722
195,25,3,1688304610
195,27,5,1691889630
196,243,3,1602818406
196,126,4,1603909363
196,5,4,1604721234
196,152,2,1606203285
196,182,5,1606906778
196,100,2,1607747665
196,221,2,1608550885
196,50,3,1611298920
196,164,4,1613629967
196,249,2,1617737368
196,79,4,1617773694
196,194,4,1618337659
196,53,4,1619989779
196,148,2,1623169593
196,232,3,1623252777
196,188,3,1625375902
196,228,2,1625454388
196,46,2,1625933920
196,109,4,1628347382
196,145,2,1628656937
196,141,3,1631353305
196,123,3,1632617019
196,136,4,1635915543
196,185,4,1636027625
196,26,2,1636355963
196,111,3,1638504186
196,211,2,1639541195
196,30,5,1639804109
196,202,4,1641240170
196,74,3,1641593737
196,52,5,1641724538
196,206,2,1645178018
196,196,3,1648012226
196,93,3,1655138043
196,192,3,1659975068
196,175,4,1660210157
196,218,2,1661527210
196,39,3,1662879075
196,154,4,1663305306
196,127,5,1664728681
196,167,2,1664921087
196,31,2,1668928453
196,47,2,1669235414
196,27,4,1669262258
196,139,2,1670256919
196,227,4,1671381235
196,130,2,1671923233
196,250,3,1672060699
196,155,1,1679396268
196,48,2,1679537728
196,36,1,1691776386
196,94,3,1693962345
197,52,2,1600352146
197,50,2,1604466977
197,210,4,1604807377
197,175,4,1615408060
197,198,2,1615598839
197,5,5,1617396145
197,93,3,1619470577
197,109,3,1620842355
197,18,3,1621155466
197,179,2,1621485910
197,70,4,1626822787
197,235,3,1627528680
197,208,3,1634085619
197,206,4,1637346431
197,218,3,1641702396
197,127,5,1644212941
197,214,3,1645356795
197,140,2,1651751333
197,139,3,1653323970
197,39,4,1656560891
197,102,3,1660155914
197,16,2,1665260192
197,123,4,1667300832
197,157,3,1669891423
197,215,3,1672396900
197,125,3,1673850129
197,27,4,1680581716
197,173,4,1680879346
197,100,4,1683958023
197,242,4,1685364900
197,13,3,1692448478
197,155,3,1693270060
197,105,5,1694145843
197,47,2,1694197698
198,56,4,1600352950
198,23,2,1600392866
198,192,4,1614076984
198,100,2,1616796890
198,32,3,1617846121
198,185,4,1619866449
198,188,2,1630739960
198,36,3,1634006203
198,68,4,1638478724
198,201,3,1641015059
198,27,2,1648607837
198,18,3,1648962622
198,210,3,1649552348
198,43,3,1657608316
198,61,4,1663401353
198,235,4,1664372906
198,236,3,1664526372
198,231,5,1667757618
198,242,3,1670640309
198,130,2,1674898940
198,137,5,1687380201
198,160,3,1688673285
198,139,2,1690843795
199,52,3,1601103464
199,5,4,1603177581
199,195,3,1606633327
199,154,4,1606667467
199,68,3,1606896271
199,57,4,1610060297
199,141,3,1613066757
199,250,2,1615673587
199,230,4,1616304427
199,210,3,1622537564
199,27,5,1623237637
199,100,2,1623506494
199,22,2,1624281510
199,50,3,1629012858
199,226,2,1629293186
199,126,4,1635956814
199,79,4,1636153663
199,18,3,1636529903
199,39,4,1639645320
199,221,3,1641731808
199,89,3,1642055343
199,188,4,1649325319
199,232,4,1650855278
199,61,2,1651920751
199,4,2,1654458575
199,86,1,1654691280
199,65,3,1663809889
199,94,4,1664575010
199,111,4,1666889151
199,33,3,1679032339
199,72,3,1679257794
199,168,4,1679494311
199,244,3,1682493101
199,169,3,1685530025
199,175,3,1686971829
199,2,5,1688006566
199,78,2,1688287610
199,184,4,1690265562
200,225,3,1601659356
200,128,2,1603326841
200,163,2,1604920918
200,121,4,1605761661
200,18,3,1607398775
200,237,3,1607865303
200,30,5,1608999156
200,104,4,1612667032
200,36,1,1613614224
200,88,5,1615929730
200,175,3,1616120689
200,206,2,1617814340
200,241,1,1619341330
200,111,3,1622868359
200,123,3,1623152778
200,136,5,1623473691
200,80,3,1625354555
200,5,3,1629914702
200,180,4,1632575270
200,168,3,1633972059
200,39,5,1635104226
200,15,3,1639130975
200,148,2,1647731722
200,89,3,1647830643
200,140,3,1663619091
200,52,2,1665451641
200,160,4,1666130478
200,33,2,1667838094
200,93,4,1668483348
200,79,4,1668581341
200,214,3,1668886788
200,226,3,1669520650
200,223,3,1673399265
200,115,3,1677987170
200,188,4,1678281999
200,50,3,1680999668
200,154,3,1682968033
200,177,4,1683394453
200,94,3,1684322190
200,101,2,1686212215
200,138,4,1687810546
200,106,2,1691079668
200,182,4,1691864059
200,229,3,1693081466
201,221,5,1600720109
201,134,4,1602331403
201,46,4,1607971860
201,111,3,1609742386
201,86,2,1610008828
201,215,3,1611541013
201,2,5,1613974031
201,93,5,1615850982
201,53,3,1616751430
201,141,3,1617503021
201,9,5,1624755423
201,63,2,1625986167
201,136,3,1626544544
201,13,2,1627137121
201,247,5,1627404765
201,188,2,1631345701
201,152,1,1631726293
201,140,3,1631948960
201,206,4,1635145122
201,225,3,1635876020
201,248,3,1636340990
201,126,5,1636809745
201,218,3,1638783981
201,183,4,1639382972
201,154,3,1642494207
201,39,4,1648733706
201,164,5,1651183264
201,14,3,1652339879
201,40,5,1652636635
201,173,4,1657558603
201,18,5,1663056905
201,52,3,1663964143
201,165,5,1664193570
201,184,4,1664262313
201,250,3,1666257399
201,162,3,1667475954
201,109,4,1667933476
201,19,5,1670245666
201,249,3,1679344805
201,175,4,1679838190
201,88,5,1680301680
201,155,5,1680351276
201,168,4,1681645831
201,132,4,1683122086
201,27,3,1687443194
201,145,3,1687483237
201,36,2,1688125554
201,150,4,1689139720
201,232,5,1690648571
202,50,3,1600490085
202,223,2,1600629842
202,88,3,1601788225
202,192,4,1601831433
202,94,5,1601949511
202,234,4,1602632011
202,93,4,1603164723
202,215,2,1604226074
202,206,4,1604567367
202,184,4,1606223533
202,178,4,1607115399
202,48,2,1608088232
202,232,3,1608955470
202,193,4,1609750766
202,76,4,1609841565
202,219,5,1611371474
202,227,3,1611524769
202,111,4,1611738960
202,46,4,1611952787
202,249,5,1614916051
202,181,4,1615163805
202,229,3,1616116419
202,221,5,1616232065
202,59,2,1617021740
202,174,4,1617579461
202,61,3,1619951253
202,140,3,1621186499
202,166,3,1621913351
202,123,3,1624249413
202,100,4,1625078917
202,79,2,1626899460
202,19,4,1627100359
202,56,3,1627138935
202,107,3,1628853858
202,168,4,1631516338
202,176,3,1631634786
202,139,4,1632174763
202,141,3,1632813741
202,116,3,1633435857
202,24,5,1633629380
202,54,4,1633826131
202,137,3,1633970658
202,33,3,1635051592
202,68,3,1636468347
202,28,5,1636573246
202,226,3,1637169926
202,179,4,1639544868
202,208,3,1639636308
202,210,3,1639788602
202,132,3,1639885303
202,5,4,1640781545
202,98,4,1642668705
202,13,3,1644318403
202,164,3,1644421175
202,62,3,1644490026
202,110,4,1644748413
202,188,4,1646118262
202,155,2,1647291367
202,152,3,1647509259
202,128,2,1648055515
202,18,3,1648578260
202,245,3,1650032986
202,162,4,1650778670
202,52,2,1651526244
202,103,2,1651626634
202,218,2,1652178537
202,225,3,1652623671
202,83,2,1652740522
202,247,3,1654575365
202,236,3,1656193358
202,127,5,1657732183
202,85,3,1658459414
202,3,3,1658708767
202,199,3,1659076652
202,104,4,1662028344
202,12,1,1662427706
202,154,3,1662824268
202,201,4,1663534025
202,89,3,1664749163
202,198,3,1665402863
202,105,4,1665712144
202,136,3,1665963079
202,101,2,1667750532
202,244,5,1667764981
202,175,4,1668364199
202,186,4,1668838455
202,81,4,1669486179
202,43,3,1669611104
202,202,3,1670637916
202,2,3,1670926076
202,125,4,1671317651
202,36,2,1672001127
202,138,4,1672569014
202,27,3,1675540079
202,6,3,1677153337
202,242,4,1678064495
202,115,2,1679137527
202,153,2,1679766706
202,53,4,1680425157
202,69,3,1683210430
202,45,2,1683687404
202,65,4,1684064887
202,109,5,1684283296
202,9,5,1685047109
202,130,2,1686784394
202,160,4,1688496875
202,80,3,1689473763
202,222,3,1691651796
202,25,3,1693086801
202,39,4,1693307860
202,20,4,1694003821
203,21,3,1602161828
203,30,4,1602592775
203,94,4,1603041130
203,115,2,1603915494
203,192,3,1606012593
203,198,5,1606998951
203,146,3,1609615955
203,130,3,1610329216
203,157,1,1614276475
203,178,2,1620987026
203,27,4,1621716289
203,199,3,1622555022
203,100,3,1624341416
203,155,2,1625658667
203,221,3,1633441143
203,175,4,1635076283
203,244,3,1636258874
203,237,2,1639389603
203,68,3,1640253389
203,9,3,1643541753
203,176,3,1645165903
203,219,1,1655910025
203,50,3,1656137038
203,140,3,1659968387
203,2,3,1666845473
203,210,4,1667727716
203,223,2,1667955765
203,208,3,1669038899
203,102,1,1672956743
203,79,3,1675108570
203,117,2,1677982328
203,39,4,1684395106
203,19,3,1686763775
203,209,2,1686999371
203,111,4,1688572335
204,177,3,1600724621
204,169,4,1600796522
204,30,2,1601652778
204,127,4,1601905784
204,244,4,1601938206
204,13,2,1602847170
204,81,5,1607793234
204,21,4,1610800947
204,152,3,1621839321
204,147,3,1622358483
204,175,3,1624286273
204,2,5,1626018884
204,109,4,1627200104
204,24,4,1627258135
204,65,3,1631827925
204,56,3,1633632255
204,107,3,1635200072
204,193,4,1636388950
204,50,3,1638119541
204,54,3,1639488247
204,72,4,1643154069
204,62,3,1643474741
204,130,2,1646832307
204,92,2,1648279423
204,146,5,1648473221
204,132,3,1649738792
204,39,4,1649863354
204,226,5,1652603115
204,154,3,1654254531
204,163,3,1656000555
204,76,3,1658915373
204,27,4,1663135846
204,111,5,1664605624
204,186,4,1666027231
204,210,4,1666535070
204,225,3,1667076031
204,247,4,1668182889
204,188,4,1670343110
204,100,4,1670618894
204,94,5,1672791711
204,18,3,1676934373
204,61,3,1678196376
204,93,5,1680362354
204,123,2,1682663781
204,185,5,1683879473
204,155,4,1684323500
204,19,5,1685631385
204,165,4,1693354419
205,177,4,1601327356
205,152,2,1601527730
205,233,3,1603606117
205,153,4,1603674843
205,154,5,1603822311
205,104,5,1604554992
205,24,4,1605847319
205,246,4,1609055684
205,5,5,1609661282
205,163,3,1610059753
205,160,3,1610188465
205,185,4,1610189926
205,136,4,1612344130
205,79,2,1612690905
205,226,3,1616418132
205,125,5,1618414618
205,23,4,1618479632
205,123,5,1618685261
205,11,3,1618804770
205,175,3,1619315064
205,235,4,1619480276
205,13,3,1621229841
205,3,2,1623267978
205,78,4,1625765939
205,83,4,1626340278
205,27,5,1628736258
205,221,3,1629145474
205,52,3,1631435271
205,157,3,1632579073
205,93,5,1634015035
205,100,4,1637132676
205,168,3,1640027496
205,32,2,1642982439
205,33,3,1643372922
205,199,4,1643701834
205,188,5,1643787033
205,210,5,1643803140
205,50,3,1644356884
205,139,4,1649891957
205,190,1,1652365323
205,204,4,1653393940
205,115,2,1655652625
205,46,4,1657070183
205,229,4,1658917796
205,25,2,1659074093
205,48,4,1660108859
205,39,2,1662956121
205,109,2,1665172778
205,61,5,1666293094
205,202,5,1666744320
205,225,3,1669411105
205,111,5,1669890497
205,85,2,1669965942
205,53,5,1670363107
205,18,5,1671366159
205,228,2,1672467621
205,144,5,1674646181
205,69,5,1677305862
205,249,5,1679010427
205,110,5,1679911876
205,206,3,1681949431
205,130,2,1684811423
205,37,2,1687213099
205,16,2,1689054575
205,195,4,1690877993
205,166,3,1693747868
205,107,3,1693918248
205,2,5,1694386555
206,192,3,1600722394
206,20,4,1600923816
206,27,4,1600996549
206,234,4,1604444679
206,233,4,1608205169
206,182,5,1609197018
206,54,4,1613329110
206,32,3,1614331788
206,213,2,1616854270
206,50,3,1618231279
206,180,4,1618497677
206,93,2,1619731360
206,100,4,1621380863
206,45,3,1629387374
206,18,3,1631064059
206,132,5,1632859068
206,136,5,1635501999
206,175,4,1635539771
206,79,5,1647687005
206,186,4,1648375728
206,68,2,1652498951
206,130,2,1654623662
206,48,4,1654824316
206,5,3,1657635228
206,39,3,1659061438
206,154,2,1660591654
206,123,3,1665179653
206,148,1,1671768750
206,166,3,1678592289
206,33,3,1679116135
206,210,3,1682283311
206,110,4,1682849532
206,4,2,1684877504
206,237,3,1685454848
206,102,2,1689815595
206,36,1,1690236541
206,21,4,1690651921
206,188,3,1691836122
206,168,5,1692845447
207,132,5,1600362454
207,85,4,1600584961
207,154,3,1601543295
207,174,4,1601776605
207,151,4,1604393384
207,146,5,1606393033
207,22,3,1607211649
207,118,3,1609240038
207,68,3,1610320329
207,93,3,1610491596
207,170,2,1610928857
207,137,4,1611422042
207,149,2,1612019453
207,86,1,1614336004
207,184,1,1614881449
207,150,4,1615025768
207,181,2,1615720140
207,21,3,1616553818
207,211,3,1616738752
207,62,2,1617295855
207,25,4,1617761364
207,232,4,1618049962
207,56,4,1618464881
207,94,5,1619783177
207,13,3,1620160506
207,128,4,1621032704
207,130,3,1621067379
207,188,4,1621392637
207,64,3,1622891337
207,219,4,1623377399
207,95,3,1623471133
207,179,3,1625032528
207,39,4,1625204333
207,148,5,1626156245
207,36,1,1627892934
207,12,3,1628583129
207,5,4,1628737012
207,168,4,1629472115
207,121,3,1629991434
207,206,2,1630709353
207,24,5,1630994399
207,249,4,1632067049
207,131,4,1632675333
207,47,1,1633293082
207,50,2,1634060710
207,10,3,1634496669
207,32,2,1636156442
207,127,3,1636476492
207,160,3,1638441241
207,17,4,1638714834
207,192,4,1639653713
207,234,3,1640296760
207,221,3,1641366239
207,115,3,1641882638
207,212,3,1643311845
207,114,3,1644487399
207,202,4,1644507424
207,197,2,1644776605
207,175,4,1645796245
207,229,4,1646392924
207,250,3,1646999812
207,152,2,1647749159
207,34,4,1648202103
207,218,1,1648729905
207,138,5,1649201638
207,31,4,1649638370
207,203,1,1649882571
207,231,5,1650049982
207,143,4,1651359506
207,124,3,1651767606
207,157,5,1652472756
207,20,4,1656065120
207,80,3,1656410496
207,226,3,1656865391
207,190,1,1657208017
207,79,4,1658924356
207,247,2,1659164667
207,225,3,1659689917
207,237,3,1659820456
207,89,4,1660374252
207,15,3,1660498872
207,164,3,1660710686
207,155,2,1661077831
207,107,2,1662456948
207,105,2,1663075189
207,54,5,1664129380
207,53,5,1664700288
207,61,2,1665449458
207,141,3,1665508297
207,18,3,1665576174
207,72,4,1666502496
207,125,5,1666933696
207,193,4,1667266187
207,235,5,1667828723
207,41,5,1668360501
207,140,2,1669387463
207,189,4,1670161067
207,48,3,1671084885
207,87,2,1672329128
207,185,5,1673964832
207,52,4,1675563829
207,110,4,1676176355
207,120,2,1676316135
207,217,2,1676776422
207,210,3,1676879087
207,27,3,1678559658
207,173,2,1679164221
207,111,4,1679240278
207,55,2,1679500386
207,123,2,1680839770
207,153,2,1681710320
207,236,2,1681859360
207,109,3,1682072735
207,244,3,1683971213
207,198,4,1684481516
207,78,1,1685313860
207,136,3,1686524849
207,145,4,1686981311
207,200,2,1687878638
207,139,3,1688228115
207,44,3,1690262272
207,76,2,1690642652
207,26,5,1690856555
207,182,4,1691326979
207,69,5,1691957921
207,16,2,1692140078
207,167,3,1693230618
207,100,1,1693333411
208,210,4,1601944701
208,89,3,1602313524
208,61,5,1617504547
208,180,4,1619626965
208,195,2,1621488981
208,79,3,1626798332
208,188,4,1628421931
208,181,3,1629363251
208,93,3,1630289427
208,19,3,1640427989
208,27,5,1641988507
208,134,4,1642158828
208,194,3,1651863473
208,130,2,1656810741
208,231,4,1657041519
208,154,2,1657328291
208,246,2,1661463330
208,85,5,1665014693
208,168,3,1667402179
208,107,3,1668555102
208,192,2,1668963555
208,244,5,1670900347
208,127,5,1672621446
208,125,3,1679214355
208,106,1,1686810632
208,56,4,1690204742
208,18,3,1690436496
208,105,4,1690628973
208,232,4,1693418783
209,219,2,1600335569
209,2,5,1601718228
209,210,4,1603670187
209,128,3,1604002577
209,5,3,1604165592
209,168,4,1604409887
209,175,4,1606927928
209,50,4,1606976472
209,94,3,1607373030
209,196,3,1608885470
209,77,3,1610576030
209,39,3,1612375535
209,102,3,1617332469
209,36,2,1619311199
209,18,4,1619824376
209,62,3,1621059878
209,91,3,1621227891
209,203,2,1623303195
209,100,3,1626513383
209,248,4,1627168207
209,58,4,1627196494
209,197,3,1627484334
209,27,4,1628371708
209,52,4,1629962565
209,12,4,1631277102
209,37,3,1632306243
209,130,2,1635681077
209,185,5,1637559567
209,76,4,1637938329
209,192,3,1639048868
209,169,3,1640152950
209,70,5,1646735731
209,226,3,1648159980
209,249,4,1651548880
209,138,4,1653443257
209,198,3,1654295004
209,136,3,1655179824
209,22,3,1659131958
209,179,5,1661631160
209,137,4,1662239493
209,45,3,1666944167
209,208,5,1669184092
209,123,3,1671065211
209,111,3,1674557270
209,46,4,1674620939
209,26,4,1679645912
209,93,5,1681231894
209,121,4,1684666453
209,206,3,1686564311
209,202,4,1691982962
209,154,3,1691987818
209,188,5,1694442828
210,132,2,1601747729
210,152,3,1604079541
210,228,3,1614279760
210,188,3,1616837245
210,173,4,1621250867
210,185,5,1625005440
210,208,4,1632632153
210,18,4,1640114712
210,186,3,1641672281
210,100,3,1642054334
210,223,1,1645949597
210,26,3,1647138116
210,80,3,1651815665
210,105,2,1657029155
210,169,2,1660876297
210,123,3,1664463705
210,249,4,1680456295
210,175,3,1690487704
211,141,3,1601206961
211,21,5,1604646729
211,146,4,1605705685
211,219,1,1606817826
211,136,5,1611904256
211,250,5,1612874459
211,62,3,1615645892
211,207,5,1620284464
211,111,5,1620507650
211,196,4,1620630072
211,168,4,1621275039
211,93,5,1623594167
211,221,4,1625056359
211,154,5,1627977352
211,9,3,1631251368
211,109,3,1634403104
211,61,4,1636896988
211,27,5,1642396489
211,100,3,1642436221
211,76,3,1647866343
211,5,5,1651999122
211,52,3,1653863042
211,210,4,1660151982
211,19,2,1660797625
211,175,3,1662000047
211,39,4,1662510017
211,86,4,1662566440
211,191,3,1664415995
211,25,3,1664639836
211,200,3,1665282040
211,236,5,1666007176
211,190,3,1666742746
211,80,3,1671918155
211,229,3,1673071854
211,192,3,1676701958
211,89,4,1679774051
211,232,4,1689556283
211,188,4,1690656781
212,184,2,1600333391
212,124,4,1602294004
212,50,2,1607443488
212,36,3,1609815668
212,84,2,1611230665
212,188,3,1617640877
212,208,3,1618909088
212,85,4,1620497302
212,235,4,1623837241
212,4,3,1627822910
212,236,2,1628369099
212,175,4,1629370144
212,61,3,1630062141
212,18,3,1632026377
212,136,4,1632055496
212,112,4,1634529036
212,249,5,1636198911
212,107,1,1638678575
212,102,3,1640407088
212,206,3,1641399455
212,166,4,1641527834
212,146,4,1642304487
212,100,4,1643238224
212,48,4,1646227689
212,117,2,1646342188
212,210,4,1648401297
212,79,4,1649667424
212,27,3,1654149082
212,56,4,1655305310
212,110,3,1656001918
212,32,4,1656604199
212,163,3,1657883513
212,160,4,1658258161
212,94,5,1659119047
212,39,4,1665306826
212,35,3,1669709845
212,30,3,1669860801
212,229,3,1672108569
212,123,3,1672563173
212,22,2,1674818562
212,53,4,1677792531
212,5,4,1681107428
212,226,3,1683106461
212,250,3,1685489582
212,245,2,1687688868
212,154,3,1687935645
212,86,2,1687976750
212,101,2,1689225038
212,120,4,1692965753
212,59,3,1694090993
213,141,3,1602433815
213,232,5,1603333869
213,5,5,1603977162
213,102,2,1604313385
213,105,3,1604630246
213,116,2,1604923264
213,27,4,1607647854
213,47,2,1608545629
213,20,5,1610506331
213,26,3,1612662119
213,152,3,1613186855
213,231,4,1613787606
213,55,4,1614503239
213,104,2,1617180018
213,203,2,1618652289
213,100,4,1621723672
213,39,3,1622006487
213,184,5,1623156939
213,174,2,1624442299
213,177,4,1624636863
213,182,5,1627766322
213,19,4,1628302920
213,168,4,1629530839
213,166,4,1630217245
213,154,4,1632757146
213,76,2,1633497626
213,179,3,1634911964
213,85,3,1636922009
213,61,4,1637922333
213,241,1,1639503787
213,130,3,1641109588
213,140,3,1642947965
213,190,1,1643239274
213,139,2,1643774778
213,236,3,1644476791
213,83,3,1647145223
213,244,4,1648744867
213,228,3,1648780821
213,188,3,1648842295
213,69,4,1650560464
213,157,3,1651359145
213,175,4,1652438998
213,137,3,1652474498
213,173,4,1652620654
213,162,4,1654989502
213,249,4,1655916238
213,4,2,1657186308
213,2,4,1657706734
213,56,4,1659138494
213,79,5,1659398998
213,15,3,1662025510
213,185,3,1662981077
213,32,3,1663391356
213,18,4,1664629213
213,128,3,1665472739
213,229,3,1666835334
213,138,4,1667683489
213,214,4,1667740873
213,115,3,1668172628
213,33,3,1670898023
213,123,2,1671221612
213,221,5,1672127069
213,246,2,1672404139
213,62,3,1673916544
213,224,4,1676047508
213,111,5,1676437352
213,54,3,1677477949
213,206,3,1677665650
213,200,3,1677971970
213,93,2,1679132480
213,199,3,1680030410
213,121,4,1681534586
213,145,3,1681633334
213,71,3,1681820546
213,210,4,1684022595
213,109,2,1684223646
213,68,4,1685474426
213,235,4,1685881730
213,114,4,1687037672
213,120,3,1691257904
213,155,2,1691793758
213,13,3,1692942801
213,225,4,1693016201
214,162,3,1602333458
214,69,4,1603616419
214,78,3,1604141475
214,28,2,1604592844
214,56,3,1607439650
214,6,2,1611225923
214,232,2,1612011797
214,206,4,1615233216
214,101,3,1616174935
214,48,3,1616706453
214,100,3,1616845997
214,219,2,1617366160
214,250,2,1618785252
214,204,4,1620286628
214,79,5,1620661026
214,15,3,1621475929
214,123,3,1621488372
214,88,5,1621606122
214,166,4,1621749603
214,9,3,1622241945
214,61,5,1622837707
214,195,4,1623176798
214,214,3,1623874103
214,188,3,1625140006
214,210,4,1628072974
214,27,4,1628706009
214,243,4,1628916764
214,80,5,1630190771
214,247,3,1633416351
214,47,3,1634614917
214,184,4,1640561019
214,235,3,1642322187
214,138,3,1642855041
214,36,3,1644817585
214,130,3,1646583955
214,90,3,1651907046
214,127,5,1652704368
214,225,3,1654696741
214,179,3,1656075909
214,194,3,1659928432
214,126,4,1663624091
214,13,4,1664336390
214,152,4,1665563810
214,4,3,1667544205
214,170,5,1670005534
214,119,4,1671529139
214,221,4,1672608280
214,33,3,1672791223
214,35,5,1677024121
214,236,1,1680307024
214,173,3,1681008983
214,39,5,1681881397
214,46,2,1686584087
214,14,2,1688255920
215,222,4,1600318318
215,154,5,1602558808
215,206,3,1602560775
215,2,4,1603768573
215,141,4,1607308234
215,130,1,1609461852
215,39,5,1610194814
215,174,4,1611281393
215,173,4,1612412687
215,70,3,1613954214
215,109,5,1617109083
215,18,3,1618215543
215,250,2,1618901564
215,21,4,1619433197
215,123,3,1619475753
215,48,3,1621869691
215,193,4,1623043751
215,168,5,1623409995
215,20,4,1626051621
215,184,4,1626083206
215,244,3,1627967137
215,53,4,1628888139
215,128,3,1631454083
215,188,4,1631952049
215,151,1,1632261878
215,8,3,1633078450
215,91,3,1634093449
215,192,2,1634818034
215,201,3,1636980798
215,111,3,1637223329
215,198,2,1638605905
215,50,3,1638718702
215,136,4,1639685846
215,9,4,1640191929
215,77,3,1640604531
215,189,2,1640975868
215,68,4,1641349691
215,81,3,1641697806
215,219,4,1644356297
215,225,2,1644613614
215,5,3,1645123445
215,101,2,1645599611
215,232,3,1646296253
215,138,4,1647021515
215,203,2,1647061601
215,211,3,1647368032
215,127,2,1647817739
215,19,3,1647876208
215,132,3,1649233049
215,235,3,1649254630
215,140,2,1653001964
215,61,4,1653109041
215,245,3,1653550321
215,27,4,1654336638
215,214,4,1656117172
215,139,4,1658062832
215,236,3,1658087275
215,226,4,1658396367
215,231,4,1661180058
215,249,3,1663410573
215,80,2,1663983590
215,233,3,1666558811
215,208,4,1669009238
215,119,1,1669400160
215,221,3,1673028953
215,155,2,1673710361
215,152,3,1674051807
215,47,1,1674410810
215,83,2,1675103997
215,175,4,1675128152
215,88,5,1676423375
215,104,3,1677774961
215,213,4,1679550763
215,185,2,1680866262
215,93,3,1681717628
215,167,2,1682762813
215,182,3,1684322253
215,28,2,1685126287
215,79,3,1685467067
215,137,5,1686266016
215,171,3,1686965635
215,218,3,1689704401
215,17,3,1691433062
215,166,3,1693420786
215,86,1,1693885806
216,206,3,1600661085
216,188,4,1600663258
216,126,4,1602721583
216,203,2,1603335562
216,237,5,1603985890
216,13,2,1608214237
216,223,3,1614199873
216,225,4,1618752550
216,105,1,1620049543
216,61,4,1620059754
216,241,1,1620574212
216,185,5,1621468172
216,100,2,1621529556
216,250,4,1622042615
216,52,3,1628867519
216,77,4,1632326570
216,168,3,1633737801
216,145,3,1636405725
216,182,5,1638877792
216,130,3,1641328596
216,85,4,1642598852
216,109,2,1646961022
216,192,3,1647770096
216,39,5,1649466610
216,167,3,1649943855
216,232,3,1654233400
216,236,2,1654459603
216,123,4,1657270922
216,111,3,1659367687
216,154,4,1661593921
216,155,2,1669282665
216,150,3,1673544192
216,91,3,1678956883
216,244,3,1680533370
216,221,4,1686282381
216,27,4,1687834766
216,29,3,1693350237
216,175,4,1693921583
217,18,4,1600765633
217,91,2,1604501218
217,167,3,1606726874
217,28,4,1616970272
217,31,3,1617290649
217,180,4,1627760334
217,175,4,1628435775
217,94,4,1633799351
217,236,5,1639547835
217,225,3,1641559849
217,54,3,1645552776
217,169,5,1646265527
217,74,3,1647312592
217,100,1,1651271811
217,210,3,1651543076
217,123,4,1651958275
217,206,3,1657225750
217,46,3,1657511292
217,124,2,1660224399
217,146,3,1660272909
217,109,3,1667594546
217,125,4,1667977831
217,203,3,1676354697
217,246,4,1678887690
217,39,4,1679834425
217,111,3,1689423242
217,21,4,1692595323
217,79,2,1692639337
217,135,2,1694125351
218,39,5,1600948810
218,140,2,1603594174
218,31,3,1603801937
218,150,5,1604606878
218,166,5,1604618856
218,88,5,1604755052
218,242,1,1605489597
218,216,3,1605774487
218,9,4,1606754063
218,182,5,1606840364
218,14,4,1607825857
218,132,5,1607946097
218,146,3,1608239325
218,50,2,1608493199
218,175,5,1608738253
218,94,5,1609989807
218,157,4,1610272878
218,80,4,1611040323
218,208,4,1611601793
218,234,4,1612324399
218,244,5,1613397658
218,2,4,1613499686
218,36,3,1614425583
218,18,5,1614758591
218,65,4,1615676245
218,123,3,1615912233
218,233,3,1616081606
218,53,4,1617024951
218,61,5,1617029172
218,154,4,1617054366
218,47,4,1617194274
218,232,3,1617659181
218,116,4,1618166913
218,86,1,1618448519
218,194,4,1619126751
218,97,3,1619140294
218,200,5,1619637073
218,110,2,1619642872
218,145,4,1620059796
218,111,2,1620060980
218,27,3,1621911850
218,100,2,1621925735
218,28,3,1621975539
218,167,3,1622329609
218,239,4,1622681223
218,156,4,1623468823
218,191,2,1623736344
218,37,4,1623944485
218,125,3,1624334291
218,85,5,1624403116
218,66,3,1629369250
218,54,3,1630396347
218,190,2,1630563829
218,198,3,1630745709
218,188,3,1632110723
218,15,3,1633752300
218,222,5,1633955556
218,101,1,1635691075
218,62,2,1635935857
218,118,3,1638184267
218,181,1,1639720533
218,172,3,1640403417
218,84,2,1641399820
218,55,3,1642908152
218,120,2,1643451206
218,173,3,1644364642
218,195,5,1644403054
218,186,4,1644438879
218,155,3,1644715524
218,215,2,1644963056
218,236,4,1645382704
218,102,2,1645599989
218,139,4,1646045256
218,196,3,1647147858
218,119,3,1647786865
218,152,4,1649850282
218,121,4,1651479191
218,153,3,1651528027
218,109,2,1651759276
218,41,4,1652672320
218,247,2,1653435811
218,223,3,1654588514
218,131,3,1654777083
218,10,3,1655861084
218,93,4,1656438823
218,221,5,1657119106
218,24,5,1657865198
218,127,2,1657924517
218,192,3,1658069539
218,34,4,1658917966
218,238,2,1659973270
218,13,4,1662299362
218,171,3,1662535547
218,75,3,1663492033
218,43,5,1663537363
218,35,4,1664235693
218,45,4,1665128685
218,235,5,1665948189
218,243,4,1666126186
218,148,2,1666731939
218,164,3,1667147651
218,130,2,1667512426
218,193,3,1667693331
218,184,1,1667695379
218,170,3,1669607282
218,76,2,1669718665
218,180,4,1670100692
218,136,3,1670376177
218,174,3,1670674693
218,219,2,1670706419
218,249,2,1670780582
218,4,3,1671172334
218,241,2,1673907217
218,142,2,1675680896
218,231,5,1676733424
218,202,4,1677271041
218,30,4,1677558157
218,79,4,1678594988
218,89,3,1679138856
218,104,4,1679229423
218,168,5,1679523541
218,179,2,1679547597
218,124,4,1680208117
218,203,3,1680327852
218,46,2,1681070096
218,83,3,1682284084
218,224,3,1683120001
218,58,2,1683814950
218,16,1,1683989827
218,240,3,1684415129
218,48,3,1684760334
218,230,3,1685148243
218,107,2,1685360863
218,199,3,1685929608
218,52,4,1686909212
218,250,3,1687634174
218,5,3,1687832714
218,201,5,1687848764
218,206,5,1688485184
218,141,2,1688489677
218,78,3,1689281591
218,225,4,1690228938
218,25,2,1690981606
218,210,3,1691777772
218,204,1,1693083001
218,122,3,1693705358
218,68,3,1694021050
219,86,2,1604072549
219,9,4,1605524799
219,104,3,1605992179
219,179,5,1608439414
219,27,2,1609007686
219,58,3,1609693259
219,182,4,1610147226
219,30,3,1611823675
219,39,5,1615190670
219,109,3,1615502798
219,103,2,1615599286
219,125,4,1615704045
219,136,3,1616809449
219,215,2,1618919966
219,225,3,1619116836
219,117,3,1620721329
219,132,3,1622198088
219,209,2,1624621817
219,61,4,1627803815
219,3,4,1630852399
219,178,5,1631555080
219,41,3,1632495670
219,141,4,1632837084
219,7,5,1639300022
219,138,4,1639973269
219,97,3,1641395280
219,248,3,1642309646
219,57,5,1642885974
219,114,2,1647822356
219,250,2,1648150100
219,50,4,1650377525
219,140,4,1650410729
219,174,4,1652658550
219,185,3,1655310872
219,52,4,1658393822
219,88,4,1658906074
219,135,4,1660251887
219,192,3,1660694948
219,246,2,1661072489
219,173,4,1668329893
219,188,3,1669202162
219,65,3,1672241234
219,70,5,1673542422
219,249,4,1674831460
219,154,3,1678362824
219,53,3,1679467219
219,85,5,1679761698
219,5,5,1682437212
219,145,3,1683793591
219,111,3,1688311142
219,94,5,1692843837
219,18,4,1692949343
219,68,4,1693614143
219,226,4,1694113738
219,168,3,1694182722
220,188,4,1600345792
220,225,4,1600499764
220,226,4,1601347263
220,162,5,1603115988
220,193,3,1603611481
220,7,2,1611220014
220,210,2,1611401755
220,169,5,1612328343
220,111,3,1615828272
220,21,2,1617882805
220,3,2,1623126353
220,235,5,1624346996
220,126,2,1626137998
220,40,4,1627922441
220,27,3,1630569723
220,221,3,1634091830
220,61,3,1640039997
220,187,3,1642726555
220,39,3,1646601745
220,52,4,1647663829
220,132,3,1656904261
220,76,3,1668050753
220,192,5,1671472655
220,249,3,1673266312
220,97,5,1680178608
220,209,5,1681078512
220,243,3,1684111811
220,48,3,1690326360
221,204,2,1600227122
221,15,4,1600365122
221,28,3,1603687536
221,139,2,1604941806
221,19,2,1612403680
221,130,3,1612524581
221,79,3,1612826852
221,93,4,1619276529
221,184,4,1624970981
221,175,4,1629485740
221,39,5,1631654681
221,5,5,1632153413
221,154,2,1635100066
221,165,2,1635127054
221,140,2,1635501624
221,86,3,1637468557
221,172,2,1641826866
221,13,3,1642231332
221,94,3,1646948785
221,167,3,1652466242
221,232,5,1657705032
221,206,3,1658171674
221,250,3,1659083061
221,27,4,1662835128
221,178,3,1668794249
221,192,3,1669915319
221,226,3,1680455641
221,89,4,1683205851
221,214,2,1685037950
221,123,4,1685671106
221,170,2,1685735312
221,52,4,1687860448
221,188,4,1687933529
221,198,3,1690319752
221,53,5,1690832380
221,234,3,1693086569
222,6,1,1601459141
222,79,3,1609184124
222,188,3,1610580513
222,120,2,1612677578
222,146,3,1614001613
222,153,2,1615039790
222,104,3,1619494891
222,134,4,1622372481
222,175,4,1626539396
222,123,4,1627588561
222,229,3,1629076503
222,235,3,1637355568
222,180,3,1639074184
222,232,3,1654836713
222,34,4,1656033233
222,154,3,1659106799
222,178,2,1670938021
222,52,3,1671410963
222,168,4,1672839340
222,27,4,1682122721
222,198,3,1685862626
222,65,3,1693691463
223,125,4,1600528434
223,206,2,1600658528
223,204,3,1604582700
223,79,3,1607978671
223,26,5,1608756731
223,146,5,1610343141
223,54,4,1610455244
223,76,2,1613025867
223,160,3,1613412359
223,226,3,1614091798
223,168,4,1614562481
223,229,1,1615586741
223,52,4,1623134059
223,20,2,1623345781
223,10,4,1626050192
223,8,1,1626277462
223,198,4,1626757014
223,109,2,1626971072
223,33,3,1627227141
223,50,3,1628050688
223,188,4,1628269865
223,189,3,1630777142
223,225,3,1633004176
223,94,5,1635014079
223,86,3,1636326845
223,192,2,1639525108
223,244,2,1641626390
223,36,3,1644314561
223,128,4,1644446009
223,184,3,1644607729
223,116,4,1645156205
223,80,2,1645707597
223,249,4,1646071225
223,241,1,1648145118
223,218,4,1652729082
223,193,4,1652954759
223,38,4,1654395605
223,217,2,1657425770
223,223,1,1659465930
223,46,3,1659665269
223,232,4,1664260168
223,103,3,1665322984
223,140,4,1667526654
223,246,5,1670316724
223,236,2,1670916911
223,27,4,1672958132
223,250,2,1674202364
223,182,4,1675560497
223,202,5,1676539506
223,15,5,1677625353
223,105,2,1680599695
223,98,2,1680681078
223,200,2,1681847658
223,155,3,1682623374
223,100,2,1688782159
223,154,4,1689327836
223,139,4,1689724815
223,61,3,1690262920
223,175,4,1692040260
223,157,4,1693135732
223,39,4,1693417294
224,48,3,1606952620
224,109,4,1616880501
224,61,3,1618312823
224,102,3,1621414382
224,54,5,1627998111
224,46,3,1631036838
224,226,3,1639223356
224,85,5,1642143519
224,52,3,1643319298
224,203,3,1645254049
224,149,4,1645570501
224,69,5,1650589766
224,181,1,1657297272
224,204,3,1664195185
224,188,3,1667070512
224,27,5,1669772903
224,180,3,1670891526
224,101,3,1671581511
224,94,3,1674274518
224,47,4,1676329328
224,39,4,1678492573
224,168,4,1680858343
224,36,2,1683117992
224,123,4,1684212407
224,122,5,1685563395
224,156,2,1686877772
224,210,3,1688456538
224,244,3,1689347788
224,16,4,1693461488
224,175,4,1694056900
225,27,5,1600838403
225,188,4,1601011597
225,111,3,1602697919
225,182,5,1603153375
225,168,3,1606770417
225,75,3,1606858411
225,203,3,1609640411
225,218,4,1610264362
225,25,4,1612508160
225,39,4,1613647371
225,53,4,1613763066
225,238,4,1618705248
225,18,3,1620316449
225,249,4,1620406401
225,243,3,1621244214
225,180,3,1625253501
225,192,5,1625807704
225,100,2,1629772916
225,247,2,1630338450
225,57,3,1634571412
225,210,4,1634950076
225,175,4,1636255015
225,154,5,1637514680
225,125,3,1640657441
225,119,2,1641469997
225,123,4,1641925998
225,226,2,1642932205
225,130,2,1646651909
225,80,4,1647172886
225,231,5,1650472328
225,184,4,1654148485
225,79,4,1660492332
225,157,2,1663489120
225,173,2,1664077903
225,250,5,1664132889
225,227,5,1664394509
225,232,3,1664407253
225,152,3,1666243920
225,190,2,1666346286
225,76,2,1670453085
225,200,2,1672323123
225,167,5,1675154622
225,48,2,1675513921
225,196,5,1676621424
225,87,4,1677410329
225,134,5,1679111193
225,93,3,1679204436
225,139,4,1681132012
225,89,4,1682753236
225,128,3,1684875778
225,101,2,1687614941
225,141,4,1692716156
225,15,1,1693169454
225,206,2,1694436009
226,61,4,1605840137
226,100,3,1609803986
226,154,5,1609907746
226,68,4,1610634068
226,174,3,1610984526
226,52,3,1611506707
226,132,3,1615951006
226,28,4,1616113713
226,206,2,1616409304
226,91,4,1616895435
226,225,3,1624851639
226,241,2,1632050865
226,210,3,1632472027
226,2,5,1633086854
226,137,4,1637295598
226,188,4,1639822307
226,164,3,1641971383
226,244,4,1643826397
226,184,3,1644239848
226,141,5,1646504514
226,195,5,1646867418
226,38,5,1652916802
226,70,3,1655623197
226,127,4,1658729903
226,115,3,1664087459
226,226,3,1664463874
226,5,4,1665302766
226,43,3,1665691501
226,192,5,1665731110
226,27,3,1669009875
226,180,5,1673608726
226,214,2,1673916328
226,73,4,1676966040
226,121,5,1678999817
226,50,4,1679719700
226,199,3,1682642761
226,104,3,1682838046
226,56,5,1684265462
226,124,3,1684407689
226,200,3,1688802235
226,185,3,1693707623
227,136,4,1600382014
227,36,2,1600505774
227,79,4,1604262040
227,162,2,1604770738
227,63,2,1606605053
227,177,2,1607469016
227,210,3,1607792058
227,150,5,1608318198
227,207,4,1611008668
227,9,3,1611497814
227,130,3,1612231228
227,243,5,1612924733
227,132,3,1613304960
227,182,3,1613726656
227,92,4,1613778624
227,30,3,1614897341
227,225,4,1616472940
227,192,3,1617445526
227,58,5,1617764283
227,197,2,1618487554
227,118,3,1619293031
227,32,5,1620932877
227,18,5,1621150101
227,234,5,1623151246
227,200,2,1624088484
227,5,3,1625321924
227,228,3,1628269929
227,167,4,1634992773
227,41,5,1635135519
227,97,4,1635215129
227,188,3,1636321649
227,85,4,1638037672
227,4,4,1638479998
227,195,5,1639969147
227,173,3,1641680913
227,101,4,1641994183
227,91,2,1643764944
227,120,3,1644086359
227,61,4,1644598726
227,35,3,1644910756
227,28,4,1645916242
227,50,4,1646788722
227,141,3,1648025964
227,65,3,1649748662
227,175,3,1652655133
227,181,3,1653170378
227,250,3,1658867076
227,93,5,1661228876
227,13,4,1661872871
227,98,3,1662580427
227,27,4,1664371337
227,155,3,1666309466
227,169,4,1668271294
227,198,4,1669450686
227,166,3,1669880406
227,39,4,1670301976
227,94,4,1671172703
227,53,5,1672876995
227,140,2,1673188579
227,174,3,1673354503
227,183,4,1677918056
227,186,4,1678303032
227,15,3,1678798808
227,125,2,1679604017
227,164,2,1680398880
227,232,5,1681302020
227,221,2,1684612085
227,160,5,1685893413
227,110,5,1688014102
227,111,3,1691915009
228,94,4,1611914269
228,50,3,1612732562
228,225,4,1619627153
228,125,3,1620502189
228,195,4,1628681993
228,55,4,1637270388
228,150,4,1655961372
228,5,4,1656094945
228,18,4,1656308787
228,69,5,1656992403
228,123,3,1658689594
228,127,4,1659905763
228,180,4,1661209187
228,39,5,1668652734
228,93,3,1674708461
228,202,4,1676642861
228,2,4,1678494960
228,57,2,1678676270
228,154,3,1678976343
228,121,4,1682235871
228,7,4,1687193430
229,234,4,1600182941
229,61,4,1604966021
229,146,3,1605867871
229,244,4,1611706791
229,188,4,1615268126
229,167,4,1625707587
229,40,2,1627909335
229,175,4,1630498089
229,102,4,1635538163
229,132,5,1635810785
229,173,3,1638476809
229,45,4,1641598909
229,27,5,1641599074
229,174,3,1641808074
229,83,3,1649345179
229,223,3,1650949431
229,52,3,1651329387
229,39,5,1652392973
229,122,2,1653511257
229,13,3,1654135060
229,199,3,1662196213
229,225,3,1667443874
229,193,3,1681902520
229,3,2,1689552818
229,209,3,1691285920
230,100,4,1600291395
230,52,3,1603707016
230,39,2,1607900940
230,93,3,1608663801
230,123,2,1610419693
230,232,4,1611266984
230,206,4,1629489832
230,154,3,1629546938
230,244,4,1629569419
230,134,4,1631701081
230,175,3,1636067760
230,81,4,1637765655
230,152,2,1638790763
230,78,2,1642164394
230,96,3,1642412612
230,102,2,1642433552
230,111,4,1648377304
230,219,5,1654048879
230,223,2,1655542919
230,174,4,1655870549
230,150,5,1656642915
230,247,4,1658671038
230,188,4,1660488998
230,62,3,1662896978
230,192,3,1665057492
230,54,3,1666538180
230,182,5,1666842915
230,202,5,1673944865
230,195,4,1678362620
230,86,2,1685842052
230,127,5,1693353923
231,117,4,1600553145
231,195,4,1601881754
231,81,3,1603910631
231,138,4,1605508090
231,109,3,1607386092
231,18,3,1608887253
231,237,3,1609497253
231,24,5,1610098619
231,192,5,1610239175
231,132,3,1612530053
231,242,5,1612661286
231,70,4,1612914078
231,206,4,1614506850
231,44,4,1615429840
231,173,4,1617210271
231,142,3,1617471571
231,175,4,1619078358
231,250,3,1622112324
231,90,3,1622513406
231,89,4,1625215482
231,182,3,1630244299
231,58,2,1630842006
231,225,3,1631217565
231,5,5,1633182549
231,94,5,1635737445
231,79,3,1638818272
231,93,5,1640628782
231,27,3,1644906977
231,110,3,1645803926
231,130,3,1645963266
231,76,3,1647043150
231,82,2,1648735974
231,157,4,1649949955
231,85,4,1651752129
231,188,3,1653120205
231,2,5,1656822649
231,21,2,1661394787
231,144,3,1665135869
231,146,4,1669409859
231,232,4,1670907689
231,145,4,1671328882
231,247,3,1671403301
231,139,3,1671509502
231,50,4,1671916075
231,13,3,1672369442
231,154,3,1672585625
231,140,3,1677323753
231,107,2,1683536004
231,204,3,1686747337
231,35,3,1687329753
231,198,2,1690362273
231,39,4,1693609858
231,30,1,1693885089
231,244,4,1694202525
232,116,2,1604467707
232,15,5,1605439196
232,188,2,1606409257
232,175,3,1608073236
232,180,3,1611223911
232,54,3,1611542702
232,48,3,1611786867
232,120,3,1612024992
232,139,4,1619591003
232,137,4,1623485968
232,37,3,1623725552
232,13,2,1625052032
232,153,1,1627386143
232,18,3,1627482214
232,123,4,1630839260
232,225,2,1631455995
232,56,3,1635642213
232,140,3,1641231770
232,100,5,1641380850
232,185,5,1644052144
232,182,2,1645682902
232,230,4,1646285530
232,47,2,1646463331
232,214,3,1651233268
232,208,3,1651506492
232,25,3,1651666264
232,109,2,1657804315
232,39,4,1661708265
232,76,4,1662939337
232,229,3,1663694859
232,164,4,1665194041
232,27,4,1665430270
232,249,4,1667738659
232,192,4,1669681485
232,28,5,1670490408
232,206,4,1674379058
232,53,3,1675795821
232,89,4,1677272599
232,210,4,1679120062
232,79,4,1684416141
232,244,3,1684514388
232,111,3,1686239466
232,21,3,1687188412
232,99,2,1687917952
232,94,5,1688447267
232,169,5,1689120105
232,186,3,1691787988
232,174,3,1692060570
232,5,4,1693471223
233,192,4,1605901155
233,136,2,1615653062
233,175,5,1621724476
233,79,4,1624726850
233,157,3,1627604142
233,154,4,1627642947
233,89,4,1627963931
233,168,4,1630557346
233,93,3,1632799105
233,229,4,1645468321
233,226,3,1655594611
233,225,3,1661969532
233,21,2,1664751553
233,5,3,1664891411
233,123,2,1666883707
233,58,2,1675841180
233,199,3,1677044796
233,104,3,1678378013
233,109,3,1680086208
233,86,2,1681926498
233,210,2,1688928071
233,76,2,1690004029
233,111,2,1693157910
234,203,2,1602397659
234,182,3,1602585276
234,249,5,1603310468
234,34,3,1604461939
234,44,3,1606097093
234,175,4,1609182638
234,169,3,1609289111
234,244,4,1612221268
234,140,4,1613958050
234,111,3,1616073227
234,68,5,1617794225
234,134,5,1619792554
234,93,4,1621005700
234,30,4,1625817549
234,245,3,1628679399
234,89,2,1629382689
234,168,3,1630078318
234,136,3,1632145679
234,39,3,1635059591
234,132,3,1635431297
234,154,2,1636238748
234,75,2,1636574799
234,130,3,1636667123
234,66,2,1637765473
234,28,4,1638109449
234,47,3,1645553279
234,45,2,1645578620
234,85,4,1645949225
234,225,2,1647041818
234,221,5,1647184649
234,103,2,1649399832
234,192,3,1652183857
234,125,3,1652524346
234,116,2,1654757102
234,98,2,1656384352
234,110,3,1659508388
234,139,2,1660996386
234,195,4,1662824829
234,67,3,1662889554
234,13,3,1664198025
234,210,4,1665141384
234,5,5,1665712489
234,4,3,1666912109
234,81,5,1672635615
234,26,4,1673177174
234,18,4,1675345835
234,232,4,1676261551
234,100,3,1681461756
234,27,3,1681805298
234,188,3,1682337002
234,180,3,1684050460
234,250,4,1684716440
234,207,3,1685750581
234,80,4,1686053243
234,79,3,1692114370
234,50,4,1693483504
235,185,5,1613430951
235,18,4,1614085590
235,53,5,1622556759
235,130,2,1626529850
235,175,3,1628406673
235,212,2,1640118288
235,193,4,1643031984
235,52,3,1644040029
235,61,5,1654316375
235,221,3,1655119197
235,25,5,1658898652
235,82,3,1664610478
235,8,3,1669568836
235,109,5,1672537511
235,250,4,1672841399
235,85,4,1678073223
235,145,4,1678462600
235,27,4,1682923061
235,54,3,1691977045
235,159,3,1694246613
236,211,4,1605719021
236,210,3,1619382451
236,28,4,1619849677
236,33,4,1621167412
236,159,2,1622648638
236,50,4,1625744465
236,100,3,1631713273
236,188,4,1633206476
236,18,4,1636404071
236,8,1,1641250742
236,93,4,1648350005
236,139,2,1653771486
236,184,2,1654282725
236,105,1,1656990630
236,249,3,1659975479
236,141,1,1663630761
236,230,3,1664896353
236,39,3,1665777509
236,94,5,1666054593
236,41,5,1668832920
236,192,3,1679266066
236,56,3,1684321570
236,19,2,1688628482
236,193,2,1691131884
236,175,5,1691848677
237,125,5,1602622759
237,173,3,1604497862
237,249,5,1612049049
237,80,2,1612619903
237,193,5,1621556427
237,39,3,1627333826
237,204,5,1628025815
237,194,3,1631657873
237,206,2,1634639258
237,196,5,1636342750
237,210,4,1637958571
237,23,3,1652320691
237,130,3,1659935239
237,175,5,1661592976
237,81,4,1662543572
237,141,2,1664565513
237,17,5,1664946130
237,140,2,1670902497
237,26,4,1680915061
237,188,5,1690781693
237,233,5,1690941273
237,131,3,1692797365
238,181,3,1600270486
238,93,2,1602334110
238,69,5,1605838291
238,2,3,1606930062
238,153,3,1609007757
238,136,4,1609841511
238,208,4,1610429615
238,210,3,1611562046
238,125,3,1611802354
238,223,3,1612555261
238,50,4,1616226099
238,39,4,1617430907
238,145,4,1617530070
238,49,3,1618159782
238,211,3,1619118580
238,32,4,1620329556
238,20,4,1621447361
238,7,2,1621690892
238,101,1,1622258356
238,164,4,1623119414
238,174,4,1623929917
238,198,3,1626291272
238,140,2,1626387561
238,175,4,1627640369
238,165,4,1630330486
238,48,3,1631069459
238,187,2,1631907299
238,55,3,1632197794
238,168,4,1632737447
238,199,2,1632739626
238,17,4,1632809482
238,15,2,1633749926
238,162,3,1635314799
238,137,4,1636006810
238,202,5,1636808505
238,240,3,1636879217
238,230,3,1639735789
238,79,4,1640093292
238,134,3,1641604401
238,89,4,1642976109
238,232,4,1643748212
238,110,4,1644739740
238,218,4,1647070961
238,146,5,1647904027
238,241,1,1649536945
238,227,5,1651609845
238,56,4,1651706610
238,68,3,1656650588
238,236,4,1657043934
238,221,3,1657738128
238,193,2,1660094598
238,152,2,1661683249
238,61,4,1662321696
238,249,2,1663080392
238,109,3,1663099622
238,154,4,1663458026
238,170,3,1664339139
238,219,1,1665409167
238,123,4,1666028864
238,139,3,1667091767
238,180,3,1668455439
238,5,5,1670199842
238,112,4,1671102552
238,178,3,1672465314
238,54,3,1672984075
238,53,3,1673939263
238,127,5,1674916739
238,47,2,1675525506
238,192,3,1675693117
238,46,1,1679978463
238,188,5,1681183073
238,27,5,1682436548
238,13,2,1685045852
238,100,3,1685477995
238,130,3,1686276127
238,206,3,1687814336
238,88,5,1689656690
238,171,3,1691010155
238,18,3,1691282403
238,160,2,1693866260
239,102,2,1600637610
239,221,4,1604486885
239,22,2,1608599221
239,111,5,1609924717
239,91,3,1610563139
239,79,3,1610701777
239,36,1,1612959307
239,244,5,1616259592
239,128,1,1619423346
239,109,3,1620214512
239,54,2,1625730214
239,168,3,1628999610
239,200,4,1631839150
239,96,2,1632325453
239,153,3,1633644207
239,224,4,1634915352
239,105,4,1635728279
239,173,3,1638535104
239,232,3,1638681685
239,68,3,1642101381
239,174,2,1643243889
239,210,4,1643695798
239,19,4,1644840095
239,156,2,1644914133
239,62,2,1646626076
239,247,3,1648566704
239,225,3,1649466448
239,188,3,1653626145
239,192,4,1655664190
239,185,4,1656283944
239,206,4,1662600659
239,141,2,1666588513
239,139,3,1668180947
239,154,2,1668477684
239,100,4,1674511491
239,80,4,1678853924
239,93,4,1680069547
239,81,3,1683567751
239,175,3,1683906031
239,61,3,1684297576
239,27,4,1686592526
239,2,3,1687064672
239,187,3,1687785776
239,132,4,1688154844
239,37,3,1690663339
239,39,3,1691356209
239,50,2,1692408052
239,238,3,1692805489
239,101,3,1693982701
240,210,4,1603791642
240,240,4,1606226600
240,206,4,1606436001
240,235,2,1607318926
240,111,4,1617075847
240,199,2,1617389994
240,221,5,1620471238
240,93,3,1621208643
240,192,2,1621238688
240,244,4,1626651866
240,155,3,1628149963
240,185,3,1628725299
240,18,3,1630673574
240,28,5,1631544895
240,196,3,1634191544
240,167,2,1634424967
240,153,3,1635527623
240,130,3,1641184458
240,125,3,1641809408
240,190,1,1643697387
240,77,4,1643797893
240,177,4,1644529405
240,128,4,1644769524
240,79,5,1645039779
240,61,4,1646199004
240,85,3,1646677993
240,5,5,1646887651
240,225,4,1650440999
240,200,1,1654018823
240,39,3,1658015701
240,94,5,1660637850
240,16,1,1661000271
240,175,4,1668326327
240,249,5,1669266678
240,46,4,1669776624
240,202,5,1669782454
240,168,3,1673070846
240,212,4,1673781607
240,229,3,1675275073
240,109,2,1680119892
240,188,3,1680134354
240,19,5,1683630468
240,47,1,1690720640
240,193,4,1691842542
241,109,2,1600863765
241,29,2,1601422054
241,106,2,1601441506
241,139,3,1602547055
241,100,1,1603564519
241,36,2,1604426653
241,182,4,1605258971
241,31,3,1608782250
241,141,4,1609564850
241,39,4,1609577519
241,143,4,1610509617
241,188,4,1613613736
241,46,2,1614324614
241,52,4,1615873311
241,92,2,1617784664
241,244,3,1619170882
241,224,4,1621526530
241,72,4,1622560081
241,70,4,1622972003
241,209,3,1623335274
241,130,2,1625342276
241,124,4,1625573699
241,26,3,1625602926
241,186,3,1629503772
241,223,3,1631143679
241,206,3,1631425495
241,123,2,1632347011
241,176,3,1633492702
241,221,3,1635135711
241,192,3,1636452599
241,19,2,1637702158
241,204,3,1641054143
241,183,2,1641137435
241,27,4,1641242588
241,138,5,1642726779
241,13,3,1643805814
241,225,3,1644484546
241,101,3,1645118737
241,65,4,1645676474
241,198,3,1646698905
241,179,2,1647780867
241,107,4,1648224686
241,210,3,1652549696
241,190,1,1654809803
241,11,3,1654992372
241,178,3,1655179921
241,97,3,1655760556
241,153,2,1656408679
241,235,3,1657531788
241,14,3,1659512247
241,152,3,1659607216
241,69,5,1659972769
241,216,3,1660110737
241,175,2,1660119084
241,168,2,1662189648
241,191,4,1664312021
241,174,3,1664865071
241,202,5,1665783705
241,24,3,1666718360
241,185,3,1667752866
241,194,3,1669922970
241,140,2,1671700584
241,120,2,1672583014
241,146,5,1672812440
241,93,4,1673513306
241,76,2,1674110487
241,145,4,1674350749
241,217,2,1675003843
241,10,3,1676714076
241,232,4,1677216941
241,184,4,1677728968
241,79,4,1678739206
241,86,2,1680645644
241,12,2,1687317299
241,18,3,1687365229
241,28,3,1688735128
241,81,5,1689188058
241,125,3,1693061198
241,249,4,1693424508
242,142,4,1601118009
242,198,3,1601269211
242,63,3,1601774556
242,214,2,1602172930
242,200,3,1602488247
242,34,2,1602584784
242,174,2,1603341406
242,53,4,1603564033
242,134,4,1603613617
242,195,4,1604396601
242,196,3,1606334695
242,223,2,1607426735
242,187,5,1608106651
242,56,4,1608503090
242,215,3,1608532101
242,2,4,1608578675
242,127,3,1608779586
242,121,2,1609867808
242,230,2,1610185343
242,65,4,1611681600
242,109,3,1612312654
242,169,2,1612519133
242,132,4,1613044463
242,157,4,1613206729
242,102,3,1613904316
242,160,4,1614012588
242,193,4,1614208803
242,156,3,1614258708
242,181,2,1614550600
242,28,4,1614673279
242,204,2,1615368094
242,189,3,1616637316
242,31,4,1616842355
242,111,1,1617731445
242,249,2,1618759397
242,219,3,1619496473
242,21,2,1621468561
242,89,5,1621485449
242,19,2,1622395245
242,125,3,1622856703
242,209,4,1624339325
242,228,4,1624818557
242,46,1,1625760144
242,179,3,1626007540
242,58,2,1626799059
242,43,4,1627046352
242,113,3,1627997352
242,235,3,1628067958
242,218,3,1629400209
242,146,3,1629749562
242,210,3,1630579224
242,25,2,1632155132
242,135,3,1632188407
242,74,3,1632345060
242,4,4,1634774698
242,207,3,1634998401
242,130,3,1635282965
242,139,4,1635426219
242,145,3,1635503045
242,182,4,1635515723
242,115,3,1635581540
242,192,3,1635984096
242,35,4,1636136922
242,93,4,1636395630
242,48,3,1636825233
242,244,5,1637179419
242,7,3,1637258364
242,241,1,1637817471
242,40,3,1638094931
242,85,4,1638905705
242,243,4,1639011695
242,221,3,1639346790
242,123,4,1640249717
242,106,1,1640980524
242,178,4,1641798564
242,225,4,1641818771
242,236,2,1643404873
242,171,3,1643625493
242,138,5,1644328095
242,175,5,1645572685
242,231,5,1645799686
242,41,4,1647207922
242,152,3,1647388882
242,55,2,1648120723
242,61,4,1648690814
242,6,2,1649831978
242,116,3,1652183603
242,203,2,1653013761
242,9,2,1653102817
242,104,2,1653620899
242,205,3,1653630791
242,52,5,1653951537
242,150,5,1657135022
242,76,2,1657199643
242,5,4,1657396734
242,20,5,1657551464
242,110,3,1657782061
242,224,4,1657787289
242,78,4,1658473184
242,36,3,1659357211
242,13,4,1659547547
242,51,4,1660481012
242,39,5,1662291559
242,153,4,1662718096
242,163,3,1663241831
242,190,2,1663473086
242,201,3,1663927494
242,98,2,1664176125
242,250,3,1666793163
242,27,4,1667700413
242,15,3,1668194986
242,50,3,1668650619
242,80,5,1668709400
242,79,5,1669635900
242,69,3,1669904079
242,154,3,1670737287
242,167,3,1670747423
242,68,4,1671072449
242,70,3,1672087505
242,234,5,1674156376
242,100,3,1674237814
242,233,4,1675790597
242,199,3,1675849872
242,124,3,1676121161
242,246,2,1677218457
242,240,4,1677808575
242,229,5,1677974526
242,191,2,1678192987
242,26,3,1678676410
242,159,3,1679056372
242,120,2,1679849443
242,238,2,1683428397
242,239,5,1683866811
242,140,2,1684302361
242,141,2,1685196988
242,188,4,1686633860
242,30,2,1686855363
242,232,3,1687505631
242,136,4,1688667456
242,206,4,1689220885
242,155,3,1689727378
242,168,5,1690187228
242,184,4,1690672770
242,97,4,1690946960
242,18,4,1691592428
242,242,3,1692933234
242,185,3,1693217575
242,208,3,1693520807
242,202,5,1693985059
243,86,1,1602078190
243,18,3,1635966960
243,175,2,1640749224
243,206,3,1644211612
243,39,2,1650997201
243,196,3,1672234200
243,27,5,1683452475
244,249,1,1605051767
244,27,3,1607428691
244,123,3,1608860756
244,152,1,1614485899
244,130,3,1616406697
244,117,3,1619893121
244,18,4,1620353801
244,221,4,1621081672
244,157,2,1622951399
244,237,4,1624270974
244,141,3,1627931312
244,241,2,1636341862
244,61,4,1641499283
244,54,3,1643993539
244,206,4,1644219665
244,192,2,1647310265
244,166,3,1648375426
244,79,3,1648515694
244,154,3,1652388226
244,128,3,1652531233
244,39,4,1654738352
244,110,4,1657749450
244,125,4,1663295288
244,188,4,1666483588
244,66,2,1669173828
244,2,4,1676254408
244,199,2,1682468799
244,100,2,1686716687
244,33,3,1687725379
244,140,1,1688347076
245,192,3,1600869402
245,235,4,1601498801
245,231,4,1606580090
245,111,2,1607809941
245,80,5,1608834514
245,39,4,1609800882
245,132,4,1619797698
245,2,5,1621085975
245,184,3,1622140625
245,236,2,1626314125
245,106,2,1629271633
245,123,3,1635540016
245,109,3,1642738237
245,175,4,1643487354
245,156,4,1658138453
245,225,3,1664718248
245,188,4,1666022635
245,140,2,1666436544
245,130,2,1668165495
245,79,3,1669914191
245,89,5,1670393514
245,182,3,1672370336
245,21,2,1681592334
245,125,2,1687255770
245,61,4,1688399289
245,27,4,1690436214
246,93,4,1601616401
246,176,3,1604315169
246,66,3,1607420400
246,208,4,1609058228
246,109,2,1614622609
246,69,4,1617172100
246,56,3,1618165677
246,139,3,1623809734
246,79,4,1635717774
246,138,3,1637310592
246,140,1,1652996471
246,192,4,1653381553
246,188,4,1653596213
246,86,1,1656602830
246,13,4,1659281006
246,202,4,1660320882
246,10,3,1664475484
246,123,3,1665897582
246,148,3,1667161279
246,5,3,1673774565
246,39,5,1676505352
246,168,3,1678150656
246,98,5,1682452066
246,232,3,1682453844
246,195,3,1683556363
246,27,5,1687042494
246,241,1,1688852480
246,218,3,1692692504
246,111,4,1694525888
247,96,2,1614443346
247,192,5,1621975265
247,193,5,1626276951
247,106,2,1630358471
247,194,4,1631413677
247,69,3,1635520938
247,132,3,1659505856
247,136,3,1661205785
247,182,3,1662358667
247,153,3,1664453878
247,188,4,1667760298
247,109,3,1672546757
247,168,4,1688605816
247,232,4,1689708061
248,117,2,1602472779
248,19,1,1602698976
248,154,3,1604253720
248,180,3,1604713541
248,48,3,1606313548
248,87,3,1614171015
248,235,2,1615866863
248,28,4,1619876382
248,56,3,1621055124
248,47,1,1624135661
248,244,4,1625729121
248,152,4,1628784708
248,236,3,1629975962
248,32,3,1631400594
248,210,5,1636440636
248,18,3,1640606725
248,100,3,1643265268
248,173,2,1648063125
248,188,3,1648083340
248,93,4,1650974537
248,131,3,1652965488
248,39,5,1654815827
248,192,4,1655312425
248,249,3,1656252734
248,232,2,1656968420
248,57,4,1660317917
248,130,2,1669780297
248,54,3,1670526497
248,243,5,1671504482
248,166,4,1673146951
248,175,3,1673468968
248,185,3,1679292019
248,231,5,1689382955
248,126,3,1689949717
248,52,3,1693195279
249,205,4,1604295711
249,2,5,1608049463
249,39,5,1611132072
249,225,4,1617998153
249,86,2,1618908670
249,46,4,1629637721
249,18,4,1634877198
249,123,3,1640222468
249,166,4,1642688503
249,223,4,1650238045
249,175,4,1650604181
249,215,3,1667079068
249,94,4,1681062809
249,81,5,1691470535
250,109,5,1600623383
250,27,4,1602589575
250,72,3,1603402290
250,100,2,1605661956
250,226,3,1610447834
250,139,3,1614832043
250,135,4,1615916852
250,140,1,1617079342
250,80,2,1618585686
250,126,3,1619639258
250,206,3,1620680854
250,154,4,1625476113
250,170,3,1626008672
250,176,2,1633385605
250,5,3,1637418710
250,125,3,1639384950
250,16,2,1640196414
250,93,3,1641186817
250,78,3,1642612648
250,182,3,1643451385
250,188,3,1644147861
250,175,4,1645818532
250,39,3,1646194823
250,61,3,1648148227
250,166,3,1648905008
250,249,4,1653197418
250,26,3,1656416221
250,46,3,1659292253
250,50,3,1661493844
250,103,1,1664052386
250,173,2,1666934473
250,85,3,1667436853
250,184,3,1671926227
250,97,4,1678671500
250,231,3,1679316471
250,223,4,1681386240
250,84,2,1681805237
250,136,4,1683531946
250,21,5,1693806050
251,244,2,1601350810
251,208,2,1601981289
251,56,5,1602548554
251,13,4,1604339083
251,217,4,1605220938
251,100,3,1606742609
251,76,2,1608824695
251,127,4,1611392345
251,39,5,1613327767
251,243,3,1615632767
251,155,3,1615948064
251,248,2,1637851022
251,175,3,1639478026
251,5,4,1641632285
251,182,3,1641760547
251,125,3,1646908015
251,46,2,1650422952
251,249,4,1654219206
251,130,2,1654324863
251,2,5,1655373412
251,169,3,1656123298
251,237,4,1657496031
251,226,1,1659400186
251,225,2,1659478427
251,28,3,1660991641
251,24,4,1662613084
251,27,3,1664193461
251,200,3,1673995601
251,132,2,1675004006
251,54,4,1677564825
251,104,3,1682331395
251,179,3,1684464456
251,188,3,1688195765
251,156,3,1688530964
251,52,3,1690363870
252,123,2,1603373490
252,94,5,1605320950
252,157,3,1605627956
252,195,3,1610956937
252,193,4,1611858663
252,27,4,1612763424
252,61,4,1612905629
252,52,3,1614089768
252,100,5,1616151789
252,223,3,1618853703
252,32,2,1619131558
252,160,5,1620509012
252,50,2,1625878814
252,128,2,1627461874
252,43,3,1634195258
252,208,3,1637041847
252,48,2,1638986055
252,141,3,1642264860
252,79,3,1642512008
252,188,3,1643315748
252,152,2,1649148477
252,249,4,1649371531
252,232,3,1649889613
252,126,4,1651845608
252,109,3,1652413865
252,83,2,1655063092
252,242,4,1657918596
252,244,5,1660712896
252,87,3,1662329517
252,102,3,1663251722
252,39,4,1664308927
252,5,4,1665474241
252,130,3,1672719419
252,181,3,1673460469
252,81,4,1673964602
252,13,3,1675992569
252,111,4,1678624791
252,140,3,1680153435
252,175,4,1681994431
252,30,2,1682175805
252,250,3,1683031217
252,192,2,1685725257
252,4,3,1690426267
253,232,5,1602764623
253,50,4,1603455497
253,207,3,1605351893
253,13,2,1606655138
253,17,4,1608613846
253,100,3,1610258523
253,168,3,1611294335
253,244,3,1612232647
253,214,3,1614535541
253,85,4,1616105246
253,184,3,1618990439
253,56,2,1619017696
253,28,4,1620079342
253,225,3,1621123294
253,5,5,1621375600
253,237,5,1623575905
253,24,4,1623719332
253,199,2,1624621680
253,47,4,1625044193
253,224,4,1625183192
253,139,2,1629754205
253,221,4,1631300547
253,16,1,1631766303
253,123,4,1634223975
253,173,5,1635825156
253,52,3,1636273065
253,175,3,1638646785
253,39,2,1641767179
253,102,4,1642093169
253,105,4,1642635433
253,101,3,1643603458
253,83,2,1645515360
253,71,5,1647798328
253,203,2,1648299432
253,226,5,1649999261
253,198,4,1650104054
253,160,4,1651166230
253,70,5,1653570468
253,210,5,1654064946
253,4,3,1662210130
253,51,3,1663356176
253,236,3,1665220989
253,141,4,1666260401
253,27,3,1667850421
253,130,3,1668200281
253,46,2,1668959261
253,192,3,1671554854
253,154,3,1672689938
253,79,3,1673789379
253,188,4,1674619936
253,242,3,1676512942
253,243,3,1676678958
253,249,3,1679609339
253,166,2,1681449609
253,117,5,1683591227
253,103,3,1687863347
253,240,3,1689753443
253,9,4,1690767248
253,91,3,1691680277
253,180,3,1691846164
253,206,4,1692600033
254,81,4,1603264922
254,188,4,1607176746
254,145,4,1608287219
254,61,5,1609331046
254,36,2,1611213373
254,89,3,1611243534
254,192,3,1613028007
254,202,5,1614659327
254,125,3,1616525401
254,100,4,1618571411
254,210,5,1621026175
254,93,3,1621626723
254,24,3,1627753875
254,105,3,1629288129
254,206,3,1631225232
254,5,5,1631844933
254,132,2,1632010797
254,39,4,1633336308
254,193,2,1636009895
254,221,4,1636552118
254,175,3,1636972086
254,160,4,1637369009
254,196,4,1639748168
254,28,5,1640612265
254,235,4,1644560399
254,155,3,1644605448
254,50,3,1645374990
254,53,4,1647499033
254,79,3,1648963190
254,91,4,1651222493
254,225,2,1652880113
254,237,3,1656121116
254,136,4,1656514672
254,140,3,1657274126
254,47,2,1657981823
254,21,3,1661104624
254,115,2,1661775514
254,41,5,1662883718
254,65,3,1663715299
254,86,1,1663817157
254,85,4,1665249962
254,18,3,1667689461
254,109,4,1667937444
254,76,3,1669928832
254,2,4,1674514594
254,211,5,1675806512
254,139,4,1679655629
254,223,2,1682767381
254,56,2,1683282356
254,242,5,1685413685
254,232,2,1685557654
254,154,2,1687352359
254,33,5,1689253255
254,123,3,1689489496
254,179,3,1690354305
254,27,3,1694230011
255,79,3,1604017397
255,226,3,1605781249
255,26,5,1606196854
255,249,3,1612030317
255,21,2,1614498938
255,244,4,1616187475
255,140,1,1622542698
255,236,3,1635129873
255,22,3,1635432040
255,50,4,1637170151
255,81,4,1640151596
255,193,2,1642447862
255,181,3,1642649233
255,80,3,1645895245
255,85,3,1647718220
255,39,4,1651100008
255,188,5,1657453231
255,225,3,1658423324
255,48,3,1659280530
255,134,4,1660054879
255,200,3,1663856345
255,89,4,1666876420
255,100,3,1675120901
255,198,2,1679349699
255,197,2,1689952751
255,111,2,1690468374
256,77,4,1600929541
256,231,5,1600969596
256,81,4,1601025842
256,50,3,1601407771
256,249,5,1602174198
256,145,3,1604955812
256,206,4,1604962117
256,124,3,1605336767
256,94,5,1605604174
256,59,2,1606124329
256,99,3,1606237868
256,223,3,1606868612
256,184,3,1607585611
256,218,2,1608338455
256,48,2,1608565716
256,168,3,1609302787
256,126,4,1610233171
256,140,5,1610304125
256,46,4,1610588956
256,39,4,1611262860
256,10,5,1611346895
256,21,3,1612032654
256,137,4,1613222386
256,157,2,1614737020
256,210,4,1615023809
256,89,3,1619237215
256,204,2,1621270461
256,160,4,1621448057
256,2,4,1625125688
256,203,3,1625159132
256,235,4,1625715978
256,104,4,1625905640
256,173,3,1626358352
256,198,4,1628131804
256,116,3,1628270083
256,153,3,1628607434
256,123,2,1629187118
256,96,2,1632306380
256,56,3,1634906741
256,79,2,1635218414
256,68,4,1636895843
256,7,4,1637776641
256,58,2,1638628085
256,125,4,1639158146
256,47,1,1640519966
256,200,3,1643493580
256,182,2,1643959073
256,5,4,1645921652
256,103,2,1647216466
256,152,3,1648566492
256,238,3,1650640667
256,247,3,1651881043
256,43,3,1652218044
256,197,3,1653438310
256,18,3,1654232154
256,185,5,1654378542
256,139,4,1654743099
256,30,3,1655163200
256,100,4,1655290104
256,44,3,1656767414
256,52,4,1657762359
256,181,3,1658155325
256,65,4,1658787257
256,195,4,1658993585
256,244,4,1659182882
256,188,4,1659419437
256,154,4,1662507978
256,175,3,1663173055
256,214,4,1663198322
256,15,4,1663468215
256,192,2,1663993318
256,196,2,1664493654
256,109,3,1666096638
256,219,3,1666586434
256,226,5,1667109422
256,107,3,1668977301
256,216,5,1669686028
256,26,4,1669717702
256,69,3,1670900976
256,111,4,1671205705
256,130,2,1671415134
256,27,3,1671886201
256,170,4,1672255693
256,174,4,1672402372
256,190,1,1672995327
256,86,2,1673361504
256,13,3,1673400670
256,61,4,1675987415
256,97,3,1676698945
256,53,3,1677209180
256,120,4,1679008899
256,34,2,1680582392
256,85,3,1680825902
256,41,5,1681891897
256,122,4,1682394819
256,35,2,1682848931
256,248,3,1684732695
256,22,3,1687882891
256,166,3,1687913867
256,237,5,1690336107
256,141,4,1691317640
256,127,4,1691587739
256,93,3,1691915397
256,225,3,1692611367
256,241,1,1693889759
257,48,3,1602454650
257,98,2,1603624113
257,220,5,1604126943
257,180,2,1604858790
257,13,3,1606642047
257,232,3,1606776898
257,231,5,1607077214
257,223,4,1608383771
257,167,3,1610263566
257,141,3,1610689884
257,241,2,1610963105
257,76,4,1611887834
257,55,5,1614795869
257,225,2,1615223509
257,199,3,1616876465
257,158,3,1618413943
257,154,3,1620026891
257,80,3,1620493904
257,53,4,1625044200
257,188,3,1625117551
257,140,3,1626833226
257,79,3,1627437875
257,100,5,1629785606
257,39,4,1633389884
257,190,1,1636965054
257,77,3,1637182833
257,142,3,1640826352
257,36,2,1644601314
257,130,1,1645730840
257,109,4,1649830392
257,210,5,1653062928
257,175,4,1654261905
257,27,4,1657361414
257,93,4,1659470763
257,5,4,1664478937
257,168,4,1666294439
257,17,4,1672660188
257,174,4,1673188531
257,196,3,1679439604
257,198,3,1684848363
257,123,3,1689543467
257,26,3,1690900453
257,182,5,1694358130
258,244,3,1609473011
258,71,3,1625208222
258,175,4,1628412560
258,180,4,1628505944
258,206,2,1632383802
258,143,3,1642825851
258,100,2,1651000111
258,39,3,1672793861
258,223,2,1678427628
258,97,2,1691177614
258,53,5,1691773407
259,58,1,1603271891
259,188,4,1608365985
259,77,4,1621108004
259,2,4,1629133088
259,68,5,1632725048
259,192,4,1634329939
259,180,4,1636649139
259,56,4,1638834734
259,195,4,1644622894
259,140,4,1645495160
259,210,5,1647467884
259,249,3,1648272446
259,190,2,1650083342
259,175,4,1658814413
259,100,5,1675813398
259,27,4,1678828845
259,131,3,1680367602
259,39,5,1691331603
260,33,3,1622763169
260,39,4,1632149725
260,90,4,1640457287
260,175,3,1641196452
260,27,4,1655179753
260,154,5,1663952633
260,210,4,1668204850
260,227,3,1672670687
261,93,4,1604922873
261,184,2,1607159228
261,175,3,1608148473
261,154,4,1608405489
261,89,4,1610336407
261,193,2,1611535430
261,5,4,1612509032
261,133,1,1613361290
261,59,3,1620099820
261,244,4,1620673480
261,209,3,1624785418
261,61,3,1628902583
261,68,3,1630574624
261,232,3,1635416865
261,72,3,1636936100
261,229,2,1638720332
261,111,3,1643715873
261,86,2,1654465051
261,248,3,1654582940
261,130,2,1655336728
261,182,4,1660870489
261,97,4,1666225312
261,53,4,1668970958
261,69,5,1674027431
261,174,2,1675546130
261,27,3,1676163809
261,100,2,1676626751
261,249,2,1677488977
261,226,2,1677736603
261,13,2,1677791770
261,210,4,1679527576
261,168,4,1682328401
261,39,3,1684308155
261,77,3,1687840769
261,85,3,1689733942
261,186,3,1690706171
261,188,4,1691190588
261,94,4,1691612270
261,141,4,1692001279
261,110,3,1692549921
261,236,2,1693855306
261,225,2,1694549939
262,150,4,1601216193
262,18,3,1603239169
262,229,3,1603276534
262,234,4,1608483030
262,13,3,1613418585
262,33,4,1619370897
262,130,3,1624190813
262,139,3,1627962401
262,82,3,1629836783
262,244,3,1633123479
262,39,4,1642648633
262,231,4,1643425041
262,246,2,1644375238
262,107,3,1648767467
262,27,3,1652722118
262,210,4,1654598125
262,181,2,1654905010
262,190,1,1655957112
262,199,1,1656516494
262,109,3,1658295317
262,249,3,1666940665
262,96,4,1668026827
262,54,3,1669843256
262,175,5,1671258453
262,100,2,1671516104
262,180,3,1673917747
262,131,2,1674113155
262,79,4,1677284329
262,227,3,1682087816
262,219,3,1682097175
262,189,3,1682796971
262,188,4,1685267348
262,178,3,1693616202
262,93,3,1693740029
263,25,3,1601017281
263,110,4,1608748134
263,235,3,1609657290
263,104,3,1612563769
263,199,3,1616348768
263,106,2,1617947215
263,5,4,1620432911
263,50,3,1625975741
263,223,3,1629031666
263,204,4,1632858278
263,111,2,1639220122
263,100,2,1640437028
263,181,3,1644925918
263,13,1,1648044189
263,188,3,1649585007
263,109,3,1655222401
263,183,2,1661061422
263,249,3,1661942635
263,187,3,1662300854
263,153,2,1663410600
263,99,2,1664076995
263,61,3,1667436790
263,175,5,1670387558
263,89,3,1671287260
263,79,4,1671733233
263,206,3,1674113559
263,8,3,1680761198
263,145,4,1685804135
263,27,5,1694191639
264,142,3,1601051830
264,249,4,1602999170
264,180,3,1603341686
264,226,3,1603344978
264,82,4,1604447387
264,148,4,1606151249
264,206,2,1607762860
264,118,2,1608628713
264,100,2,1608711749
264,27,4,1609935162
264,247,2,1610436971
264,137,3,1610770274
264,11,3,1613177685
264,80,3,1613194393
264,125,3,1613619580
264,234,4,1614479444
264,140,1,1615470109
264,165,3,1615715207
264,139,3,1615820974
264,35,3,1617031251
264,54,2,1619225195
264,5,3,1621982204
264,241,1,1622894956
264,9,2,1623234326
264,214,3,1623780329
264,107,2,1624185821
264,195,4,1624352619
264,162,4,1625212253
264,50,3,1625364069
264,175,5,1625858159
264,178,3,1627810680
264,85,4,1628926915
264,30,4,1630020656
264,49,3,1630060935
264,88,4,1630383102
264,47,1,1631416791
264,204,2,1633765059
264,65,3,1635754753
264,52,4,1636934948
264,232,4,1637421156
264,79,2,1637768718
264,208,3,1639588255
264,109,2,1643532379
264,199,3,1644163627
264,157,2,1645143493
264,104,3,1645373329
264,188,5,1645401721
264,183,3,1646485752
264,46,3,1647664845
264,141,4,1648196840
264,235,5,1648724853
264,61,4,1650168516
264,168,3,1650170649
264,163,2,1650472118
264,243,4,1651044387
264,160,4,1651142024
264,39,4,1651311975
264,182,2,1652752537
264,216,4,1654957937
264,169,5,1656500510
264,16,2,1657609328
264,53,5,1658454694
264,134,4,1658477923
264,105,1,1659317849
264,124,3,1660064701
264,89,5,1660112891
264,186,4,1661371530
264,173,2,1662132149
264,185,5,1663072013
264,154,3,1663738406
264,203,1,1664707002
264,244,4,1664859460
264,13,3,1665038955
264,12,2,1665216636
264,130,2,1665442957
264,221,4,1665454159
264,150,3,1666908990
264,101,2,1667381436
264,210,2,1669287961
264,145,4,1669937194
264,31,3,1669971347
264,6,3,1670156770
264,18,5,1671674726
264,192,2,1672838680
264,131,2,1674872925
264,69,3,1675575457
264,200,3,1676460952
264,193,3,1677759751
264,10,3,1679353856
264,43,2,1680207168
264,2,4,1681562322
264,167,2,1683672615
264,111,2,1684851935
264,174,3,1685219087
264,93,2,1685313775
264,68,3,1686017922
264,225,4,1687599559
264,76,4,1687633727
264,56,2,1689073251
264,212,3,1689419235
264,48,2,1689573803
264,24,4,1689958919
264,136,3,1691788381
265,166,3,1601234900
265,94,5,1603145110
265,196,3,1603600234
265,174,3,1603726432
265,204,3,1604473078
265,188,1,1604552413
265,238,1,1605543781
265,89,3,1606189432
265,27,5,1606453282
265,7,2,1607821170
265,47,2,1609166324
265,155,2,1610445702
265,249,4,1614481608
265,2,4,1616881524
265,18,4,1621125006
265,39,4,1622480539
265,237,3,1626946750
265,157,1,1629043787
265,182,5,1630286182
265,13,3,1630959496
265,111,3,1635038588
265,56,3,1636302784
265,229,2,1637090541
265,136,5,1637675372
265,135,2,1638479780
265,173,3,1639684348
265,231,5,1640534681
265,58,3,1642590700
265,62,3,1643021099
265,140,2,1645462044
265,79,5,1646153013
265,160,2,1646694077
265,141,2,1649176225
265,242,3,1652471951
265,236,3,1652903635
265,154,2,1657297452
265,83,3,1657630542
265,48,3,1660648855
265,61,4,1661219742
265,34,4,1668150977
265,186,4,1668497403
265,223,2,1669916980
265,232,3,1672360997
265,82,3,1675121060
265,175,3,1678554934
265,16,2,1681777485
265,192,4,1682980546
265,9,3,1683119886
265,206,3,1683804619
265,102,3,1686208286
265,250,3,1686333313
265,234,3,1687204389
265,4,3,1688923904
265,69,3,1691529801
265,109,4,1693419752
265,244,3,1693509231
265,153,2,1693720801
266,61,4,1603907733
266,168,4,1604084158
266,249,3,1604268297
266,85,4,1604270753
266,72,3,1607345418
266,205,4,1608637672
266,214,3,1610564906
266,104,3,1613790248
266,193,3,1613815712
266,50,4,1615759461
266,67,3,1616162533
266,210,5,1617191218
266,139,2,1617626085
266,145,3,1620262173
266,218,2,1621003165
266,77,3,1621499813
266,128,3,1628699014
266,102,3,1632042880
266,21,2,1636976857
266,136,3,1637613337
266,123,2,1637997320
266,38,4,1639177611
266,76,5,1639232861
266,154,2,1639365230
266,18,4,1640028672
266,221,4,1641725750
266,160,4,1643470849
266,53,4,1645803894
266,232,4,1650062743
266,93,4,1651639925
266,39,5,1651781427
266,155,2,1653223454
266,27,3,1653849135
266,184,2,1654939801
266,111,5,1655999646
266,105,4,1656815438
266,202,3,1657168592
266,137,3,1658131121
266,101,1,1658441093
266,100,4,1660977766
266,89,5,1661168787
266,153,2,1663483279
266,246,2,1663488430
266,225,3,1667434108
266,237,3,1670581627
266,79,4,1671037713
266,69,4,1673236309
266,192,3,1673837062
266,175,4,1673934249
266,92,3,1674049540
266,14,3,1681605820
266,181,2,1682732267
266,236,1,1683908088
266,130,3,1685215274
266,9,4,1686728166
266,188,4,1688463501
266,228,2,1688775800
266,10,2,1689673281
266,19,4,1690909823
266,223,3,1691040516
266,47,2,1694220038
267,109,4,1607190722
267,175,3,1610041480
267,192,3,1611715442
267,39,4,1620118196
267,38,4,1628189048
267,94,5,1640346056
267,246,2,1648607830
267,188,4,1649674053
267,27,3,1651780264
267,193,2,1656226495
267,93,3,1673018109
267,128,3,1673411777
267,34,3,1673514053
267,80,3,1674021053
267,125,3,1679865454
267,205,3,1686937967
267,14,4,1691804206
268,100,2,1603803418
268,40,3,1609638152
268,185,4,1609846397
268,109,2,1611433409
268,182,3,1611468734
268,148,2,1615993926
268,175,4,1626381801
268,50,2,1627879856
268,130,2,1631078337
268,9,2,1636592099
268,28,3,1637433179
268,86,2,1644074466
268,154,5,1645873844
268,20,4,1652379868
268,5,5,1659320335
268,52,3,1660239828
268,39,4,1664440851
268,105,1,1667835121
268,143,3,1668241428
268,15,5,1684382349
268,192,3,1689717685
269,100,3,1600367844
269,229,3,1601893269
269,180,3,1604431866
269,122,2,1605186562
269,58,3,1606587100
269,93,5,1607948815
269,35,3,1608523837
269,96,2,1610385198
269,39,4,1610399845
269,88,5,1612737493
269,139,2,1617083041
269,164,2,1618188478
269,244,4,1618675682
269,97,4,1623850602
269,54,2,1625948152
269,27,5,1632792625
269,127,3,1635350252
269,30,4,1635423102
269,61,3,1636864507
269,22,3,1637722772
269,168,4,1638388263
269,89,4,1638464161
269,145,3,1640101945
269,188,4,1642969098
269,76,4,1647300486
269,13,1,1649232753
269,182,4,1653202405
269,72,4,1657551689
269,236,3,1660240286
269,79,3,1665080379
269,132,3,1665926897
269,46,2,1669335159
269,69,4,1670873118
269,225,4,1672512370
269,207,5,1673735805
269,31,3,1675318223
269,232,5,1677661224
270,69,3,1601269152
270,123,2,1603158442
270,168,4,1603955009
270,146,3,1605074655
270,235,3,1609027872
270,198,3,1611757427
270,185,3,1613894188
270,50,3,1615155788
270,65,5,1618587008
270,241,2,1619825048
270,154,5,1621781518
270,246,3,1623966266
270,53,4,1624045426
270,206,3,1624627484
270,63,4,1625652988
270,30,3,1626866575
270,152,5,1627924050
270,37,3,1633771790
270,226,2,1639244198
270,167,3,1642503113
270,140,2,1643674884
270,145,4,1644082129
270,166,4,1645527382
270,160,2,1645557523
270,174,3,1648113183
270,157,5,1648345873
270,110,4,1655533800
270,44,3,1656542746
270,199,4,1662573011
270,188,5,1664608037
270,39,5,1664801515
270,111,3,1664905016
270,175,5,1665047306
270,93,3,1665052960
270,236,3,1665267158
270,59,5,1666618901
270,100,3,1668480078
270,221,4,1668653464
270,18,5,1669731398
270,150,4,1671122886
270,139,4,1671141986
270,4,3,1672140594
270,52,4,1672362958
270,21,4,1672374392
270,15,5,1673532085
270,89,5,1675053530
270,249,3,1682707708
270,135,2,1683907993
270,48,3,1690513223
270,192,3,1691729452
271,179,3,1604664876
271,140,3,1605879912
271,136,5,1609634219
271,214,3,1652940831
271,104,3,1670985447
271,125,4,1687234766
271,39,5,1690565698
272,69,4,1602663915
272,134,4,1604648983
272,76,3,1605117145
272,195,5,1606873506
272,63,2,1610513590
272,193,4,1610593284
272,179,5,1610829362
272,100,3,1613251035
272,130,3,1613256906
272,93,5,1620789665
272,126,4,1621010064
272,249,4,1629288209
272,208,4,1629790397
272,39,2,1632754184
272,229,3,1633758719
272,190,1,1637634696
272,214,3,1642692797
272,191,3,1646296140
272,139,3,1647914156
272,162,2,1648109699
272,184,3,1650993357
272,240,3,1655111156
272,140,1,1666356786
272,136,4,1672902131
272,192,4,1675576958
272,199,4,1679050513
272,125,3,1679605036
272,5,4,1680525834
272,154,2,1680917139
272,52,4,1683456474
272,70,4,1689864792
273,182,5,1601736305
273,141,2,1602671949
273,14,5,1606902467
273,140,3,1607940189
273,154,3,1609223053
273,178,4,1618903721
273,39,4,1623109092
273,18,4,1630360010
273,121,5,1632493583
273,175,3,1634516482
273,94,5,1634736114
273,100,3,1639724521
273,111,3,1644324982
273,125,5,1648368312
273,120,4,1648761578
273,236,2,1649892691
273,27,5,1657483302
273,64,4,1657985986
273,107,3,1659271939
273,235,3,1666113170
273,139,5,1666477047
273,210,4,1666606768
273,98,2,1669220615
273,201,3,1689352079
273,188,5,1690267883
274,192,5,1602673064
274,206,5,1602678415
274,180,3,1604179476
274,18,4,1604339061
274,27,5,1607317386
274,79,3,1616293407
274,152,2,1620409722
274,5,3,1623487226
274,76,4,1633551996
274,168,3,1636801337
274,249,4,1645194683
274,128,2,1647017318
274,141,4,1660953545
274,188,3,1662438457
274,61,4,1667703148
274,70,2,1668994165
274,148,3,1670040421
274,123,2,1675852943
274,48,2,1677192433
274,39,4,1692533178
274,232,4,1693594630
275,235,3,1601256111
275,52,3,1605671365
275,195,3,1608594931
275,190,2,1614863436
275,104,5,1618459156
275,116,2,1618560879
275,182,3,1621028524
275,150,5,1626700372
275,196,2,1627261600
275,89,4,1629239081
275,39,3,1629344993
275,188,3,1630465018
275,103,3,1632224458
275,139,3,1636422821
275,31,3,1645319907
275,225,3,1646142789
275,168,3,1648571444
275,175,4,1648749909
275,102,3,1651697055
275,85,4,1654111751
275,244,4,1658949097
275,18,5,1659458627
275,226,3,1661508202
275,130,1,1664164450
275,123,3,1668596314
275,167,3,1669472538
275,93,5,1676439707
275,79,3,1682341873
275,157,3,1682905706
276,188,3,1602846808
276,104,4,1603820285
276,27,3,1603974825
276,15,3,1607579591
276,190,1,1612732032
276,136,5,1616678479
276,225,3,1617948818
276,93,4,1618638597
276,21,3,1624963877
276,18,4,1629894895
276,47,3,1631532903
276,125,3,1631717217
276,248,4,1640589074
276,175,5,1644574621
276,210,4,1644988533
276,50,3,1651529405
276,198,3,1652532897
276,127,3,1656407905
276,231,4,1657894140
276,52,4,1664629800
276,109,3,1664811333
276,7,4,1666864002
276,85,4,1670611588
276,173,3,1672058737
276,139,3,1676310286
276,206,4,1679642735
276,79,4,1681023249
276,167,4,1685631187
276,178,3,1687359920
276,98,2,1688621234
277,141,3,1600942369
277,225,4,1601944559
277,154,3,1601985743
277,174,4,1605891900
277,83,4,1606972287
277,208,3,1609223383
277,79,3,1613415276
277,198,3,1615019987
277,175,2,1619704052
277,192,3,1627475584
277,179,3,1633177734
277,136,3,1637626842
277,50,4,1642042179
277,71,1,1646307839
277,140,1,1647289422
277,137,2,1650183855
277,102,4,1650476975
277,13,2,1655036026
277,235,4,1659038544
277,7,3,1659056428
277,15,3,1664864760
277,39,4,1667686279
277,93,4,1670266034
277,184,4,1683732093
277,111,3,1685851461
278,20,4,1601416934
278,62,2,1605499410
278,46,3,1605783367
278,2,4,1608948582
278,69,5,1610974463
278,178,2,1612135918
278,45,3,1616537660
278,8,4,1616973174
278,85,5,1617134981
278,157,5,1617226177
278,28,4,1630825066
278,33,3,1631413057
278,53,5,1631506907
278,206,5,1633605212
278,18,5,1637703310
278,210,4,1642579557
278,160,4,1645497298
278,152,3,1646656325
278,3,2,1650646467
278,192,4,1652587419
278,100,2,1655988673
278,153,5,1658005152
278,27,4,1658820525
278,250,4,1659557744
278,30,3,1660125438
278,195,5,1665514934
278,79,5,1666264541
278,175,5,1670216309
278,109,4,1670484299
278,104,5,1670777564
278,39,5,1672366134
278,179,3,1674754369
278,54,4,1675770033
278,203,3,1680715209
278,154,5,1685994615
278,232,4,1687902922
278,141,4,1688883028
278,137,5,1692991678
278,130,2,1694064630
279,61,5,1600065538
279,190,3,1601790553
279,130,3,1601884316
279,30,4,1603021370
279,123,4,1603937384
279,93,5,1605249549
279,154,4,1607083114
279,13,3,1607317480
279,68,4,1608883744
279,166,5,1610642308
279,223,2,1611406871
279,39,5,1611895993
279,54,3,1612693900
279,15,5,1612845749
279,18,5,1618470449
279,69,5,1622359453
279,232,3,1624006845
279,229,4,1624698074
279,188,4,1625024066
279,175,5,1628860487
279,109,3,1633390349
279,225,3,1634439641
279,136,4,1636294373
279,164,3,1637654193
279,104,5,1640020969
279,145,3,1640414772
279,139,5,1641016733
279,179,2,1641610779
279,148,1,1642035178
279,184,2,1642447295
279,77,5,1643676154
279,97,5,1645194776
279,182,5,1648870206
279,111,4,1652679918
279,35,4,1657895247
279,100,2,1658571376
279,168,5,1663001230
279,117,4,1663746823
279,46,5,1664152724
279,53,5,1665461454
279,157,4,1667560847
279,65,5,1667678973
279,87,3,1672393240
279,43,3,1672661830
279,244,4,1673174598
279,27,4,1681003752
279,210,5,1681802549
279,206,4,1682058041
279,137,5,1683368904
279,249,5,1685681992
279,155,2,1686941784
279,180,4,1690588168
279,92,5,1691336895
279,186,4,1693116947
280,93,5,1601286362
280,219,4,1601573240
280,210,3,1601880685
280,166,2,1602902334
280,36,2,1604595787
280,91,4,1606605518
280,94,3,1610702107
280,18,3,1610924037
280,176,3,1612501074
280,27,3,1613022965
280,193,4,1613645654
280,141,2,1615577673
280,50,3,1617926492
280,28,4,1620549719
280,160,3,1622145767
280,181,4,1623151420
280,78,3,1624222384
280,175,3,1624504174
280,231,4,1625858536
280,107,3,1626704821
280,234,4,1629850648
280,98,3,1630612058
280,118,4,1630737164
280,46,3,1632079892
280,206,3,1634088343
280,39,5,1636412977
280,53,5,1636801968
280,33,3,1637435101
280,173,4,1638253292
280,82,2,1641390166
280,21,2,1641911510
280,187,3,1641945474
280,136,5,1643095060
280,140,3,1644994783
280,79,2,1645538951
280,225,2,1646844633
280,5,4,1646971097
280,189,2,1647093140
280,115,1,1647575266
280,139,4,1647759361
280,57,3,1649327477
280,169,3,1651885334
280,182,4,1652852355
280,130,2,1657882255
280,108,2,1658325058
280,86,1,1658423206
280,106,1,1659665787
280,204,4,1660784349
280,202,5,1662041809
280,192,4,1665547293
280,24,5,1669083879
280,145,4,1669833314
280,62,3,1670182466
280,171,2,1672575718
280,150,3,1673396818
280,100,2,1673916081
280,250,3,1678094898
280,244,3,1678554391
280,203,2,1678800767
280,137,4,1679689840
280,104,3,1682234952
280,246,1,1683685984
280,122,4,1684703619
280,188,3,1686358672
280,64,4,1686404024
280,232,2,1690894285
280,223,2,1691224491
280,52,3,1692783135
280,208,3,1694258409
281,159,2,1600085475
281,126,1,1600543180
281,21,2,1600830282
281,250,3,1605835251
281,104,2,1607485305
281,109,3,1609016722
281,53,5,1610135988
281,35,2,1615621834
281,92,3,1625208852
281,180,3,1628231636
281,39,3,1630093437
281,175,4,1635868880
281,224,3,1638488863
281,60,2,1642202963
281,210,3,1645490458
281,16,1,1649801569
281,46,2,1655944556
281,130,2,1658708287
281,36,2,1661629037
281,206,3,1664827739
281,231,5,1670933517
281,52,3,1672749402
281,110,3,1673817520
281,169,3,1673844918
281,221,4,1676176384
281,141,3,1676196660
281,89,3,1687125085
281,18,2,1687756760
281,23,3,1692826133
282,154,3,1601279302
282,54,2,1603793356
282,175,3,1608377657
282,145,4,1611878697
282,192,3,1617435439
282,39,3,1626634413
282,208,4,1628692761
282,235,4,1633320019
282,47,1,1633784437
282,182,2,1636623799
282,249,5,1638439302
282,27,4,1644297883
282,140,3,1650762677
282,123,2,1654716884
282,171,2,1656770916
282,5,4,1657224746
282,180,3,1662640034
282,188,3,1664014423
282,79,4,1666220096
282,70,3,1667926076
282,50,2,1668980608
282,132,4,1670946960
282,26,3,1679184536
282,244,5,1687229356
282,36,3,1691869029
282,169,5,1692537433
282,110,4,1693984868
283,139,5,1606775644
283,181,3,1608780950
283,180,4,1610085594
283,153,3,1613082066
283,154,4,1613490756
283,21,4,1613565847
283,218,4,1614537067
283,76,2,1615060362
283,221,4,1616027175
283,116,3,1620981620
283,125,3,1622135126
283,73,3,1625837866
283,235,3,1633503472
283,24,4,1634937115
283,162,4,1636087445
283,13,3,1637864312
283,104,4,1638615913
283,243,5,1639609832
283,182,5,1641570019
283,188,5,1641585371
283,85,4,1642921832
283,238,4,1644829493
283,145,4,1645805467
283,114,4,1648470953
283,143,3,1648716437
283,137,3,1650430689
283,174,5,1652704070
283,168,3,1654467509
283,175,3,1655337151
283,157,4,1655619158
283,6,2,1655689360
283,18,4,1656094093
283,88,5,1657522657
283,111,4,1658279494
283,234,5,1658595097
283,39,3,1663633533
283,225,4,1668303235
283,206,2,1672737346
283,57,4,1678202134
283,202,5,1682380974
283,97,5,1690122552
283,210,5,1690208956
283,102,3,1693180100
283,232,3,1693425902
283,14,4,1693539768
283,131,3,1694278149
284,31,2,1600227547
284,106,1,1600234285
284,5,4,1602146739
284,127,5,1604014557
284,59,1,1605179208
284,211,4,1606380071
284,61,4,1609806847
284,32,4,1619249574
284,125,3,1619756855
284,145,4,1620369299
284,225,3,1620619559
284,230,4,1621480007
284,73,2,1622185961
284,18,4,1622385926
284,39,3,1622700702
284,136,3,1622869569
284,93,3,1624851931
284,249,5,1627393101
284,92,2,1635880045
284,192,3,1636924698
284,52,4,1637187362
284,152,2,1637685486
284,150,5,1638075469
284,50,3,1640011955
284,226,5,1642261723
284,100,4,1644735882
284,103,3,1647171683
284,109,3,1647234474
284,132,5,1654742252
284,68,4,1657008723
284,139,3,1657176792
284,30,4,1659489725
284,175,3,1661288745
284,27,3,1667065040
284,130,3,1667444219
284,123,4,1667810938
284,210,5,1668127140
284,134,4,1670514934
284,196,3,1670676874
284,170,3,1672373212
284,147,3,1674338668
284,221,4,1675925389
284,43,2,1676856119
284,76,3,1678748207
284,79,4,1681737212
284,162,1,1682683133
284,188,5,1687124101
284,167,2,1692469480
285,145,4,1600483684
285,90,2,1602890629
285,132,4,1604567015
285,16,2,1609292842
285,76,4,1618431692
285,236,4,1626684407
285,79,4,1629555789
285,48,3,1632221303
285,157,2,1634597513
285,138,3,1637929720
285,14,4,1638062485
285,3,2,1641857655
285,30,4,1647049359
285,206,4,1653791481
285,110,5,1655325188
285,214,3,1656312159
285,188,3,1659680076
285,27,5,1662537473
285,175,3,1670306134
285,249,3,1672748582
285,28,5,1674658378
285,81,4,1680508518
285,225,3,1682085529
285,130,2,1682238685
285,247,2,1686309820
285,104,3,1686819980
286,115,4,1600250139
286,70,5,1601262510
286,18,3,1601565486
286,136,4,1601863513
286,192,3,1603215353
286,15,3,1603403504
286,171,2,1603861071
286,232,4,1609684425
286,126,5,1612559597
286,72,3,1613140879
286,23,2,1614291011
286,123,2,1616332798
286,76,2,1618671074
286,94,4,1619027625
286,37,2,1619830421
286,120,1,1620533532
286,210,4,1621690576
286,188,4,1621842648
286,85,5,1626683818
286,214,3,1627174485
286,88,4,1629176847
286,206,2,1631545354
286,226,3,1632276422
286,3,1,1634775067
286,50,4,1634809536
286,154,4,1638464266
286,121,3,1638564915
286,218,2,1639036658
286,182,4,1639175610
286,13,3,1642517964
286,69,4,1642983975
286,74,3,1648736632
286,30,3,1649304291
286,246,5,1651595871
286,73,3,1653705566
286,89,3,1654250313
286,109,5,1654906143
286,34,2,1657556935
286,98,2,1657722262
286,35,4,1658126507
286,185,5,1663122380
286,244,4,1667331293
286,145,4,1667905886
286,216,3,1668037790
286,175,5,1668060942
286,79,3,1670459956
286,139,3,1671317504
286,160,4,1671665579
286,52,3,1672499137
286,125,3,1672538557
286,111,2,1680179741
286,39,4,1680588102
286,166,4,1682685510
286,10,4,1684743387
286,27,4,1685174861
286,33,2,1685278034
286,173,2,1689674063
286,78,1,1690653317
286,102,2,1694151102
287,154,3,1600367022
287,145,3,1600831267
287,65,3,1601471556
287,41,4,1604131420
287,132,3,1605531417
287,34,3,1606436866
287,124,2,1607139540
287,188,3,1607322666
287,101,2,1615680367
287,218,3,1616643505
287,157,4,1617613241
287,85,4,1620765521
287,150,3,1620962050
287,139,3,1621312953
287,175,3,1624518831
287,127,4,1626353071
287,174,3,1628923541
287,86,2,1629515917
287,202,3,1629868940
287,68,5,1635905330
287,195,5,1636945909
287,152,3,1640754344
287,232,2,1643721679
287,247,4,1645528548
287,138,4,1647089907
287,235,3,1647926398
287,219,4,1648199409
287,198,2,1648370232
287,213,3,1648538100
287,109,4,1650114352
287,168,4,1653020697
287,94,4,1657141209
287,100,2,1661611693
287,226,3,1663499312
287,47,1,1664555255
287,130,2,1664601660
287,225,3,1664671172
287,98,2,1665708923
287,185,3,1666291285
287,61,4,1667164236
287,2,4,1668382800
287,143,4,1668522706
287,14,2,1668758945
287,192,3,1670925930
287,39,4,1671095496
287,223,3,1672744241
287,50,4,1674759923
287,24,5,1675742566
287,200,3,1678982064
287,27,4,1679301839
287,5,3,1680136831
287,180,2,1680676999
287,56,4,1682484618
287,26,3,1682791957
287,18,3,1683484767
287,104,3,1683718079
287,8,1,1684490176
287,160,3,1687252082
287,136,3,1687632163
287,153,3,1688411332
287,93,3,1688901235
287,250,3,1688992429
287,79,2,1689591672
287,116,4,1690109507
287,236,4,1690928245
287,210,3,1692725273
287,70,4,1693455703
287,155,4,1693758184
288,128,2,1601408041
288,232,4,1602580780
288,210,4,1602622585
288,102,3,1602963269
288,5,4,1604418401
288,32,2,1604460351
288,221,4,1604534668
288,244,4,1604878862
288,33,4,1605524069
288,139,3,1606052193
288,224,4,1609346838
288,182,5,1611040971
288,214,4,1614501115
288,107,2,1615246314
288,155,4,1616484288
288,108,2,1617018464
288,104,3,1618226645
288,34,3,1618464804
288,72,4,1622185673
288,53,4,1626110909
288,56,3,1626823029
288,48,2,1627656260
288,7,3,1627740407
288,64,4,1631007516
288,123,3,1631373877
288,142,2,1632293741
288,116,4,1633467755
288,200,3,1634953365
288,18,3,1638666005
288,186,4,1639773712
288,148,4,1640389499
288,31,2,1641974881
288,47,1,1642185660
288,76,3,1643073207
288,126,4,1643828044
288,135,3,1644637846
288,39,3,1648335337
288,41,4,1648541073
288,79,3,1654647771
288,184,3,1656876958
288,14,3,1657719317
288,54,2,1657871939
288,21,4,1657934768
288,80,2,1658275539
288,124,3,1658772404
288,13,2,1659225921
288,100,4,1659768920
288,150,5,1659967725
288,61,3,1660761992
288,152,1,1662902511
288,216,5,1663375719
288,52,3,1665188071
288,193,2,1668504745
288,118,3,1673274723
288,141,3,1673945995
288,93,3,1674117873
288,66,2,1674174336
288,249,5,1674574157
288,27,3,1675987205
288,196,4,1676035248
288,227,3,1677145140
288,59,3,1678320063
288,188,5,1682863835
288,8,1,1684276511
288,175,4,1685578527
288,235,4,1685678884
288,122,5,1686230009
288,154,3,1691199258
288,46,4,1691346968
288,226,4,1692004918
289,145,4,1601337865
289,61,5,1602996897
289,45,3,1603124820
289,93,2,1603680359
289,244,3,1603776661
289,195,4,1604282596
289,28,4,1604517867
289,36,3,1606472152
289,123,3,1607625895
289,64,4,1607699717
289,231,4,1607864976
289,33,3,1609427093
289,79,4,1610306420
289,174,3,1612924771
289,125,2,1613486668
289,47,3,1615727351
289,204,4,1615865737
289,225,2,1616701680
289,208,4,1617627152
289,196,2,1618263634
289,192,4,1618922122
289,232,2,1619222706
289,102,2,1621072231
289,243,2,1622614029
289,144,2,1624547389
289,184,2,1625028931
289,53,3,1625836751
289,136,3,1626040340
289,21,3,1626455977
289,132,3,1627016549
289,169,3,1627092517
289,39,5,1628644609
289,197,3,1628686934
289,139,4,1628893248
289,238,1,1629042169
289,107,3,1629124196
289,193,3,1629481034
289,154,4,1629522678
289,111,3,1631136321
289,182,3,1632862319
289,15,3,1634250328
289,65,5,1635465982
289,56,4,1635924034
289,236,3,1636665961
289,27,3,1637106679
289,185,5,1638621827
289,52,4,1638997058
289,250,2,1640183588
289,106,1,1640249979
289,153,3,1640445195
289,59,4,1642912617
289,210,3,1646263166
289,175,5,1647551233
289,134,3,1647831048
289,202,4,1650500492
289,203,3,1651435540
289,165,2,1652322797
289,130,1,1653366279
289,141,3,1653765025
289,168,5,1656610045
289,242,3,1658765431
289,249,2,1659963614
289,233,3,1662518837
289,115,3,1662852691
289,87,2,1664261989
289,221,4,1664410448
289,152,3,1664838167
289,18,5,1665440821
289,77,5,1665713514
289,138,3,1666086676
289,127,3,1666181966
289,188,3,1666428446
289,177,3,1668702484
289,46,2,1669911011
289,13,4,1670707885
289,4,3,1673709115
289,120,3,1674573962
289,94,5,1675887218
289,5,4,1676715019
289,35,5,1677241945
289,226,3,1677266281
289,206,4,1677579603
289,108,3,1678224448
289,30,3,1678525374
289,83,2,1679003063
289,223,2,1679826912
289,109,4,1680868146
289,81,5,1682076049
289,48,3,1683538499
289,57,4,1683700593
289,89,3,1683794084
289,187,3,1684315818
289,32,3,1684548228
289,173,2,1685684109
289,104,2,1686203917
289,128,3,1686569271
289,167,2,1686592144
289,50,2,1687323263
289,100,2,1687754480
289,179,3,1689506857
289,31,2,1689904836
289,198,4,1691500373
290,100,2,1607757168
290,136,2,1610767734
290,72,4,1613106596
290,132,4,1620614394
290,210,4,1634459844
290,175,3,1635754903
290,81,3,1638313727
290,27,3,1643102222
290,238,1,1645627814
290,102,2,1647980521
290,168,4,1650219724
290,160,5,1656507323
290,13,3,1658721676
290,188,3,1662424340
290,154,4,1673679342
290,184,3,1674616702
290,52,3,1676805568
290,79,2,1677733173
290,83,1,1685457254
290,226,5,1690460930
291,47,3,1601965223
291,85,4,1603784854
291,175,4,1607115361
291,132,4,1608151085
291,181,1,1608507557
291,226,4,1609663029
291,107,2,1609913004
291,93,4,1620274489
291,52,3,1626354473
291,106,1,1633645251
291,98,3,1635430385
291,185,5,1636787913
291,39,3,1637824942
291,249,5,1645875730
291,120,3,1649363730
291,160,3,1649836687
291,192,3,1650087177
291,139,3,1650535255
291,234,5,1653024923
291,69,5,1654553345
291,100,3,1663427207
291,13,3,1663600959
291,133,5,1663835507
291,127,3,1664256181
291,179,3,1669227104
291,250,2,1671489515
291,188,4,1675985264
291,218,3,1676113083
291,203,1,1679923160
291,130,1,1683373371
291,141,3,1690218309
291,223,3,1690238917
291,195,3,1691915259
291,136,3,1692696710
292,192,3,1600139425
292,221,4,1601477395
292,102,4,1601527803
292,188,3,1602398891
292,232,4,1613143714
292,152,2,1613667764
292,184,3,1614329678
292,231,5,1616980402
292,100,4,1617040812
292,196,3,1621872917
292,166,3,1625568871
292,157,2,1628232762
292,30,2,1632381384
292,27,4,1633618456
292,226,5,1634010842
292,168,4,1635453702
292,225,2,1643365221
292,62,3,1645368515
292,193,3,1649702842
292,48,4,1649833422
292,183,2,1654980410
292,180,4,1655741005
292,93,4,1656636932
292,34,2,1659176361
292,39,3,1659565441
292,110,3,1662085356
292,52,4,1663732666
292,206,4,1663981682
292,175,4,1666147345
292,230,3,1667147012
292,198,3,1669399939
292,18,4,1676752770
292,154,3,1677001983
292,250,3,1677375775
292,201,2,1678099023
292,210,4,1687855389
292,76,3,1689940326
292,79,5,1690100253
292,13,3,1692180474
292,70,4,1692882797
293,193,4,1600222031
293,139,2,1601994145
293,189,2,1608494363
293,154,3,1609845565
293,136,4,1612793173
293,208,3,1617210764
293,103,2,1617808876
293,175,4,1619966963
293,27,4,1621807015
293,64,4,1625862378
293,234,5,1626175105
293,188,3,1627181019
293,192,3,1627326973
293,46,3,1632497963
293,85,4,1632834064
293,243,3,1636680105
293,18,3,1637657115
293,77,2,1639704815
293,50,4,1641080824
293,166,5,1642305213
293,206,5,1644963311
293,102,3,1646801550
293,155,3,1647349668
293,110,3,1651310582
293,93,4,1653402035
293,79,4,1654704044
293,184,3,1656468272
293,115,3,1657658531
293,241,2,1658524164
293,123,4,1658675238
293,76,3,1661586038
293,39,4,1666652367
293,30,2,1670254015
293,138,3,1670417372
293,104,3,1670878375
293,37,3,1677257195
293,5,4,1682396257
293,230,5,1682624540
293,54,2,1682802788
293,210,4,1683842594
293,72,5,1683915312
293,100,3,1684864223
293,218,3,1686001727
293,214,3,1686312820
294,136,4,1602389309
294,138,3,1603094082
294,150,3,1603440742
294,5,5,1607763028
294,18,2,1609966988
294,244,4,1612293613
294,50,3,1613449569
294,236,2,1620442869
294,193,2,1621092005
294,31,2,1627505265
294,241,2,1630806507
294,21,2,1635200285
294,100,5,1637449025
294,175,4,1638668930
294,249,4,1641145402
294,171,3,1641164255
294,140,3,1645049201
294,39,4,1649625094
294,79,3,1654655985
294,196,2,1655622693
294,85,5,1667194572
294,192,4,1671306637
294,130,2,1676385161
294,57,5,1689757321
294,198,3,1690818901
294,104,2,1694533998
295,203,2,1604123398
295,221,3,1607783930
295,229,2,1610962469
295,79,2,1620115493
295,154,3,1624960606
295,173,3,1631391001
295,39,3,1644598155
295,223,3,1645269567
295,111,3,1648480780
295,100,2,1649270345
295,141,2,1653743212
295,206,4,1658300218
295,238,1,1667057612
295,208,4,1668026447
295,2,3,1672504864
295,140,1,1673528445
295,75,3,1690037362
296,39,5,1601326505
296,68,3,1602905606
296,249,5,1603511556
296,50,4,1603662209
296,54,3,1611880663
296,111,4,1612562400
296,46,5,1612999503
296,244,5,1614469039
296,199,2,1615021896
296,192,4,1615343290
296,185,4,1617695716
296,128,2,1618111948
296,198,4,1619018904
296,52,3,1621514546
296,63,3,1624245838
296,150,4,1625052976
296,109,2,1626277373
296,154,3,1627127652
296,33,3,1629707824
296,139,3,1630386232
296,83,2,1635324007
296,76,3,1635880946
296,181,2,1636114662
296,55,5,1645511185
296,13,3,1645531269
296,149,4,1646075892
296,228,2,1646755996
296,101,2,1647593760
296,145,3,1649063275
296,47,2,1650886089
296,130,3,1655584208
296,164,5,1659945715
296,188,3,1662254782
296,127,3,1663337568
296,180,3,1663363978
296,175,5,1664750496
296,123,2,1667186317
296,2,5,1668141810
296,178,5,1669032806
296,223,2,1670464201
296,152,2,1674708912
296,85,3,1674775252
296,93,5,1677279413
296,230,5,1688132904
297,247,1,1600073948
297,201,3,1603288222
297,198,3,1615067490
297,139,2,1631415349
297,172,2,1632378087
297,5,4,1635610716
297,188,3,1637716915
297,79,4,1640556673
297,226,2,1655677731
297,196,4,1660117970
297,111,3,1661440089
297,105,2,1662886893
297,70,3,1664182132
297,32,4,1671684963
297,27,1,1673997447
297,202,5,1674814877
297,81,5,1675524411
297,168,5,1676027016
297,225,3,1677838268
297,36,1,1687054076
297,112,3,1693193754
298,136,5,1600653077
298,52,3,1611813732
298,32,4,1611916174
298,2,5,1612067364
298,82,4,1614291712
298,21,3,1614564548
298,146,5,1615159420
298,25,3,1615736738
298,186,5,1619518575
298,139,3,1621256013
298,164,3,1621404566
298,192,4,1624394206
298,56,5,1628446824
298,57,3,1634409174
298,18,3,1634806614
298,86,2,1638470601
298,45,3,1638519469
298,40,2,1639009790
298,122,4,1639063675
298,221,4,1640067649
298,48,3,1641867060
298,249,3,1642642431
298,63,3,1646358680
298,27,2,1647817562
298,39,4,1648161510
298,100,3,1652659903
298,206,3,1653470542
298,166,2,1653947135
298,154,3,1654010024
298,5,3,1654096322
298,69,5,1658916989
298,175,4,1662485127
298,188,2,1664771914
298,236,2,1667372938
298,140,2,1668930350
298,193,2,1668964008
298,85,5,1672341286
298,37,5,1672968907
298,184,3,1674887578
298,160,3,1678465205
298,210,3,1681180878
298,198,4,1681627776
298,54,5,1682169021
298,197,3,1686023575
298,61,4,1687556948
298,46,5,1692229816
298,104,4,1694474741
298,125,3,1694486843
299,218,4,1601657721
299,246,3,1603779048
299,192,5,1603924772
299,183,2,1605260571
299,241,1,1610932526
299,154,4,1613521267
299,140,1,1616819683
299,104,2,1617163555
299,61,4,1623147454
299,27,5,1632871350
299,111,4,1634788004
299,221,2,1641059866
299,79,3,1646715415
299,179,2,1647197632
299,210,3,1648534506
299,157,1,1666701424
299,137,4,1678975112
299,39,3,1682015389
299,97,2,1684946440
299,206,4,1685178765
299,47,2,1685732629
299,136,4,1690374629
299,93,2,1692574020
300,182,5,1604711203
300,250,3,1608499243
300,130,1,1612843297
300,232,3,1617834475
300,168,4,1621634963
300,13,1,1622371362
300,192,3,1623171527
300,141,3,1631031355
300,34,4,1636864742
300,77,3,1646937663
300,243,4,1647647546
300,160,4,1654247656
300,187,3,1656681175
300,231,5,1660669158
300,154,5,1668603521
300,242,4,1670202725
300,93,5,1670744155
300,53,5,1673926675
300,138,5,1677075943
300,206,3,1688369988
300,229,2,1693835258
301,181,3,1602029904
301,127,5,1604340587
301,145,5,1604782122
301,82,2,1605965359
301,8,2,1609616196
301,119,5,1611780260
301,230,5,1618576709
301,93,5,1619805978
301,148,2,1621961303
301,64,2,1632441743
301,195,3,1633307783
301,136,4,1635781714
301,52,4,1638359600
301,192,3,1640614850
301,184,4,1644661738
301,47,2,1645143070
301,132,4,1645706617
301,43,3,1646267404
301,187,5,1650404655
301,30,4,1656221018
301,139,2,1657617162
301,39,4,1660058306
301,46,4,1660484978
301,175,4,1661779494
301,53,2,1663677908
301,42,2,1663837983
301,223,3,1663931314
301,111,3,1664081322
301,206,3,1665158462
301,10,4,1665789880
301,27,4,1669944058
301,249,5,1670948316
301,40,2,1671655462
301,188,2,1673382420
301,79,3,1675603992
301,89,3,1675837920
301,173,4,1677313466
301,182,3,1677951724
301,193,2,1678961178
301,102,2,1680975081
301,94,5,1682318366
301,174,3,1689012552
301,100,4,1691664977
301,120,3,1692799603
301,109,2,1693585630
301,87,2,1694150303
302,232,3,1600198305
302,91,2,1601187045
302,132,4,1602374611
302,27,5,1603996320
302,75,3,1604405716
302,39,3,1605164690
302,201,2,1618209412
302,188,4,1619824818
302,18,3,1622767954
302,100,1,1623020642
302,223,1,1623944212
302,21,3,1625578052
302,243,2,1626808550
302,139,2,1626850154
302,13,2,1627704571
302,199,3,1632082304
302,182,5,1632206529
302,109,3,1632465630
302,55,3,1633604294
302,125,4,1633920414
302,162,2,1637642089
302,116,3,1638931126
302,79,5,1646710002
302,175,4,1649179984
302,136,5,1656687800
302,145,3,1657254871
302,111,3,1657672586
302,154,2,1660715071
302,193,2,1661820007
302,115,2,1663775153
302,36,1,1663829254
302,192,2,1665629439
302,225,4,1672783329
302,168,2,1675048951
302,120,4,1677722250
302,58,3,1680263305
302,61,3,1681715520
302,98,2,1682808815
302,52,4,1682906487
302,87,4,1684578556
302,198,3,1692456710
303,30,5,1601242327
303,131,1,1601735910
303,32,3,1603700048
303,218,2,1607768576
303,229,2,1609170754
303,39,4,1609489072
303,51,2,1611075965
303,130,2,1613641833
303,98,2,1614546821
303,113,3,1615522470
303,115,3,1619085098
303,93,2,1621044718
303,188,4,1624825916
303,195,4,1625318591
303,236,3,1627306984
303,85,3,1627729823
303,46,5,1629227466
303,2,3,1631547864
303,227,5,1632261320
303,5,5,1635522584
303,104,3,1636923164
303,249,4,1638325199
303,225,4,1639122718
303,53,4,1640219696
303,221,3,1644245165
303,235,3,1644251084
303,27,4,1649519660
303,192,3,1649606569
303,52,3,1652055923
303,206,3,1655788871
303,175,4,1662106177
303,107,3,1664251580
303,214,2,1664616872
303,123,3,1667344094
303,76,3,1674039990
303,50,3,1674507267
303,180,3,1675856708
303,196,2,1677262429
303,18,4,1677980825
303,15,3,1679272474
303,182,5,1679303672
303,25,4,1681777896
303,125,3,1683534508
303,244,4,1684404214
303,168,3,1684734360
303,100,4,1685227295
303,159,2,1686118049
303,212,5,1687395996
303,146,5,1687904735
303,238,2,1688393658
303,34,4,1689566427
303,210,5,1693566668
304,1,5,1600218995
304,101,2,1600517443
304,3,2,1601207252
304,168,4,1601704700
304,48,4,1602557256
304,65,3,1603112929
304,193,5,1603262958
304,79,4,1603857811
304,132,5,1605432614
304,61,4,1606465643
304,111,5,1607273767
304,221,4,1609365797
304,82,5,1609793105
304,146,4,1610529798
304,110,4,1611395127
304,107,3,1611687563
304,72,5,1612059853
304,229,4,1612085161
304,145,4,1613878691
304,153,3,1616432770
304,195,4,1616526248
304,199,4,1616640604
304,100,4,1619194729
304,47,3,1620738490
304,192,3,1620964328
304,210,4,1621795159
304,52,3,1623382703
304,62,4,1624257968
304,6,1,1624427957
304,123,4,1624886222
304,104,4,1624997842
304,128,2,1625904826
304,13,3,1626897812
304,247,3,1627390789
304,235,3,1627498583
304,140,3,1627536650
304,2,5,1628668893
304,213,3,1628855019
304,31,3,1628864761
304,232,3,1628921115
304,234,5,1630028615
304,15,4,1630083503
304,201,1,1630415936
304,244,5,1630547900
304,241,3,1630858073
304,69,5,1631589062
304,109,2,1632554650
304,136,2,1633511811
304,175,3,1634202141
304,162,4,1634217949
304,160,5,1634588491
304,80,3,1635088024
304,40,2,1639872736
304,206,4,1641460171
304,39,2,1641688425
304,180,4,1641768194
304,94,5,1641933773
304,18,5,1641941764
304,174,5,1642306394
304,198,3,1642336050
304,148,2,1643135078
304,223,3,1644211265
304,97,5,1646525987
304,85,5,1646764021
304,36,2,1646816142
304,141,3,1647580345
304,33,4,1647890105
304,124,5,1647964644
304,155,2,1648219905
304,130,3,1648341381
304,50,4,1650773296
304,226,3,1650792389
304,27,5,1650873621
304,154,5,1652485801
304,171,3,1652487543
304,119,4,1654163975
304,26,4,1655234346
304,37,3,1655310644
304,70,5,1655652173
304,249,4,1655692142
304,87,2,1655721120
304,139,3,1655800053
304,25,3,1656923644
304,127,5,1657466504
304,242,3,1657967902
304,83,4,1659047150
304,138,5,1660772197
304,202,5,1663256058
304,89,5,1665902415
304,185,5,1666511635
304,9,5,1666761232
304,218,3,1666908767
304,38,4,1667923586
304,131,3,1668694858
304,88,4,1669451904
304,184,3,1670452421
304,167,3,1670523681
304,237,5,1671180827
304,190,3,1671678958
304,144,4,1671798784
304,53,5,1673111118
304,126,4,1673812963
304,239,5,1675100704
304,58,2,1675145510
304,76,2,1675750326
304,5,5,1676555947
304,24,3,1676870764
304,105,4,1677474516
304,54,3,1678179882
304,203,2,1679577040
304,152,2,1680018289
304,43,3,1681171188
304,32,3,1681259502
304,10,2,1681652867
304,137,2,1682763723
304,250,3,1686431569
304,188,5,1686753152
304,133,3,1687292340
304,157,5,1687371901
304,125,5,1687920747
304,93,4,1689342718
304,225,4,1689432636
304,114,3,1691362199
304,169,4,1692483681
304,28,5,1692526662
304,182,5,1692895756
305,175,4,1600798043
305,102,2,1601212297
305,206,4,1610502332
305,5,5,1611962122
305,125,4,1616321530
305,79,3,1620511409
305,174,3,1623868340
305,236,4,1624161822
305,192,3,1625060066
305,17,2,1626798461
305,50,1,1633372538
305,109,2,1637391284
305,66,2,1642385727
305,47,2,1642748434
305,58,3,1644602624
305,13,3,1644993093
305,27,5,1645860555
305,132,5,1645950075
305,26,3,1647349903
305,249,4,1648460848
305,218,3,1649922578
305,100,4,1650925506
305,93,4,1655058661
305,39,4,1656476858
305,139,3,1656585583
305,54,4,1658510901
305,225,3,1659880637
305,136,5,1664425759
305,188,4,1665710156
305,115,3,1666406994
305,52,3,1667822151
305,55,4,1671907512
305,235,3,1672423957
305,187,5,1672644091
305,43,4,1674255013
305,210,5,1674439395
305,168,3,1674531998
305,232,4,1676127135
305,68,2,1682045021
305,145,3,1682711654
305,83,2,1683914546
305,203,1,1684437889
305,244,5,1687623639
305,2,3,1690418801
305,4,3,1694189891
306,136,4,1601456472
306,131,3,1601964206
306,175,5,1603351563
306,100,2,1603905363
306,88,2,1606751190
306,218,3,1609356136
306,39,4,1609422412
306,230,4,1610774570
306,9,2,1613350966
306,94,4,1614538623
306,208,4,1615715966
306,231,4,1615821176
306,44,3,1617569440
306,198,3,1619287442
306,62,4,1621288826
306,41,4,1621590200
306,127,4,1628154711
306,235,3,1632095032
306,197,3,1635266261
306,210,2,1635523845
306,50,5,1635979459
306,249,3,1636204800
306,80,4,1638831873
306,5,3,1638884695
306,168,5,1644642105
306,109,3,1644775313
306,32,4,1645529056
306,226,2,1646066299
306,229,3,1652231498
306,192,4,1653209804
306,225,3,1654059627
306,247,2,1654423201
306,130,2,1657865761
306,10,4,1658529945
306,36,1,1661146385
306,18,5,1661239536
306,24,4,1661631923
306,154,4,1661814635
306,93,5,1662319623
306,195,5,1662498536
306,61,3,1668736496
306,46,3,1669269932
306,125,4,1671527606
306,167,3,1673454955
306,166,3,1673472824
306,48,3,1674498428
306,28,2,1676010551
306,26,3,1676615657
306,162,3,1682077667
306,242,4,1682681501
306,139,3,1682909742
306,137,2,1693974961
307,188,3,1604823751
307,108,4,1610638310
307,98,4,1615364772
307,34,2,1618189123
307,56,3,1618401515
307,67,4,1628644598
307,13,4,1633550243
307,27,5,1637387250
307,3,2,1638216400
307,244,5,1653356530
307,89,3,1654665757
307,39,5,1655759501
307,175,5,1656191026
307,46,2,1658354793
307,94,5,1664410574
307,115,2,1665410112
307,192,4,1668510678
307,241,1,1677514022
307,173,3,1682826723
307,53,4,1683374673
307,16,1,1687783483
307,20,2,1691703324
307,10,2,1692042582
307,100,3,1692304002
308,182,3,1621700091
308,218,2,1622601440
308,233,3,1623638654
308,34,4,1639759403
308,140,2,1650054268
308,100,2,1657009381
308,85,5,1664443145
308,93,4,1683591987
308,57,4,1690802663
309,136,3,1600311298
309,64,2,1600349322
309,25,4,1601840880
309,79,4,1604182717
309,47,1,1605816087
309,50,3,1608176802
309,9,4,1609850261
309,30,3,1610158827
309,179,3,1611136870
309,65,3,1613348272
309,132,3,1614079964
309,108,1,1614755249
309,175,3,1615335674
309,8,2,1615613231
309,185,3,1618667826
309,192,4,1621482317
309,123,3,1622736363
309,125,3,1625886325
309,196,2,1626611155
309,180,3,1626920621
309,155,3,1628117730
309,109,4,1628792031
309,221,2,1629042028
309,54,5,1629887841
309,34,3,1630076508
309,69,4,1630129625
309,203,2,1631874581
309,201,4,1632922992
309,188,3,1633262278
309,140,2,1633518026
309,52,4,1633971686
309,76,2,1634354340
309,104,4,1635862220
309,57,3,1637191004
309,27,3,1639293695
309,107,2,1639878996
309,142,3,1641916567
309,111,3,1642457381
309,154,2,1644963888
309,204,2,1645350796
309,167,3,1646400260
309,115,3,1648966729
309,244,3,1649033975
309,105,2,1649932267
309,62,2,1650678414
309,174,3,1651952912
309,152,2,1654389998
309,232,3,1657647413
309,229,3,1659051853
309,191,2,1659818932
309,153,3,1660057395
309,225,3,1660385386
309,145,4,1661246660
309,53,3,1661454720
309,14,4,1662043686
309,236,2,1665963456
309,87,3,1666346786
309,139,2,1667354530
309,72,2,1667571859
309,162,3,1667590682
309,61,3,1668739900
309,242,2,1669669288
309,208,3,1671255781
309,23,3,1671339784
309,130,3,1672266831
309,198,2,1674194924
309,38,4,1674470236
309,234,3,1674936136
309,214,4,1675137814
309,206,4,1676005891
309,100,3,1676013293
309,127,4,1676245935
309,101,2,1676390535
309,39,4,1677495435
309,218,2,1682238870
309,89,5,1682420182
309,249,3,1682552428
309,21,4,1684422032
309,250,3,1685928356
309,182,3,1686168811
309,121,5,1686241100
309,15,3,1686285057
309,46,2,1687055160
309,168,3,1687465272
309,178,3,1688520086
309,85,4,1688706100
309,88,5,1691398465
309,93,4,1691514041
309,18,3,1691520965
309,186,2,1691656733
309,235,3,1692032759
309,31,4,1692098472
309,98,2,1693984075
309,5,4,1694567820
310,242,4,1609925502
310,27,3,1610468211
310,166,3,1612818766
310,169,3,1615650920
310,206,2,1619329867
310,140,3,1625743378
310,111,3,1626097362
310,153,3,1626416736
310,69,4,1632740968
310,20,4,1643277861
310,54,4,1646200673
310,93,2,1648490799
310,94,4,1656354104
310,208,4,1658066559
310,175,3,1675669554
310,39,4,1685970931
311,100,3,1602860629
311,52,5,1627990152
311,79,4,1646330352
311,26,3,1646671677
311,210,4,1647192046
311,27,3,1650629496
311,185,5,1654515138
311,145,3,1656790527
311,229,4,1662250268
311,230,3,1662579129
311,86,3,1664008418
311,53,5,1664477253
311,139,4,1668892663
312,102,3,1604829897
312,18,3,1607692902
312,104,4,1612368263
312,79,4,1615499983
312,125,3,1620361526
312,46,4,1622797364
312,36,2,1627698257
312,98,2,1632274529
312,175,3,1633745581
312,109,4,1636956051
312,2,4,1637035561
312,74,4,1638985290
312,52,2,1639254624
312,164,4,1641234799
312,221,4,1644102978
312,130,3,1645321559
312,136,5,1646174447
312,134,4,1648021171
312,5,5,1650071347
312,111,4,1664039151
312,50,2,1667927252
312,53,4,1669650999
312,188,4,1678631637
312,154,2,1678734148
312,210,4,1678819185
312,117,3,1679467841
312,39,4,1687462468
312,100,4,1687646150
312,54,3,1688501758
312,167,2,1689995311
312,21,4,1692619319
312,185,4,1694203561
312,249,5,1694321719
313,93,4,1609726387
313,154,4,1612715394
313,188,3,1614484330
313,29,2,1615399490
313,171,4,1616375764
313,27,3,1619527791
313,198,5,1621670975
313,130,2,1623957928
313,210,4,1626774029
313,100,3,1627054325
313,70,5,1628963423
313,79,3,1630011083
313,235,5,1634542828
313,18,4,1635940644
313,136,4,1639212208
313,206,2,1646440447
313,125,4,1651337976
313,120,3,1651715492
313,179,2,1656335800
313,57,3,1660862766
313,231,4,1661767749
313,152,3,1671246501
313,13,2,1673330876
313,123,2,1676458357
313,175,5,1677862831
313,39,5,1681157230
313,53,5,1683916867
313,104,2,1686473716
313,101,3,1690984194
313,208,3,1691475088
314,154,4,1615113497
314,166,4,1615633209
314,201,3,1625174354
314,203,2,1626823081
314,202,4,1631718850
314,47,2,1634617953
314,226,4,1639141050
314,123,3,1641857634
314,68,1,1646646294
314,100,3,1647749283
314,50,3,1648347781
314,237,3,1651244665
314,80,3,1654828243
314,39,3,1661815951
314,52,2,1674031515
314,109,4,1677474233
314,143,1,1682761756
314,130,2,1686238466
314,178,1,1691624656
315,136,4,1600485769
315,102,4,1602421865
315,54,3,1607374304
315,39,5,1609230909
315,235,3,1610268974
315,116,3,1610621236
315,225,3,1611834369
315,117,3,1617216974
315,143,3,1621627387
315,223,3,1622218719
315,215,4,1622613474
315,224,4,1628166223
315,108,4,1628571043
315,155,2,1629131133
315,249,3,1630994707
315,69,5,1633925202
315,162,3,1636278891
315,134,4,1637557607
315,192,3,1640766395
315,57,4,1646740006
315,36,1,1648107330
315,234,3,1648467599
315,33,3,1649867732
315,81,2,1659360527
315,93,4,1667132921
315,175,5,1671676163
315,50,4,1673149926
315,125,3,1674574753
315,24,3,1674902709
315,177,3,1676605303
315,226,3,1677216755
315,11,3,1681728886
315,21,4,1681757758
315,34,3,1690788579
316,180,3,1600157470
316,18,4,1600416169
316,160,4,1600551483
316,211,3,1603709543
316,5,4,1606140698
316,117,3,1607688349
316,249,5,1607899864
316,132,3,1609757660
316,65,4,1610456123
316,82,1,1610769266
316,235,3,1611298249
316,135,2,1612173876
316,166,5,1612290091
316,206,5,1613282799
316,88,3,1615925470
316,61,5,1616050451
316,109,5,1616250114
316,177,4,1617951054
316,100,2,1620874376
316,196,3,1621702486
316,214,4,1623327448
316,137,5,1624120075
316,136,2,1626832062
316,4,4,1629334951
316,200,5,1630325407
316,207,5,1630579578
316,192,2,1632159374
316,21,3,1634884006
316,76,3,1635570709
316,111,4,1636090268
316,2,3,1636489394
316,232,4,1636645909
316,85,5,1636776423
316,125,4,1637788533
316,49,3,1638079500
316,247,4,1638256594
316,231,3,1640250034
316,28,3,1640283947
316,139,3,1640293911
316,216,3,1640950171
316,81,5,1641116318
316,140,1,1642338870
316,20,3,1647648539
316,179,3,1648953164
316,54,2,1649138690
316,145,4,1650462181
316,40,2,1650866536
316,27,4,1651385378
316,9,2,1652069285
316,181,3,1653340897
316,213,5,1655004401
316,226,4,1655471819
316,202,4,1655694584
316,130,3,1658132267
316,158,3,1658734620
316,210,5,1659904956
316,102,3,1660843898
316,217,4,1661275555
316,147,3,1661727036
316,185,4,1661871339
316,35,4,1662454060
316,236,2,1664395132
316,150,5,1666089701
316,79,5,1666508822
316,193,3,1669499533
316,45,3,1670706313
316,209,5,1671610304
316,59,4,1671694397
316,44,3,1672209450
316,75,3,1672971888
316,154,5,1672994564
316,123,3,1675002475
316,203,2,1678729029
316,103,3,1679999608
316,208,3,1680116113
316,244,4,1681035601
316,122,3,1681103363
316,13,5,1681225604
316,39,5,1683179108
316,91,2,1685223820
316,175,5,1686054991
316,93,3,1687669866
316,159,3,1690001548
316,148,3,1691824425
316,240,4,1694225147
317,88,5,1603024023
317,244,4,1605758468
317,197,3,1609753797
317,193,2,1612289381
317,192,4,1616735257
317,242,3,1620546668
317,180,4,1621126634
317,81,4,1625926696
317,79,3,1644553649
317,14,3,1650791656
317,196,2,1651242586
317,83,3,1653862119
317,37,3,1656089992
317,112,4,1660255787
317,5,5,1663560179
317,59,2,1666492935
317,198,3,1668537103
317,143,4,1674244719
317,130,2,1680631197
318,175,3,1610006801
318,136,5,1610761597
318,81,4,1622313893
318,212,5,1623621533
318,41,3,1623681211
318,188,4,1626727086
318,93,3,1627808146
318,183,2,1634781939
318,100,4,1635436489
318,130,2,1638171851
318,39,3,1640250938
318,155,3,1661753985
319,81,5,1600974265
319,249,5,1601337098
319,211,4,1601542191
319,92,4,1603445538
319,241,2,1603687828
319,155,2,1604466766
319,180,3,1605200958
319,184,2,1607387059
319,182,4,1609526034
319,52,3,1610954248
319,234,5,1611703291
319,235,4,1614149391
319,94,5,1618225503
319,61,5,1618817666
319,100,4,1618821831
319,162,3,1621207976
319,218,3,1621335812
319,56,2,1621913530
319,246,4,1623497274
319,214,3,1624625973
319,40,3,1626482536
319,39,4,1627185122
319,125,4,1627693454
319,80,4,1628529210
319,229,2,1631567934
319,115,3,1636284755
319,160,4,1637959857
319,18,4,1638674616
319,166,4,1641095799
319,27,2,1641589370
319,87,3,1641894008
319,85,3,1642620684
319,118,3,1643144095
319,173,5,1647222379
319,174,3,1649596415
319,62,3,1651305280
319,30,3,1651403042
319,225,2,1655116800
319,179,4,1658660130
319,50,2,1661507875
319,19,3,1665838933
319,46,4,1665954282
319,250,3,1666880613
319,210,4,1667256321
319,123,2,1667420159
319,79,2,1667619535
319,126,3,1669008154
319,58,2,1672071712
319,192,4,1672630929
319,176,3,1673164884
319,13,2,1675047328
319,221,4,1675610136
319,5,5,1677498882
319,158,3,1677661130
319,223,3,1678244964
319,202,5,1678492230
319,131,3,1680287958
319,154,3,1682032395
319,232,3,1682537892
319,206,4,1682813763
319,130,2,1687634953
319,107,3,1688099831
319,36,1,1689784390
319,69,4,1689843297
319,71,3,1690242372
319,98,3,1690678580
319,188,4,1690814351
319,101,3,1691400661
319,116,3,1693554654
319,193,2,1693968249
320,154,4,1602638087
320,79,5,1603369914
320,109,3,1604877685
320,50,3,1605359192
320,143,5,1607878790
320,236,5,1609076938
320,123,3,1609500855
320,229,4,1609594855
320,15,3,1611329837
320,101,1,1612209394
320,211,2,1612673460
320,171,3,1615953789
320,192,4,1615977455
320,250,2,1618693200
320,73,3,1621144003
320,76,2,1621559806
320,35,5,1627783332
320,206,3,1629320169
320,52,5,1630347745
320,140,2,1635887384
320,106,1,1638988059
320,8,4,1645741673
320,21,2,1646684096
320,104,3,1647666256
320,130,1,1648530670
320,100,1,1649267557
320,193,2,1656588641
320,23,4,1658021923
320,175,5,1661317253
320,232,3,1663829018
320,39,5,1668302870
320,223,3,1668344475
320,155,4,1669050938
320,80,3,1671000687
320,65,5,1675337430
320,235,3,1675946707
320,249,3,1678594026
320,125,3,1679030147
320,5,3,1680173090
320,218,3,1682883738
320,2,4,1684502813
320,226,3,1687910710
320,18,4,1688394437
320,188,3,1688693098
321,231,5,1601364481
321,154,4,1601520377
321,4,4,1602750012
321,18,3,1606910146
321,38,5,1608190901
321,139,3,1609812269
321,2,5,1618238029
321,84,4,1618261737
321,93,3,1618558084
321,177,2,1619534157
321,120,3,1621167365
321,179,4,1622230989
321,234,4,1622469262
321,116,2,1626229481
321,225,3,1631482798
321,102,5,1638870068
321,233,3,1639888831
321,204,3,1640553454
321,130,2,1650694764
321,79,2,1653630226
321,61,5,1659265988
321,13,4,1659794379
321,183,2,1669541792
321,138,4,1671851305
321,39,5,1677040079
321,210,4,1677827051
321,109,5,1678994143
321,21,3,1679582445
321,132,3,1680795199
321,33,3,1685530332
321,188,3,1692095671
322,192,3,1600462426
322,53,5,1606084891
322,14,3,1615228560
322,54,3,1626260415
322,79,4,1630785153
322,93,3,1635392779
322,175,4,1638772826
322,5,3,1641800293
322,111,2,1642990491
322,86,1,1660789350
322,27,3,1673591140
322,39,3,1674163517
322,206,3,1684764755
322,139,2,1686566440
322,141,3,1687039598
322,154,2,1687791034
322,236,3,1688647253
322,52,3,1692999253
323,222,3,1601181512
323,13,2,1604055087
323,87,3,1614823939
323,106,3,1617014806
323,154,4,1626073396
323,64,5,1626112261
323,138,4,1644121358
323,79,5,1647656470
323,225,4,1651136134
323,39,3,1652917178
323,130,3,1656278990
323,18,5,1656300004
323,192,2,1656563290
323,100,3,1660137071
323,188,5,1660208480
323,128,4,1691654039
323,186,4,1692838494
323,139,4,1693207290
324,28,3,1600718087
324,166,3,1601700177
324,139,2,1603191681
324,14,3,1605701465
324,244,4,1609805265
324,111,3,1611324123
324,155,3,1612685702
324,13,3,1618645272
324,33,2,1620014888
324,125,3,1624055119
324,64,3,1624062092
324,197,3,1625532109
324,188,3,1628417485
324,54,5,1631265815
324,69,4,1635678646
324,18,3,1638538270
324,214,3,1639376796
324,5,2,1641562839
324,201,2,1641806969
324,37,3,1647286896
324,212,3,1649050262
324,140,2,1650806580
324,175,3,1654303224
324,225,4,1665652952
324,85,4,1674904830
324,162,4,1681051519
324,221,4,1683580630
324,15,3,1683808907
324,250,1,1684540967
324,229,2,1689682483
324,9,3,1690211202
324,94,4,1690214504
325,79,3,1601065718
325,50,3,1601944756
325,213,4,1602023319
325,148,3,1603888031
325,155,2,1605161971
325,192,5,1607058244
325,113,2,1609591855
325,69,5,1609742647
325,180,4,1610038782
325,61,4,1610704474
325,184,2,1610965467
325,246,2,1611976129
325,28,3,1613031917
325,159,2,1616519899
325,221,3,1621173004
325,93,2,1623250024
325,111,3,1623835171
325,65,3,1624286500
325,250,3,1624864953
325,195,5,1634149630
325,183,2,1634642775
325,21,4,1636620590
325,235,4,1637404972
325,160,4,1637465277
325,154,5,1637640794
325,68,3,1637661513
325,190,3,1638457944
325,20,3,1639200360
325,36,1,1641730556
325,226,3,1643773588
325,249,3,1644404415
325,104,3,1646986315
325,123,3,1647749065
325,186,5,1647778646
325,175,3,1649014146
325,188,4,1649547559
325,236,2,1650313649
325,163,2,1650397202
325,134,4,1650761354
325,203,2,1650965097
325,130,4,1651631109
325,157,3,1652367197
325,247,4,1653042035
325,52,3,1654674778
325,2,5,1656527648
325,125,3,1656583090
325,88,5,1657399407
325,225,3,1660830468
325,139,4,1661650946
325,39,4,1662013841
325,25,4,1666531824
325,152,4,1667303832
325,109,5,1670141160
325,5,3,1670456937
325,138,4,1673485029
325,232,3,1674490674
325,27,3,1675950129
325,76,3,1676089390
325,100,3,1680431200
325,140,2,1680457855
325,168,3,1683037148
325,181,3,1686004195
325,54,5,1688320272
325,242,4,1688586340
325,202,5,1688914600
325,30,3,1689118590
325,170,4,1691162634
325,13,4,1692397430
325,241,2,1693139543
325,118,3,1693925656
325,22,4,1694193949
326,26,3,1600046552
326,21,4,1605989428
326,47,4,1606719867
326,242,3,1606769434
326,130,2,1614773804
326,32,3,1616373857
326,175,5,1617110377
326,182,3,1622706077
326,110,3,1637735730
326,221,5,1641687661
326,33,2,1642925436
326,206,5,1651243722
326,39,5,1653414291
326,15,3,1662223922
326,232,2,1663857722
326,249,3,1680614941
326,123,2,1687705249
326,41,4,1692130945
327,85,3,1604737992
327,136,3,1607137733
327,210,3,1611945495
327,193,3,1614521994
327,218,2,1617200480
327,225,2,1617916170
327,175,3,1618097771
327,61,4,1622868560
327,125,3,1626384730
327,104,3,1628891804
327,144,3,1632244039
327,27,4,1638813009
327,154,2,1642291979
327,109,5,1647001524
327,139,2,1650033359
327,157,2,1654783631
327,250,3,1661773836
327,249,3,1662436056
327,41,5,1667636717
327,123,3,1668392379
327,21,4,1668940100
327,221,3,1670658375
327,39,4,1672604960
327,160,3,1676747788
327,52,3,1677078543
327,133,2,1677716158
327,152,3,1680675524
327,55,3,1682092748
327,130,2,1682817790
327,58,1,1683269590
327,5,3,1686608941
327,100,2,1687537090
327,127,3,1691536191
328,5,5,1601506463
328,46,4,1601858307
328,104,5,1602091197
328,13,2,1603701050
328,225,3,1604296894
328,249,5,1605571521
328,153,5,1606480599
328,175,3,1610954029
328,118,4,1612837563
328,69,4,1614210473
328,236,2,1615309428
328,68,5,1615801451
328,8,2,1615909859
328,227,3,1621844113
328,141,4,1621878648
328,195,4,1622094899
328,192,3,1622612372
328,14,4,1623959101
328,162,2,1625603661
328,111,4,1626537243
328,154,4,1626782844
328,39,4,1628558467
328,128,3,1629560784
328,181,4,1633854276
328,150,2,1634893651
328,100,2,1636002846
328,56,3,1638421278
328,164,3,1638427278
328,226,3,1638465239
328,206,3,1638642138
328,113,4,1647266420
328,77,5,1647951015
328,51,5,1648315298
328,208,4,1649446424
328,125,4,1649595274
328,21,4,1650878539
328,87,3,1651946992
328,37,2,1652509796
328,7,5,1652965147
328,166,3,1653450543
328,26,2,1653845935
328,86,5,1658214245
328,138,5,1658349063
328,83,5,1659678086
328,47,1,1661873824
328,157,5,1668762711
328,180,4,1670720512
328,171,2,1671931957
328,234,5,1676438842
328,65,3,1678519832
328,130,2,1682161417
328,79,4,1682616524
328,16,1,1683271583
328,235,3,1683573310
328,188,5,1685710641
328,184,3,1689490452
328,123,5,1693062859
328,146,1,1693509849
328,139,4,1693673886
328,2,5,1694468352
329,244,4,1609389211
329,122,5,1610736184
329,93,5,1625760604
329,18,4,1660943461
329,105,3,1679115267
330,223,2,1601148522
330,27,2,1601767862
330,120,4,1603863575
330,109,3,1604393717
330,89,2,1609699187
330,175,4,1609740171
330,226,2,1610511520
330,128,2,1610646353
330,206,3,1611804655
330,188,4,1612475404
330,232,4,1613201050
330,86,1,1614376288
330,62,3,1615887423
330,130,5,1615944052
330,73,3,1616048627
330,52,3,1616985777
330,18,3,1617365873
330,82,4,1619642265
330,57,4,1620677082
330,124,2,1623016144
330,46,2,1623192257
330,100,3,1626912076
330,165,3,1627025842
330,131,2,1628372343
330,5,3,1633383726
330,37,4,1636114205
330,36,1,1638114183
330,192,5,1638235232
330,123,2,1638349029
330,92,4,1638570010
330,154,5,1638670378
330,157,3,1639805064
330,182,5,1641924433
330,185,4,1643262750
330,229,3,1643648180
330,115,3,1644962330
330,53,4,1645191774
330,153,2,1648006122
330,50,4,1648573897
330,126,1,1652226864
330,24,4,1654355126
330,125,4,1655457335
330,102,3,1659799697
330,221,3,1660151944
330,210,3,1661859699
330,107,2,1661951590
330,235,4,1664086773
330,244,4,1665755425
330,203,2,1667923609
330,250,4,1668497322
330,134,5,1669756536
330,63,2,1670122362
330,225,3,1670867003
330,39,4,1671729117
330,48,2,1672686456
330,177,2,1675430322
330,35,3,1675934444
330,15,3,1678056594
330,202,4,1682857431
330,93,5,1687045380
330,81,5,1687368437
330,238,4,1689225378
330,231,5,1689798096
330,249,4,1693168455
330,214,3,1693579777
330,47,1,1694337997
331,175,4,1610852415
331,188,3,1625132160
331,195,3,1630149430
331,93,3,1633674389
331,18,4,1634684946
331,52,3,1639328313
331,5,4,1641550733
331,48,4,1644230041
331,250,3,1644904575
331,174,3,1647659493
331,141,3,1648776117
331,196,3,1652916142
331,225,3,1656839662
331,94,5,1674798306
331,25,4,1677546749
331,13,3,1684238981
331,210,4,1685851498
332,109,3,1603833977
332,5,5,1606873072
332,125,5,1607845105
332,210,5,1608932895
332,26,2,1613453729
332,175,4,1614847617
332,17,4,1618231054
332,204,3,1620305630
332,173,5,1638812431
332,76,2,1640196488
332,117,4,1640392004
332,28,4,1640877321
332,79,3,1642296290
332,78,3,1648097450
332,18,4,1648188285
332,8,2,1648228718
332,43,3,1650183166
332,206,5,1653809055
332,39,4,1654853436
332,225,2,1657780201
332,94,5,1658185722
332,141,2,1658919845
332,104,4,1660479002
332,212,3,1668865905
332,221,5,1669558176
332,13,3,1669836837
332,27,3,1672277113
332,93,4,1674715212
332,53,5,1679473814
332,100,3,1684557948
332,203,3,1685293465
332,229,4,1688132161
332,136,4,1694425332
333,89,4,1600107522
333,50,3,1602096599
333,43,2,1611706795
333,188,3,1615912219
333,76,2,1617192411
333,168,4,1617503249
333,160,4,1618579622
333,225,4,1619032864
333,97,4,1622552421
333,154,2,1623189304
333,61,5,1623879948
333,107,3,1625497266
333,56,3,1628266740
333,41,3,1628273797
333,140,2,1628395040
333,62,2,1629113445
333,31,2,1629646051
333,110,3,1629877354
333,111,5,1630444610
333,39,5,1633294318
333,135,5,1634750010
333,48,4,1637001518
333,80,2,1637676537
333,123,4,1637852185
333,42,3,1637939173
333,206,4,1643453684
333,219,2,1644262689
333,115,3,1644966881
333,200,4,1645087887
333,5,5,1646323714
333,235,3,1646551902
333,29,2,1647328421
333,169,4,1648187936
333,87,2,1648635904
333,99,3,1649048602
333,192,3,1651254663
333,27,5,1651949358
333,66,2,1656688591
333,159,3,1657004517
333,52,4,1658736652
333,182,4,1664524689
333,185,4,1666783433
333,54,2,1666995164
333,175,4,1670004451
333,85,4,1672753418
333,116,4,1673053962
333,174,4,1673579986
333,208,4,1675750362
333,32,3,1675873413
333,109,2,1675961461
333,181,2,1676775941
333,132,4,1677495239
333,79,3,1678646231
333,18,4,1680729499
333,236,2,1680901580
333,210,3,1686052643
333,53,5,1687882574
333,232,2,1689857635
333,136,4,1691199218
334,4,3,1601254135
334,36,1,1602418862
334,6,2,1602688301
334,39,4,1602824271
334,218,2,1602972081
334,168,4,1605633688
334,243,3,1605679902
334,214,2,1609189532
334,249,2,1609349013
334,123,3,1612408635
334,242,2,1613123318
334,21,3,1613511220
334,52,3,1617053902
334,190,2,1620600196
334,32,4,1620856304
334,247,3,1620998628
334,107,3,1622137224
334,43,3,1623323753
334,31,2,1623615464
334,95,4,1625790310
334,238,3,1627588308
334,182,5,1627606883
334,86,1,1629174629
334,155,5,1629668382
334,46,3,1629817215
334,234,3,1629830765
334,50,5,1629927770
334,111,2,1630763055
334,237,3,1631207080
334,176,4,1631751522
334,101,3,1632161823
334,87,4,1633544444
334,192,2,1633871965
334,85,5,1634303668
334,72,3,1635193510
334,79,2,1639800039
334,27,3,1640832285
334,162,3,1641461740
334,54,3,1642141598
334,188,2,1642264941
334,145,4,1644039002
334,97,3,1644781587
334,180,3,1645147784
334,55,3,1645780324
334,130,2,1646875713
334,56,3,1647972757
334,232,5,1649603100
334,109,3,1652171137
334,81,5,1652698754
334,140,2,1653101794
334,16,2,1654321696
334,5,3,1654323916
334,93,5,1656118019
334,48,3,1657229033
334,181,3,1657368778
334,219,2,1658899266
334,65,3,1661614824
334,206,3,1662985888
334,175,4,1665304471
334,241,3,1665829292
334,244,5,1667087630
334,184,2,1667118892
334,156,3,1667365769
334,183,5,1667503254
334,57,3,1667665828
334,25,4,1669985266
334,157,4,1672257768
334,2,5,1672287556
334,229,3,1673465662
334,34,3,1676189979
334,63,5,1678119701
334,132,3,1678476090
334,194,3,1678931386
334,53,2,1681331152
334,246,2,1683995868
334,141,3,1687386898
334,210,3,1687834426
334,193,4,1687845563
334,100,3,1688009033
334,75,3,1688241364
334,70,4,1690684098
334,18,5,1690873761
334,154,3,1690971348
334,13,3,1694124200
335,180,3,1600621407
335,132,4,1607296146
335,192,4,1608168723
335,152,4,1610400868
335,226,4,1613372257
335,130,1,1614213779
335,41,5,1615473558
335,53,3,1616730125
335,168,3,1617216701
335,26,2,1621078645
335,76,1,1625307082
335,164,5,1628163389
335,186,4,1630175205
335,5,4,1630861612
335,18,4,1631546373
335,33,4,1632249399
335,125,3,1634154784
335,74,3,1635118019
335,249,4,1635564569
335,167,2,1637261321
335,154,2,1638091466
335,100,5,1639893684
335,236,2,1642299210
335,109,5,1643180418
335,241,3,1646607636
335,39,4,1646988002
335,188,3,1647430851
335,141,3,1647458779
335,13,3,1648618400
335,91,3,1650349263
335,79,3,1651119413
335,107,4,1652565842
335,175,4,1653244308
335,52,3,1655951643
335,110,3,1658239411
335,93,4,1659556259
335,50,3,1663427615
335,221,5,1666400550
335,27,4,1669284514
335,242,4,1669560945
335,2,4,1670427628
335,247,3,1673065123
335,86,1,1673491748
335,15,3,1675523434
335,75,2,1675661242
335,85,4,1676030024
335,48,2,1676376334
335,155,2,1679098674
335,61,4,1679727068
335,106,2,1681824865
335,30,4,1681922237
335,123,3,1683628793
335,36,1,1684951728
335,98,3,1685048260
335,9,4,1690566102
335,250,3,1692585987
335,225,2,1693641199
336,81,5,1622093267
336,229,5,1634715794
336,18,5,1638900235
336,150,5,1654276989
336,56,4,1662641965
336,25,3,1674282908
337,189,2,1607176234
337,85,3,1608269030
337,32,3,1615548902
337,18,3,1621079045
337,13,2,1623955792
337,39,3,1625351081
337,3,2,1627959128
337,122,3,1629731835
337,123,4,1631966522
337,102,2,1632292722
337,93,3,1634841562
337,193,2,1649477071
337,50,3,1653127224
337,69,4,1653166266
337,82,3,1655135120
337,9,4,1658602535
337,188,4,1666280580
337,187,2,1667985202
337,77,4,1671122561
337,165,5,1675509927
337,182,4,1680143831
337,100,2,1681551545
337,206,5,1688448235
337,153,2,1691734734
338,8,2,1604463633
338,148,1,1605801859
338,53,5,1605933303
338,21,3,1612195135
338,187,4,1612799560
338,93,4,1616855741
338,111,3,1618974052
338,94,4,1619843664
338,63,4,1621999170
338,188,3,1628910078
338,202,3,1629390252
338,241,1,1633164974
338,107,3,1636152641
338,79,5,1638325061
338,249,3,1641137281
338,102,2,1644830347
338,136,5,1647176523
338,203,1,1648368411
338,27,3,1650337917
338,25,3,1650982700
338,175,2,1650993294
338,127,5,1651241389
338,200,4,1653669720
338,245,5,1655244001
338,123,3,1655921682
338,155,3,1660477666
338,192,4,1660645806
338,50,3,1664021225
338,104,3,1665149451
338,198,3,1665707265
338,34,3,1666384358
338,214,2,1666749501
338,109,3,1668384159
338,46,2,1668460779
338,39,4,1671836800
338,2,4,1677822571
338,154,2,1679733430
338,5,2,1680604118
338,15,4,1691599417
338,58,4,1694494697
339,138,5,1601890105
339,154,4,1605344365
339,209,4,1605914323
339,61,5,1606022956
339,173,3,1606903810
339,57,4,1611781992
339,175,4,1613848363
339,72,3,1615719152
339,36,4,1616618815
339,118,3,1616902801
339,168,4,1618148570
339,89,4,1624889781
339,249,4,1628458163
339,52,4,1634837583
339,210,5,1636799380
339,83,3,1639411084
339,39,4,1640037961
339,178,3,1640427834
339,232,3,1641493589
339,229,1,1643761929
339,188,5,1646877664
339,123,5,1654458036
339,206,3,1655967349
339,132,5,1658106310
339,18,5,1662519249
339,69,4,1662810361
339,157,2,1665740080
339,13,2,1675509328
339,54,3,1676298491
339,124,4,1676364402
339,21,4,1676410689
339,27,5,1677604227
339,45,5,1680406797
339,192,3,1683858414
339,93,4,1685910204
339,15,2,1687905816
339,100,3,1694260529
340,146,4,1600350006
340,64,5,1602599182
340,93,5,1603338397
340,136,5,1603603489
340,214,3,1608044043
340,170,4,1609404705
340,58,3,1614513171
340,152,3,1615449763
340,89,3,1618656178
340,188,5,1618806841
340,249,4,1619283028
340,181,2,1623941169
340,5,5,1626290009
340,50,2,1628689051
340,37,2,1632005025
340,139,5,1632252533
340,36,4,1633137965
340,62,2,1633464893
340,109,3,1636482095
340,173,4,1637065862
340,208,4,1637138713
340,243,4,1637841847
340,169,3,1639587488
340,221,3,1643164967
340,219,2,1644314784
340,206,4,1645410286
340,98,1,1645520229
340,164,2,1646121381
340,236,2,1647731447
340,192,3,1655048778
340,250,3,1657387936
340,4,3,1657428232
340,8,3,1667358022
340,27,5,1668196539
340,61,3,1668525379
340,94,5,1670717891
340,53,5,1672127664
340,175,4,1672842532
340,200,2,1673768133
340,39,4,1675505901
340,210,5,1681227441
340,125,4,1684397596
340,186,5,1684468550
340,76,1,1688546821
340,156,4,1693494685
341,130,2,1601755440
341,160,4,1604149036
341,154,4,1607731518
341,73,4,1609793407
341,226,4,1609984111
341,79,3,1610375583
341,5,3,1612018513
341,179,3,1612141322
341,64,2,1617543623
341,155,3,1618416417
341,166,2,1620504911
341,141,2,1620567040
341,184,4,1620825062
341,139,3,1621919368
341,20,3,1623021137
341,182,3,1624932743
341,219,4,1626017357
341,53,5,1627598769
341,21,3,1629783620
341,50,3,1630225046
341,36,3,1631585987
341,13,2,1638892159
341,39,3,1639122369
341,70,2,1639644922
341,197,2,1639680483
341,153,3,1642041177
341,46,3,1642903436
341,249,4,1646848833
341,47,2,1648276837
341,37,3,1650286493
341,18,4,1650319289
341,150,4,1652074905
341,235,3,1652364847
341,77,3,1653811145
341,210,3,1654573251
341,223,3,1656033504
341,69,5,1658082524
341,244,3,1658733101
341,27,4,1660337104
341,225,4,1660655292
341,8,3,1661984674
341,56,3,1663504302
341,45,3,1668102593
341,241,2,1668900978
341,87,2,1669356170
341,109,3,1672789678
341,100,2,1674945099
341,131,5,1675597375
341,140,1,1676247194
341,236,4,1677690961
341,206,2,1683023256
341,175,4,1685505599
341,102,2,1686770640
341,62,3,1688547725
341,111,2,1688981669
341,168,4,1689159188
341,94,3,1691387560
341,85,4,1691699407
342,50,3,1605352289
342,76,3,1606920292
342,77,4,1607506386
342,36,2,1607939864
342,56,3,1614254238
342,111,2,1619570053
342,152,2,1619634223
342,109,3,1620838588
342,3,2,1622942586
342,221,3,1623511000
342,206,3,1629936989
342,79,5,1631367426
342,146,3,1631457859
342,179,2,1632394884
342,101,2,1632637253
342,83,4,1632964665
342,33,3,1638599154
342,91,4,1641690368
342,208,3,1641804856
342,51,3,1647981866
342,249,2,1648520692
342,25,4,1649328778
342,210,3,1649573442
342,21,3,1650901295
342,20,3,1651080221
342,140,2,1651808000
342,93,4,1652342363
342,100,2,1654274732
342,53,5,1655060351
342,175,4,1658542915
342,47,2,1659604165
342,39,4,1660309015
342,168,3,1661568114
342,27,4,1663416549
342,18,4,1667533795
342,72,4,1667840228
342,195,4,1669832923
342,228,1,1672278007
342,232,3,1672815920
342,46,4,1674173419
342,24,4,1674753676
342,236,3,1675840612
342,225,3,1676169714
342,182,3,1676738242
342,87,2,1677868495
342,214,3,1681321891
342,5,3,1683962851
342,224,4,1686801791
342,226,3,1687187994
342,141,2,1688087198
342,54,1,1692188228
343,210,5,1600571652
343,175,2,1602101163
343,115,4,1602605477
343,105,2,1604128230
343,13,2,1607941997
343,94,3,1611272428
343,140,1,1614256095
343,69,5,1615340732
343,100,3,1616212625
343,225,2,1620562504
343,39,3,1622489457
343,203,2,1622875376
343,250,2,1629695542
343,157,3,1632092767
343,52,3,1634735509
343,126,4,1635114066
343,61,4,1636192095
343,111,2,1643551646
343,209,3,1645367335
343,188,4,1647906153
343,206,2,1660514717
343,93,4,1662708522
343,104,5,1665027397
343,18,3,1665265314
343,211,3,1666753493
343,107,4,1675114768
343,91,4,1680180846
343,63,3,1682865163
343,101,3,1685335818
343,154,3,1691806596
343,8,2,1692646590
343,173,3,1694068033
344,221,5,1605138160
344,139,4,1605935575
344,223,2,1610676968
344,232,3,1611124878
344,168,5,1628481604
344,138,5,1634097860
344,104,3,1645952928
344,225,4,1650304688
344,19,2,1671289597
344,236,2,1676854403
345,160,5,1600622650
345,150,4,1604952351
345,79,5,1615132114
345,181,3,1625103506
345,39,4,1625368166
345,27,4,1625880503
345,116,3,1627339535
345,100,2,1628119226
345,210,2,1628840272
345,195,4,1631469995
345,188,3,1631933649
345,136,3,1633721917
345,226,3,1633803661
345,190,2,1637588982
345,184,2,1637931329
345,14,2,1639094114
345,141,3,1643080217
345,175,4,1651440687
345,197,3,1652377513
345,88,4,1652525967
345,18,4,1659072302
345,5,3,1660337637
345,214,3,1662339128
345,235,5,1663977708
345,81,5,1667375954
345,68,5,1667969933
345,236,3,1669071926
345,193,4,1672670041
345,46,4,1673814292
345,50,3,1677604140
345,242,3,1684106776
346,89,3,1601907625
346,98,2,1609455938
346,36,2,1609957629
346,94,4,1610131991
346,80,4,1612324487
346,118,4,1616547927
346,9,3,1619160219
346,48,2,1620477279
346,145,3,1622066466
346,62,2,1622128931
346,109,2,1623270347
346,192,3,1625668830
346,23,5,1626405186
346,136,4,1632866956
346,188,3,1635746115
346,56,3,1638142313
346,133,2,1639249448
346,175,5,1640470724
346,68,5,1643667173
346,111,2,1644600301
346,34,3,1645406676
346,154,4,1651663778
346,55,4,1652919875
346,184,3,1655752011
346,249,3,1656292832
346,124,3,1658683599
346,69,4,1658755590
346,155,2,1663270583
346,149,2,1664065554
346,117,3,1664357104
346,204,4,1666216920
346,54,4,1666567186
346,200,4,1667343009
346,39,4,1667641594
346,202,5,1670568776
346,196,3,1675065519
346,102,2,1676404562
346,78,4,1678356425
346,27,3,1680756475
346,243,4,1681188205
346,19,2,1683012896
346,18,4,1683705433
346,193,4,1686290887
346,163,3,1690935299
347,103,2,1601229560
347,136,4,1604839769
347,111,3,1609533371
347,22,1,1616386660
347,128,3,1621326830
347,130,4,1621899522
347,145,3,1623680116
347,46,3,1626408791
347,138,4,1628082330
347,173,2,1629296530
347,154,2,1631695182
347,200,2,1634812283
347,5,3,1643308312
347,4,3,1660040355
348,139,3,1604036497
348,210,4,1604475324
348,182,5,1611815037
348,211,1,1616061696
348,225,3,1617916721
348,111,2,1618055836
348,152,4,1619138071
348,250,3,1619545531
348,184,4,1622621342
348,168,5,1625664417
348,175,4,1626075807
348,25,3,1628452708
348,43,5,1634103595
348,69,3,1634561373
348,39,4,1636231617
348,27,5,1637360736
348,18,4,1638470564
348,83,3,1641381246
348,199,2,1642400968
348,244,2,1643538533
348,59,2,1643573626
348,101,3,1645595110
348,178,2,1646663608
348,52,3,1647205110
348,204,4,1647975521
348,235,3,1649341171
348,65,2,1649875600
348,218,2,1650827129
348,126,5,1651845408
348,140,2,1652589974
348,173,4,1653392873
348,247,4,1653982995
348,230,3,1654513917
348,143,2,1660911931
348,5,4,1661102773
348,58,4,1664081320
348,242,3,1664316731
348,6,2,1665142974
348,116,2,1667868356
348,188,4,1672664325
348,241,2,1672734372
348,132,5,1672862350
348,206,3,1673522935
348,79,5,1674663369
348,154,3,1677378113
348,57,3,1677658722
348,110,5,1681831628
348,125,5,1688073452
348,232,3,1688111970
348,41,5,1688357149
348,115,5,1689827597
349,152,4,1600385706
349,2,4,1601222626
349,41,5,1602289791
349,160,5,1602338082
349,56,2,1603012011
349,192,3,1610253381
349,163,3,1612064603
349,139,2,1613720602
349,46,2,1613980677
349,39,4,1614342978
349,250,3,1615679955
349,54,4,1615875508
349,26,3,1618688111
349,202,3,1621840576
349,193,2,1622455440
349,229,2,1627029606
349,181,3,1627733572
349,224,4,1628163016
349,241,2,1629256085
349,140,2,1630313556
349,100,2,1630600429
349,93,4,1631380247
349,174,4,1631442495
349,210,2,1631524672
349,18,4,1632210282
349,175,4,1633866111
349,79,3,1633928641
349,138,4,1634510482
349,111,2,1635203237
349,43,3,1635798082
349,102,4,1636815414
349,20,3,1637025986
349,188,4,1641675730
349,221,4,1645006770
349,155,3,1647316273
349,127,3,1648431692
349,145,3,1648529465
349,21,4,1650021334
349,13,2,1650612882
349,9,3,1652218988
349,199,2,1658794752
349,59,2,1659403552
349,27,5,1666380057
349,205,2,1666578414
349,28,3,1669593997
349,123,3,1670207561
349,235,3,1670374533
349,5,3,1671234226
349,136,3,1677529527
349,225,2,1677929749
349,249,2,1679256310
349,52,4,1682230234
349,186,3,1682926988
349,50,3,1683121551
349,104,3,1686870321
349,134,3,1687846013
349,244,4,1688287016
349,80,4,1689022689
349,128,4,1689202394
349,117,2,1690638386
349,154,3,1691935851
349,32,3,1692006307
349,151,3,1693813683
349,237,3,1694209330
350,101,3,1603057824
350,132,3,1603063212
350,242,3,1603315217
350,200,4,1606196131
350,106,1,1616717178
350,13,3,1618679907
350,182,3,1622132906
350,79,2,1633872482
350,221,3,1641858277
350,223,4,1649016907
350,115,5,1649734445
350,175,4,1651163532
350,43,4,1654561407
350,195,5,1656760025
350,39,3,1656994077
350,85,4,1662648321
350,203,1,1664266482
350,145,4,1664950268
350,146,2,1671530430
350,232,4,1672737977
350,184,1,1674196194
350,111,4,1675667518
350,168,4,1678107519
350,53,3,1678607648
350,222,5,1683987746
350,82,2,1685991612
350,180,3,1690824769
350,210,3,1691478549
350,100,2,1692164124
350,64,4,1692340003
350,76,4,1693037166
350,235,4,1693127716
350,66,4,1693938520
351,30,3,1631646673
351,152,4,1634539799
351,154,4,1635113189
351,39,4,1663865807
351,18,3,1680261098
351,71,3,1682255295
352,39,4,1604488671
352,154,3,1605362950
352,132,5,1607866939
352,168,4,1609776402
352,182,5,1615085413
352,232,3,1616723087
352,192,4,1620071196
352,50,3,1630506547
352,122,4,1630820287
352,101,2,1644859845
352,27,5,1651591312
352,79,4,1657346276
352,126,3,1659454461
352,163,1,1671501558
352,151,2,1672649842
352,157,3,1673789376
352,69,4,1674377908
352,125,3,1682149554
352,188,3,1684492915
353,208,4,1601284907
353,192,5,1602202859
353,54,5,1604276179
353,174,3,1606623498
353,36,2,1607163430
353,51,3,1607626814
353,233,4,1608440989
353,186,4,1609496621
353,46,2,1611128798
353,204,3,1613349399
353,13,3,1613454515
353,168,4,1613791380
353,229,4,1614616533
353,226,3,1615133572
353,214,2,1615832282
353,37,4,1616233129
353,145,5,1616878371
353,3,2,1617300227
353,198,3,1618261726
353,190,2,1618759869
353,153,2,1619194058
353,92,3,1619299410
353,109,3,1619724436
353,48,3,1623411926
353,58,3,1623425736
353,193,2,1624060874
353,234,4,1624293716
353,160,4,1625576508
353,146,4,1625794353
353,119,3,1628071197
353,130,3,1628101111
353,188,2,1628462083
353,97,4,1628611515
353,68,3,1628634343
353,52,3,1629137726
353,30,4,1629261115
353,33,2,1629607049
353,17,4,1629839354
353,50,3,1630403219
353,210,3,1630546147
353,117,2,1631970333
353,242,3,1633024410
353,223,3,1634466770
353,28,3,1635969548
353,89,4,1637806261
353,152,4,1638719768
353,236,3,1639100372
353,225,4,1639304990
353,39,5,1643608954
353,65,3,1643971109
353,155,2,1645043362
353,200,2,1648893125
353,195,3,1649981764
353,221,3,1650268321
353,79,3,1651592059
353,69,5,1652810410
353,166,3,1654647977
353,77,3,1655060604
353,18,4,1655503621
353,154,4,1655937052
353,45,3,1656265807
353,123,2,1656498577
353,15,4,1658309233
353,235,5,1658765617
353,85,4,1659467417
353,134,5,1659891869
353,95,3,1660442931
353,76,2,1660974908
353,135,5,1660993010
353,156,2,1661296721
353,203,3,1661355424
353,53,4,1662023390
353,202,5,1663161842
353,180,3,1663518737
353,206,2,1663985820
353,34,5,1667313802
353,63,3,1668062007
353,175,3,1668489269
353,93,4,1668726455
353,111,2,1669490286
353,218,2,1671366145
353,244,3,1671681469
353,21,2,1672016849
353,182,3,1672018644
353,2,5,1674969158
353,27,3,1675421358
353,138,4,1675509543
353,9,4,1675955457
353,232,4,1676186365
353,35,2,1677308407
353,125,4,1678852431
353,72,3,1679377180
353,104,4,1680302482
353,179,4,1680364583
353,115,2,1681340414
353,144,5,1683920449
353,100,3,1684000252
353,249,3,1684064793
353,240,3,1689009094
353,25,4,1690316178
353,86,1,1691329584
353,94,3,1691548463
353,157,2,1691844575
353,132,3,1692218550
354,5,4,1605659692
354,53,5,1612685686
354,188,3,1613134577
354,88,4,1616199389
354,116,2,1616823618
354,249,4,1623797673
354,175,4,1627319565
354,100,2,1631291433
354,209,5,1633733962
354,196,3,1634219214
354,224,4,1638553727
354,167,3,1640079043
354,9,3,1640835035
354,226,3,1645690083
354,50,4,1647522203
354,125,3,1648284439
354,39,4,1656358327
354,130,4,1662433666
354,69,3,1662871393
354,210,3,1664233551
354,166,4,1666220684
354,8,4,1669502123
354,216,4,1671691142
354,20,3,1681784183
354,146,4,1686022995
355,188,5,1633630097
355,16,1,1639811311
355,159,5,1659241921
355,123,3,1665036920
355,27,5,1671877434
355,53,4,1678221656
355,131,2,1680761149
355,14,3,1684828627
355,18,2,1686327240
355,39,4,1692138900
356,44,2,1602472647
356,235,2,1602753581
356,206,4,1604536803
356,61,4,1605287722
356,226,4,1606209666
356,27,3,1607623039
356,93,5,1611295218
356,174,3,1613919395
356,72,3,1613970336
356,79,2,1614182165
356,10,4,1614864822
356,3,3,1620628543
356,135,5,1620972202
356,193,4,1621612181
356,16,2,1621880589
356,89,3,1622387584
356,30,3,1626451620
356,125,4,1628635626
356,165,4,1629263003
356,104,2,1629427645
356,46,3,1630444626
356,37,2,1630721838
356,164,3,1631330965
356,57,3,1632125067
356,102,1,1632468652
356,111,3,1632493531
356,50,3,1632661791
356,225,3,1633227099
356,177,1,1634215389
356,5,3,1635062807
356,250,3,1640156487
356,48,3,1645169737
356,130,3,1645320879
356,109,3,1647326199
356,154,3,1648008088
356,54,4,1648032585
356,18,5,1649877367
356,140,2,1650198974
356,159,3,1650813409
356,218,2,1651328274
356,249,3,1653260060
356,52,4,1653692101
356,116,3,1656922660
356,4,3,1658905511
356,65,3,1659307500
356,136,5,1659787142
356,155,4,1660067960
356,221,2,1660661484
356,43,3,1660695927
356,234,3,1663886383
356,2,5,1664005342
356,80,4,1665215654
356,191,1,1666216934
356,39,5,1668580258
356,201,3,1672779555
356,141,2,1673317003
356,19,3,1673925991
356,53,5,1675349161
356,192,4,1675717417
356,100,2,1676567433
356,248,3,1677041693
356,85,3,1677724805
356,203,3,1680929468
356,242,3,1684096056
356,62,4,1685169490
356,145,5,1686286259
356,160,5,1686874074
356,175,4,1688050539
356,117,4,1688206527
356,202,4,1690434406
356,224,3,1692684227
356,188,4,1693047811
356,197,1,1693967365
357,54,3,1602254458
357,89,4,1604985512
357,79,4,1606749891
357,109,5,1607730475
357,229,2,1610348883
357,228,3,1611141978
357,72,3,1612236253
357,93,4,1614006752
357,20,4,1615385515
357,18,2,1615515683
357,123,3,1617624102
357,166,3,1618089045
357,141,3,1622152008
357,247,4,1625630746
357,46,2,1630000691
357,150,4,1630667916
357,210,5,1632507452
357,232,3,1632780702
357,136,4,1636536112
357,7,2,1640074343
357,24,5,1642998280
357,62,3,1645531524
357,39,5,1646703454
357,188,2,1648587548
357,61,4,1650109651
357,155,3,1651358845
357,192,4,1652212040
357,36,1,1653207957
357,139,3,1656734892
357,47,1,1657435210
357,199,2,1658126333
357,179,3,1665056615
357,145,4,1670575877
357,146,4,1672939203
357,15,2,1673848328
357,170,3,1674488575
357,175,3,1677229348
357,100,2,1678012968
357,250,3,1678331834
357,64,3,1682407846
357,40,4,1683750974
357,154,2,1684400097
357,22,1,1686701818
357,130,3,1690231940
358,181,2,1600427985
358,65,5,1600500014
358,105,2,1602198027
358,198,5,1602226737
358,46,2,1602772179
358,192,3,1603838209
358,235,4,1604030158
358,76,1,1606663343
358,133,2,1607657077
358,27,3,1609922214
358,7,2,1612713489
358,70,5,1613952003
358,244,5,1614237768
358,100,2,1616844549
358,9,4,1620104488
358,36,3,1622744298
358,250,2,1622802629
358,69,4,1623482231
358,186,4,1623831836
358,81,4,1627630127
358,202,4,1631388890
358,33,2,1633881595
358,130,1,1635867039
358,132,3,1636815331
358,109,3,1638082130
358,39,5,1640860937
358,226,3,1643891281
358,155,2,1645690228
358,136,3,1646263450
358,101,2,1647026969
358,120,3,1648897308
358,79,3,1650956729
358,61,5,1655515064
358,137,4,1655811967
358,240,4,1656371473
358,83,2,1656862574
358,53,5,1658485730
358,107,2,1659316128
358,232,3,1660106115
358,225,2,1660344777
358,221,5,1662234065
358,122,4,1662866191
358,231,5,1663658273
358,31,2,1664427638
358,89,4,1665076576
358,47,3,1666576845
358,175,5,1667215560
358,249,3,1668239026
358,157,3,1668415392
358,200,4,1669226870
358,102,4,1670250260
358,206,4,1671025252
358,93,4,1671657699
358,59,4,1672029590
358,214,3,1673265122
358,111,3,1673515353
358,224,4,1674093614
358,205,5,1674477976
358,168,4,1674507425
358,154,4,1674893006
358,182,3,1679439600
358,115,2,1682240421
358,35,4,1683126217
358,199,3,1683746509
358,50,2,1688706249
358,152,5,1688916427
358,210,4,1690669844
358,74,3,1691989144
358,94,5,1692364041
358,30,3,1694317579
358,21,2,1694551741
359,137,4,1600634054
359,224,3,1601185868
359,185,5,1603161554
359,235,4,1603522839
359,232,3,1605049595
359,157,1,1606488013
359,154,3,1607220710
359,16,2,1608018284
359,145,4,1608686386
359,139,3,1613787817
359,79,3,1615394738
359,85,3,1619239387
359,175,4,1619707473
359,188,3,1623108284
359,221,3,1628106666
359,132,4,1629985086
359,104,3,1631343503
359,82,3,1635100876
359,184,1,1637280893
359,100,3,1638671623
359,192,3,1646233238
359,182,4,1647267736
359,244,4,1650793304
359,50,4,1651824329
359,186,2,1652756015
359,18,4,1655970269
359,250,3,1656910101
359,39,4,1658806307
359,173,3,1659162570
359,195,4,1660389806
359,133,3,1660768902
359,223,2,1669005221
359,122,3,1671097759
359,123,3,1671146191
359,107,1,1675083514
359,20,4,1676267824
359,206,1,1676760035
359,2,4,1679041188
359,28,4,1683976476
359,5,3,1685354203
359,140,1,1686131900
359,27,4,1687370266
359,136,4,1687484576
359,180,3,1689355955
359,93,3,1689721800
359,249,3,1690769783
359,110,3,1693496566
360,33,5,1602719627
360,8,2,1603219091
360,15,3,1606150772
360,109,3,1609090331
360,221,5,1610213881
360,206,4,1610454275
360,123,3,1611807588
360,185,3,1612819026
360,175,4,1613824523
360,115,2,1615597735
360,27,5,1616106823
360,153,3,1617828892
360,190,1,1625239273
360,154,3,1626098302
360,214,3,1631613610
360,134,4,1632198595
360,116,3,1633207954
360,39,3,1634594129
360,53,4,1649991550
360,132,4,1651803971
360,100,3,1651962077
360,192,3,1654408794
360,20,4,1659714956
360,36,1,1660441863
360,5,4,1665775784
360,79,5,1665821769
360,126,4,1666300398
360,202,4,1667892836
360,225,3,1667936536
360,2,5,1668217422
360,188,4,1668677378
360,176,4,1668929223
360,244,4,1669293708
360,194,3,1670351875
360,93,3,1673643837
360,111,4,1675462754
360,50,3,1677084164
360,156,2,1679155619
360,70,3,1680011418
360,59,3,1681579550
360,28,5,1682037339
360,173,5,1683110294
360,26,3,1684780581
360,139,3,1686800163
360,138,3,1687947037
360,136,5,1688544792
360,141,2,1688879448
360,218,3,1689282764
360,76,1,1690882598
361,199,4,1600249585
361,2,5,1602630527
361,250,2,1603838224
361,139,3,1604015023
361,95,3,1608339752
361,81,5,1611137898
361,61,4,1611346639
361,102,4,1612592199
361,72,3,1613303814
361,236,5,1615030248
361,175,3,1616773165
361,124,3,1618307603
361,153,5,1620664877
361,39,4,1622627341
361,188,4,1622671168
361,192,4,1624824203
361,116,4,1629139074
361,65,4,1629385859
361,115,2,1629940586
361,164,3,1630216779
361,53,5,1631720338
361,59,3,1633964641
361,132,5,1635803739
361,193,5,1636059762
361,79,4,1637001351
361,5,5,1642486588
361,69,5,1643317581
361,155,2,1647306623
361,128,3,1648907188
361,54,3,1649193085
361,141,2,1655452063
361,206,3,1655958026
361,80,3,1657221752
361,18,5,1657225181
361,210,5,1662445333
361,190,5,1665636497
361,146,4,1666007088
361,130,3,1666618798
361,123,3,1667705914
361,198,3,1668813673
361,100,2,1669398112
361,28,2,1669565947
361,184,5,1674808923
361,24,5,1677446456
361,113,5,1678440222
361,14,4,1681942538
361,27,4,1684252053
361,168,3,1684717015
361,131,3,1685656818
361,185,5,1688203283
361,232,2,1690824387
361,186,5,1694460093
362,203,4,1600162474
362,173,4,1600570752
362,93,3,1602548844
362,13,4,1608091660
362,194,4,1608188379
362,18,4,1611637647
362,83,4,1612550182
362,2,5,1614289085
362,193,2,1614537222
362,102,4,1614902142
362,27,2,1617450416
362,165,4,1617569683
362,77,3,1620665766
362,247,3,1628567651
362,154,5,1631473305
362,242,2,1631778605
362,109,4,1632338376
362,199,5,1633423008
362,171,3,1633672109
362,80,4,1633885864
362,206,2,1637131793
362,196,4,1639694810
362,214,4,1641670569
362,177,3,1642770187
362,39,4,1642949630
362,127,5,1643936448
362,87,4,1644750681
362,146,5,1645627945
362,104,3,1646152288
362,94,3,1646428298
362,209,5,1646686972
362,100,2,1650375196
362,5,4,1651635542
362,61,4,1654903786
362,230,3,1655010718
362,225,4,1655111282
362,31,4,1656244718
362,144,5,1657033029
362,168,4,1657228785
362,59,4,1659509457
362,182,3,1661504690
362,140,1,1667264603
362,47,1,1667688763
362,250,5,1669394307
362,15,2,1669887965
362,162,4,1674623645
362,72,3,1675314456
362,185,3,1677236951
362,79,4,1681079515
362,34,4,1681516418
362,3,3,1682445061
362,160,3,1682681545
362,85,5,1682712834
362,184,4,1686734781
362,197,1,1686792258
362,175,3,1687182382
362,30,4,1687996032
362,123,3,1690677874
362,8,3,1693186873
362,210,2,1693421961
363,18,3,1601043490
363,190,2,1602040380
363,167,3,1602673776
363,175,3,1603400328
363,199,3,1603484709
363,178,5,1603521673
363,248,4,1603709598
363,242,4,1603760972
363,243,3,1605467221
363,200,2,1606475692
363,234,4,1607626901
363,53,4,1607703366
363,48,1,1608254003
363,46,4,1611898049
363,162,4,1613269985
363,51,3,1613347070
363,198,4,1613444098
363,21,2,1613988934
363,52,3,1614182554
363,102,2,1614239266
363,250,2,1614811502
363,107,3,1614877473
363,50,3,1615577705
363,77,4,1615973878
363,27,2,1616016609
363,28,5,1616299220
363,246,2,1616851774
363,64,3,1617569225
363,152,2,1619013867
363,138,3,1619059961
363,68,4,1619194225
363,206,4,1619223473
363,17,2,1619408090
363,235,3,1620010832
363,91,2,1622212866
363,100,5,1623525963
363,232,4,1625044746
363,34,4,1625208165
363,182,3,1627212200
363,120,3,1627534712
363,145,4,1627998704
363,49,3,1628073283
363,12,2,1628546218
363,94,5,1628611810
363,80,4,1629134220
363,183,2,1633395920
363,174,5,1633540727
363,109,4,1634150081
363,55,5,1635190077
363,191,4,1636287019
363,85,3,1637348792
363,54,2,1637765298
363,146,4,1638281218
363,47,2,1638555587
363,240,5,1639256406
363,154,2,1639503658
363,244,5,1640185770
363,5,4,1640573130
363,130,2,1641106721
363,4,2,1643681243
363,116,2,1645189635
363,93,4,1645338314
363,88,5,1646928685
363,82,3,1646962745
363,188,4,1647864439
363,115,2,1648571536
363,134,4,1648608452
363,89,4,1648852827
363,101,5,1649335987
363,203,2,1650334221
363,26,3,1651345313
363,13,3,1651366117
363,192,3,1652205188
363,153,3,1652251302
363,136,4,1652861180
363,45,3,1653979629
363,124,4,1654097078
363,140,4,1656194485
363,56,3,1656205134
363,39,4,1656756524
363,32,3,1657149655
363,110,5,1657785574
363,2,5,1657882168
363,216,5,1658206812
363,58,2,1660454957
363,226,5,1661232624
363,43,3,1662298403
363,36,1,1663234703
363,9,5,1663633369
363,65,5,1663778670
363,123,2,1666605658
363,194,3,1667977073
363,69,3,1667982738
363,237,3,1668575466
363,204,3,1668893855
363,16,2,1669299526
363,157,2,1669412462
363,229,3,1670139663
363,76,3,1674662220
363,15,4,1675061624
363,8,2,1675496504
363,75,2,1676820307
363,61,2,1677426040
363,103,1,1679607722
363,180,4,1680542780
363,166,3,1681458622
363,3,3,1682422570
363,111,4,1683168659
363,41,4,1683723646
363,104,4,1683968659
363,159,2,1684572050
363,78,3,1684790474
363,201,4,1685395174
363,125,3,1685648015
363,165,5,1686104581
363,210,4,1686917663
363,81,5,1687210575
363,225,3,1688287985
363,44,4,1688970838
363,79,5,1689116575
363,197,3,1690534415
363,171,2,1690654646
363,168,3,1691369607
363,249,4,1691777052
363,231,5,1692326041
363,186,4,1693445512
363,185,4,1693500402
363,247,4,1694155327
364,36,3,1600634216
364,223,2,1602379758
364,145,4,1602639261
364,203,3,1602763723
364,188,3,1605290873
364,24,4,1609395417
364,132,4,1609560470
364,192,2,1610855807
364,58,3,1611259260
364,97,4,1611563498
364,140,2,1611918747
364,138,2,1614873008
364,229,3,1615315685
364,202,4,1616318077
364,79,5,1616646769
364,111,2,1617866951
364,139,3,1618273294
364,30,4,1619507200
364,46,2,1621841895
364,4,3,1624387558
364,246,3,1625006316
364,193,2,1626102115
364,27,4,1626899784
364,121,2,1628657309
364,167,3,1630337196
364,8,2,1631198228
364,197,4,1632912918
364,76,2,1633035620
364,182,5,1633072274
364,47,2,1633125658
364,26,3,1633578227
364,162,4,1636335627
364,168,4,1636909139
364,93,4,1638124553
364,206,3,1638574357
364,100,2,1640970305
364,59,3,1641310994
364,214,2,1643283142
364,109,5,1644461345
364,5,3,1645081687
364,157,3,1645242524
364,221,2,1648014485
364,199,3,1648607668
364,174,2,1649124075
364,10,3,1649226083
364,39,3,1649369971
364,52,2,1653278347
364,250,3,1658292850
364,237,3,1659974833
364,70,3,1660951427
364,175,5,1662722438
364,50,4,1664362667
364,225,3,1665475268
364,233,1,1665532873
364,232,3,1667546174
364,130,3,1667637589
364,127,5,1668921698
364,136,5,1669182924
364,3,4,1670042661
364,244,3,1670940892
364,160,3,1673114396
364,123,3,1675104095
364,13,2,1675766559
364,155,3,1679539222
364,154,3,1680031592
364,205,3,1686844255
364,116,3,1691625096
364,9,3,1692746312
364,81,5,1693054121
365,206,4,1618992269
365,130,2,1626463288
365,39,5,1627107442
365,192,3,1640635558
365,93,3,1643880435
365,79,4,1652832835
365,27,3,1659668821
365,126,3,1673737287
366,154,5,1600005424
366,199,5,1600374736
366,188,4,1601195134
366,79,3,1601679294
366,93,4,1602585450
366,47,3,1604263306
366,175,4,1606464707
366,109,4,1611267340
366,133,5,1611817735
366,169,5,1612238027
366,177,4,1613079424
366,23,2,1614189465
366,17,4,1618129452
366,50,4,1619787087
366,85,4,1621732937
366,206,3,1622255300
366,70,5,1623246171
366,100,3,1627048681
366,111,4,1627797143
366,53,5,1630220676
366,210,5,1630253522
366,136,3,1632440730
366,19,3,1632524117
366,39,4,1634332206
366,193,5,1640044035
366,13,3,1640678947
366,94,4,1641379458
366,89,2,1643640557
366,195,3,1646456923
366,189,4,1647134878
366,141,2,1650416433
366,186,5,1654582011
366,2,5,1654761007
366,130,1,1655145340
366,168,3,1657188773
366,247,3,1658282857
366,69,5,1660123251
366,179,2,1660611925
366,235,3,1660975054
366,88,3,1665868116
366,80,2,1666664932
366,36,3,1670860360
366,139,4,1673170156
366,122,3,1677449245
366,184,2,1680381937
366,164,3,1680843210
366,238,3,1687618826
366,18,4,1689195526
367,55,4,1600760766
367,53,4,1602372499
367,249,3,1603205134
367,104,3,1605377306
367,50,5,1607047116
367,164,2,1609451730
367,39,4,1610448037
367,241,3,1612080615
367,61,3,1612881408
367,80,2,1613777473
367,229,3,1615781050
367,134,5,1617555959
367,182,4,1618700374
367,14,3,1618980089
367,231,5,1620299064
367,232,2,1621207825
367,33,1,1621599719
367,6,4,1621891967
367,79,3,1625190618
367,206,4,1625517624
367,192,5,1627525887
367,140,2,1629879818
367,223,2,1629889491
367,243,4,1631898443
367,175,4,1633767207
367,52,4,1633944142
367,189,4,1636966859
367,185,4,1637262128
367,86,1,1637500956
367,68,4,1637862054
367,213,4,1640369581
367,51,3,1643310439
367,188,3,1645242254
367,199,2,1646743239
367,54,4,1647025444
367,238,3,1647531933
367,145,5,1648463389
367,233,4,1650281852
367,63,2,1650399181
367,208,3,1650401060
367,143,3,1652634260
367,179,3,1652907841
367,132,3,1654346795
367,173,2,1654455774
367,225,3,1658449086
367,172,1,1659508173
367,85,5,1660303891
367,168,3,1660380897
367,74,3,1661049854
367,5,3,1661697148
367,236,2,1662890949
367,41,5,1664174106
367,123,3,1665390673
367,65,3,1669528807
367,154,3,1671774313
367,127,4,1673532609
367,2,5,1674019609
367,35,3,1675149757
367,93,3,1678138166
367,178,2,1679137242
367,48,2,1680466647
367,91,5,1680495522
367,216,2,1681863532
367,125,3,1683356499
367,21,2,1684652080
367,46,3,1685011540
367,152,4,1685378509
367,98,2,1687802642
367,130,2,1688088260
367,218,3,1688894735
367,202,5,1688990471
367,34,5,1690165833
367,12,2,1690192978
367,94,4,1690473036
367,210,3,1691471152
367,27,3,1692206726
368,2,4,1600324405
368,241,1,1600935294
368,231,5,1601463905
368,181,1,1604709647
368,85,4,1611704770
368,243,2,1611732706
368,193,3,1613996938
368,167,2,1614190396
368,199,2,1614277416
368,81,3,1617199083
368,223,2,1618398298
368,250,3,1618959506
368,188,4,1620021938
368,143,5,1620856716
368,14,3,1620968174
368,45,4,1622784710
368,206,4,1623267534
368,87,3,1624826150
368,69,4,1629395732
368,123,2,1630585836
368,93,3,1631629273
368,164,5,1632271640
368,196,2,1633010000
368,148,3,1634048979
368,19,4,1634533800
368,50,4,1636117958
368,100,3,1636797517
368,180,4,1640443133
368,192,5,1643004229
368,111,4,1644728101
368,56,3,1645943760
368,173,4,1645948904
368,37,5,1646996904
368,94,4,1647009867
368,132,4,1647929361
368,190,2,1648913018
368,154,2,1651258412
368,104,4,1651415676
368,175,3,1653124219
368,184,3,1654610554
368,47,2,1655233266
368,3,4,1655658251
368,155,2,1656611300
368,113,3,1656724943
368,13,3,1656987415
368,125,3,1659986722
368,79,2,1662363375
368,140,4,1663449429
368,46,4,1663763310
368,32,3,1664556347
368,39,3,1664885871
368,210,5,1669019494
368,124,2,1669673963
368,174,2,1669867830
368,150,3,1669957119
368,10,4,1670333722
368,182,4,1671933384
368,5,5,1672203124
368,18,3,1674122546
368,225,3,1677278094
368,86,1,1678431841
368,141,3,1678475783
368,139,2,1680326104
368,226,5,1682220841
368,157,2,1683825169
368,72,3,1684251272
368,27,3,1685356964
368,109,4,1685518078
368,138,5,1685809498
368,232,4,1685955382
368,204,2,1687368613
368,119,3,1691273688
368,53,5,1693383574
368,92,3,1693457083
368,115,5,1693940144
369,8,2,1602904086
369,185,3,1604213831
369,117,3,1616546704
369,123,4,1620967842
369,79,5,1625111199
369,21,4,1627489897
369,210,4,1629956587
369,31,2,1631425928
369,101,4,1637255786
369,188,3,1641709818
369,135,3,1644877421
369,82,3,1646049631
369,145,4,1646556513
369,249,3,1656675490
369,97,4,1657609176
369,47,4,1657809152
369,50,5,1660508214
369,168,4,1663519356
369,58,3,1666903213
369,100,3,1678384521
369,69,4,1683079868
370,192,5,1601327527
370,226,4,1602135910
370,109,3,1603020465
370,230,5,1605505662
370,202,4,1606781271
370,86,1,1606883047
370,188,3,1609485747
370,234,3,1609539796
370,171,3,1611100691
370,121,4,1612103923
370,180,4,1612831766
370,152,3,1613863402
370,247,2,1616600431
370,18,4,1619235242
370,185,3,1620895753
370,102,3,1621690366
370,73,3,1622030322
370,123,3,1623245999
370,39,3,1627686026
370,69,4,1631400136
370,145,3,1634377457
370,138,4,1634507221
370,238,2,1634710825
370,30,3,1636238974
370,27,5,1639549904
370,44,3,1640389595
370,2,3,1641165509
370,193,2,1642215236
370,104,5,1642968171
370,130,3,1647382075
370,244,2,1652511215
370,82,1,1653347783
370,96,3,1653648059
370,89,4,1654263239
370,21,3,1656277675
370,93,3,1656685444
370,63,2,1660791413
370,52,2,1662771660
370,43,3,1665149753
370,206,4,1665541058
370,111,3,1665634494
370,126,1,1666135335
370,33,3,1666365069
370,72,2,1666948288
370,229,1,1667065394
370,232,3,1668042670
370,53,3,1668357135
370,42,4,1669642480
370,231,4,1670499957
370,118,4,1670829836
370,225,4,1670961198
370,174,4,1673811195
370,154,4,1674085233
370,46,2,1674202792
370,79,2,1674439276
370,13,2,1676797758
370,162,3,1677646960
370,242,2,1680551584
370,50,4,1681395233
370,124,3,1683784723
370,235,4,1684044585
370,85,3,1684132602
370,153,3,1686026923
370,175,3,1687420812
370,24,3,1688803798
370,194,3,1690110979
370,5,3,1691109285
370,198,4,1692623411
370,65,3,1693463044
370,70,4,1694187294
370,136,4,1694586977
371,204,2,1603478169
371,154,3,1605222696
371,52,2,1606751492
371,94,3,1607050676
371,27,4,1609100098
371,195,4,1609176658
371,130,1,1610339772
371,158,2,1614461169
371,173,4,1614899818
371,50,1,1615346427
371,59,1,1615630402
371,87,4,1615800428
371,121,4,1616124736
371,168,4,1619177228
371,110,4,1620938724
371,100,3,1626134927
371,104,3,1626228650
371,46,2,1627491515
371,210,2,1628346401
371,145,4,1631081874
371,125,2,1632393550
371,61,4,1633005007
371,150,5,1636114342
371,85,5,1636903765
371,196,3,1638147771
371,106,1,1641392695
371,8,1,1641539638
371,188,4,1646044147
371,155,2,1646133010
371,21,2,1648434217
371,81,5,1649218390
371,53,4,1649964398
371,225,2,1650744789
371,232,3,1651318928
371,28,4,1651619449
371,33,3,1652375924
371,83,2,1652544179
371,134,5,1653061265
371,136,5,1653630181
371,56,3,1656616474
371,143,3,1656965460
371,62,4,1657147732
371,79,3,1657882039
371,180,3,1658859482
371,244,4,1666150994
371,238,3,1670594569
371,198,4,1670603877
371,223,4,1670971872
371,65,4,1674906878
371,123,4,1677566049
371,206,2,1678098454
371,175,3,1679883314
371,76,3,1682080580
371,221,3,1683375996
371,31,4,1684514192
371,236,2,1687467431
371,111,3,1688612124
371,91,4,1690093409
371,5,4,1690240015
371,39,3,1690916288
371,157,2,1692537729
371,199,3,1693049226
371,182,4,1693807800
372,58,3,1600077972
372,151,2,1600268540
372,166,4,1600749629
372,177,4,1600780194
372,13,3,1601000680
372,106,2,1601035514
372,193,3,1601523938
372,3,3,1602308719
372,211,2,1603368708
372,208,5,1604291366
372,66,3,1606689340
372,223,2,1606706953
372,124,4,1606846753
372,175,4,1609312740
372,226,4,1609699769
372,192,3,1609759879
372,206,3,1609898085
372,164,2,1610134018
372,118,3,1610360828
372,247,2,1610408021
372,179,3,1611986861
372,116,4,1612305676
372,36,1,1612886764
372,235,2,1613453133
372,78,3,1613472332
372,131,5,1614039568
372,102,3,1614118229
372,80,4,1614664162
372,77,4,1614941078
372,219,2,1615785846
372,181,3,1616217153
372,107,5,1617396485
372,48,3,1617582959
372,195,2,1617795663
372,47,2,1621401910
372,82,3,1622089224
372,157,2,1624124226
372,148,2,1624780374
372,24,5,1625244621
372,173,2,1625709502
372,145,3,1626573869
372,19,4,1626753730
372,169,4,1627563588
372,22,2,1628170839
372,139,2,1628329263
372,111,1,1628712532
372,61,4,1628936773
372,21,3,1630214404
372,143,2,1632429722
372,153,3,1632577900
372,230,3,1633166061
372,233,4,1633921056
372,104,2,1634400944
372,236,4,1634493450
372,137,3,1634968221
372,221,4,1634980522
372,27,5,1635494499
372,156,3,1635615110
372,187,2,1635808695
372,94,4,1637633637
372,91,4,1638541687
372,85,4,1640192777
372,174,3,1641839922
372,59,2,1643301618
372,158,3,1643417875
372,93,4,1643948737
372,74,1,1644233195
372,182,5,1645011814
372,76,3,1646228308
372,25,4,1646479227
372,81,5,1646566882
372,141,3,1647477151
372,250,3,1649256445
372,5,2,1649466084
372,70,3,1651382300
372,109,3,1652029765
372,56,4,1653673231
372,69,4,1653899563
372,125,4,1654191167
372,123,3,1654727545
372,159,3,1654771982
372,130,2,1656930127
372,39,3,1657182002
372,244,2,1657531738
372,214,4,1657753103
372,79,5,1657926106
372,224,3,1659475875
372,243,2,1659698769
372,203,2,1660057920
372,218,1,1660178255
372,140,2,1662140531
372,35,3,1662292910
372,162,5,1662976127
372,249,3,1663051720
372,53,3,1663669820
372,185,4,1663763908
372,89,3,1664113241
372,110,3,1664428214
372,52,4,1664502870
372,222,3,1665751562
372,225,3,1665776765
372,160,4,1665799894
372,188,2,1666060328
372,190,3,1666172312
372,2,3,1666755056
372,100,2,1667482611
372,18,2,1668142640
372,180,3,1668200533
372,186,4,1669221989
372,136,5,1669618353
372,197,4,1669889348
372,46,4,1669969137
372,4,2,1671694260
372,50,3,1673115446
372,200,3,1673212447
372,229,4,1673824595
372,199,4,1675289039
372,8,2,1675558086
372,152,1,1675641947
372,6,3,1680834687
372,176,2,1681531679
372,232,3,1681682986
372,28,4,1682016294
372,196,2,1682290675
372,49,2,1682526049
372,54,4,1682987650
372,154,2,1683109099
372,242,4,1683436162
372,210,3,1684842009
372,191,3,1690492468
372,121,4,1691340152
372,138,5,1691500310
372,198,2,1691920036
372,241,2,1691946034
372,209,2,1692226376
372,62,3,1692945924
372,168,4,1694181664
373,102,3,1611402994
373,130,2,1612459334
373,52,5,1616236505
373,106,2,1617790689
373,89,3,1618964900
373,45,3,1619278564
373,175,5,1620389935
373,188,4,1621688041
373,59,4,1639948122
373,43,4,1641251247
373,228,5,1653519743
373,241,2,1653824943
373,138,4,1654863080
373,249,4,1662654440
373,247,2,1662826853
373,21,4,1664602926
373,93,4,1669338117
373,157,4,1670204870
373,30,3,1672179941
373,27,3,1673433705
373,40,3,1680200855
373,109,3,1680703369
373,225,2,1689433600
373,46,2,1690362431
374,127,2,1613153502
374,116,3,1613905958
374,174,3,1613960017
374,210,3,1621397242
374,193,4,1626039410
374,123,4,1627758956
374,79,3,1629908776
374,93,4,1629953391
374,5,4,1631223454
374,181,3,1632698932
374,13,2,1639451560
374,188,3,1640509111
374,205,3,1645222816
374,236,2,1645691925
374,68,4,1651778149
374,53,2,1655352842
374,224,4,1663521472
374,126,2,1665159058
374,225,3,1672295347
374,228,3,1673431963
374,223,3,1673472198
374,85,4,1673884126
374,111,2,1674241257
374,94,4,1674297009
374,249,3,1678153188
374,232,3,1684119155
374,154,3,1685570760
374,182,3,1686753736
374,102,4,1687592409
374,175,4,1690111406
375,26,3,1610159502
375,28,4,1610162030
375,61,4,1618074755
375,100,4,1619146283
375,196,3,1627263806
375,198,3,1628268457
375,98,1,1630286955
375,69,5,1635718766
375,93,5,1636497288
375,130,2,1636605291
375,52,4,1639916372
375,165,5,1640383092
375,229,3,1642433458
375,50,3,1649180407
375,36,3,1649843743
375,175,4,1650422679
375,85,4,1650817912
375,65,4,1653664398
375,183,2,1654014046
375,225,3,1655484928
375,39,3,1659044521
375,13,3,1660787340
375,14,4,1673121456
375,192,3,1674066412
375,154,5,1680727073
375,87,3,1684044279
375,223,3,1687710402
375,155,3,1690725302
376,128,4,1604595310
376,85,4,1612961209
376,188,5,1618161552
376,154,4,1618267840
376,30,2,1618615232
376,146,1,1619023988
376,174,4,1619604882
376,140,3,1626469056
376,175,4,1626808638
376,198,3,1626947365
376,39,4,1627126991
376,76,3,1634683219
376,27,4,1636637610
376,78,2,1637618666
376,206,2,1646009143
376,107,2,1651433706
376,111,5,1651517498
376,41,5,1653919730
376,185,5,1664815048
376,72,4,1672531561
376,100,3,1673051948
376,160,3,1676454898
376,210,4,1679652868
376,137,4,1680600786
376,139,4,1686136632
376,125,4,1691321203
376,79,2,1692776363
377,166,3,1602138998
377,141,5,1615381367
377,188,3,1624261387
377,134,5,1626878985
377,148,2,1637760751
377,206,3,1639631393
377,36,1,1642341414
377,244,3,1646234492
377,63,2,1647067896
377,109,4,1657295013
377,85,5,1657412292
377,231,5,1660350089
377,39,2,1672706487
377,18,4,1675918943
377,210,4,1680548626
377,242,4,1680921034
377,78,3,1685954766
377,97,5,1689102166
377,175,4,1690435492
377,136,5,1694056315
378,162,4,1632848353
378,150,5,1635954812
378,27,5,1686657046
378,217,2,1690848815
378,125,5,1693120297
379,216,2,1600052271
379,141,3,1609073947
379,27,4,1609545923
379,35,3,1611736497
379,8,2,1613112815
379,93,3,1614212227
379,249,4,1615299729
379,101,2,1615398852
379,100,2,1629090275
379,18,3,1629980463
379,41,5,1632017390
379,85,4,1638268477
379,175,4,1638406211
379,13,1,1640029045
379,79,4,1641319391
379,182,3,1644129490
379,111,2,1645439251
379,157,3,1645907462
379,46,2,1648110603
379,188,4,1649590583
379,53,5,1653792538
379,5,5,1656180042
379,140,1,1658403627
379,206,3,1664702727
379,68,5,1664732487
379,223,1,1667628043
379,39,4,1669560621
379,28,3,1671035038
379,2,3,1671244175
379,192,5,1676684079
379,234,4,1692429528
380,181,3,1602163943
380,209,4,1602728075
380,4,3,1604343734
380,188,2,1604401948
380,154,4,1616110684
380,109,4,1616709555
380,77,5,1617823997
380,249,2,1617974209
380,75,1,1619101336
380,173,3,1623735376
380,192,4,1627156659
380,72,2,1629629778
380,110,3,1630886672
380,18,5,1632075203
380,210,5,1632166293
380,134,4,1634118025
380,48,1,1634853068
380,52,5,1640225501
380,100,2,1642727199
380,50,4,1644226926
380,15,4,1645346906
380,193,3,1645661020
380,232,4,1646097698
380,5,4,1649561760
380,223,2,1650022953
380,105,3,1652601702
380,68,3,1658387066
380,20,4,1660253110
380,39,5,1660436724
380,123,3,1661182778
380,28,2,1662743605
380,182,4,1664800619
380,104,4,1664854101
380,175,5,1666891274
380,30,3,1667610989
380,227,4,1668982384
380,244,4,1669300434
380,81,5,1669398541
380,184,2,1673592077
380,233,4,1675011880
380,174,4,1676068718
380,225,3,1677804254
380,214,3,1680024506
380,21,4,1683507088
380,242,3,1687275050
380,125,2,1690123058
380,56,3,1690903124
380,38,4,1693992184
380,155,3,1694237449
380,206,5,1694471475
381,150,3,1600334182
381,116,2,1606527013
381,100,5,1606598991
381,87,3,1611435290
381,51,4,1628226537
381,85,5,1633588174
381,64,4,1634514338
381,206,5,1634761428
381,39,3,1639456739
381,14,3,1646512709
381,81,5,1652849829
381,236,3,1653417576
381,184,3,1654041284
381,109,3,1655268930
381,219,3,1657264453
381,107,2,1657565809
381,46,4,1659329340
381,25,5,1661086944
381,18,4,1662498508
381,133,4,1665989132
381,199,2,1666830094
381,19,5,1667042379
381,125,4,1678742732
381,93,4,1678743509
381,213,2,1679873037
381,167,5,1680274070
381,136,4,1682100586
381,232,3,1683009621
381,188,3,1685906686
381,214,4,1686008295
381,154,3,1691555161
381,123,3,1691989432
381,53,3,1693545050
381,76,4,1694168309
382,44,3,1600826965
382,195,4,1603596672
382,145,5,1606525514
382,52,3,1606646598
382,175,4,1608151547
382,235,4,1609200933
382,208,3,1609346333
382,247,3,1610430458
382,141,5,1610645561
382,41,3,1611342779
382,101,2,1611909006
382,225,3,1612200092
382,116,2,1614080468
382,65,1,1614637584
382,111,2,1615176957
382,202,5,1617344199
382,185,3,1617844163
382,193,3,1618672564
382,1,4,1618948407
382,89,3,1619195677
382,19,5,1620601900
382,127,4,1622139156
382,246,3,1623035449
382,128,3,1623619469
382,37,3,1623985098
382,85,5,1624664341
382,237,4,1624943882
382,164,2,1625033807
382,210,3,1625270197
382,140,2,1626172445
382,199,3,1626181575
382,40,2,1628816465
382,231,5,1629124080
382,100,3,1634175334
382,200,3,1634659987
382,20,3,1634767675
382,163,4,1635008383
382,76,3,1636416772
382,227,3,1637816872
382,72,3,1638204018
382,98,2,1640191861
382,176,4,1640432098
382,238,3,1640593770
382,18,3,1641614562
382,167,5,1643560020
382,122,5,1645787332
382,107,2,1647659114
382,249,2,1648699522
382,63,2,1649440202
382,188,4,1649898482
382,168,3,1650108792
382,115,2,1650338530
382,87,5,1650378068
382,59,1,1650438641
382,43,4,1656421303
382,155,2,1657180505
382,129,4,1657603478
382,2,5,1658035372
382,154,3,1658825394
382,124,3,1660607051
382,62,4,1662259642
382,223,2,1662788933
382,50,2,1662793923
382,182,3,1664495648
382,26,4,1664924716
382,137,5,1665078497
382,218,2,1665756225
382,13,4,1665954341
382,236,3,1667449719
382,61,4,1667809462
382,33,4,1668053769
382,123,3,1669043046
382,104,4,1670067288
382,47,1,1670442237
382,86,1,1670535414
382,136,5,1671011921
382,180,4,1671085120
382,5,4,1671414084
382,93,3,1672039037
382,165,3,1672483147
382,48,3,1672689571
382,25,3,1673552627
382,58,2,1673686888
382,88,5,1674091781
382,232,2,1674326136
382,9,5,1675290467
382,226,4,1676391004
382,46,3,1676530036
382,27,2,1677500858
382,57,3,1679137437
382,125,4,1679420658
382,241,2,1679774392
382,16,3,1680819095
382,39,4,1682583160
382,79,3,1683401503
382,139,1,1683662915
382,230,4,1685043190
382,30,4,1686157201
382,173,3,1687035146
382,110,3,1687594653
382,135,5,1689986166
382,130,2,1690655104
382,221,4,1691307121
382,28,4,1693345190
382,192,5,1693412008
382,150,4,1694519285
383,235,5,1600273493
383,225,2,1600741679
383,188,3,1600941205
383,39,4,1601648392
383,229,4,1602549579
383,116,2,1602719198
383,141,3,1603895869
383,181,1,1604433004
383,35,4,1605825079
383,27,3,1612901838
383,18,3,1615110665
383,128,3,1615600178
383,33,3,1622348254
383,175,3,1623097389
383,153,1,1623184229
383,173,3,1625669665
383,10,3,1630913036
383,232,3,1633447344
383,136,4,1637597058
383,71,4,1638187531
383,207,2,1639561545
383,170,3,1643122399
383,150,4,1645900716
383,30,4,1646489134
383,219,3,1654352962
383,192,2,1655874914
383,174,4,1662252396
383,127,4,1664397359
383,193,1,1664465602
383,198,5,1668118404
383,199,4,1672113075
383,156,2,1672509705
383,233,5,1672747002
383,51,3,1674606929
383,145,4,1675634236
383,28,4,1676462447
383,65,4,1677359233
383,93,4,1679058914
383,76,2,1683294017
383,231,3,1686924168
383,130,1,1687536453
383,210,4,1688180439
383,72,4,1694006101
383,191,4,1694344146
384,101,2,1600813246
384,109,4,1601013483
384,53,4,1604035733
384,110,4,1605562623
384,9,3,1606268098
384,46,1,1607783851
384,178,2,1609695094
384,244,3,1610325580
384,146,5,1610541461
384,131,4,1610587059
384,226,3,1610657573
384,249,2,1611576249
384,210,4,1611850386
384,168,3,1613669465
384,50,2,1613887593
384,138,4,1615861105
384,250,3,1616579269
384,243,3,1618192063
384,127,4,1620233666
384,76,2,1620365215
384,107,5,1621323828
384,45,4,1621449418
384,246,3,1622818850
384,201,2,1626109797
384,54,4,1626470330
384,241,2,1627555571
384,203,1,1628031623
384,140,2,1630746198
384,78,2,1630912852
384,180,3,1632004459
384,18,4,1633754982
384,79,3,1635563312
384,28,4,1640174742
384,39,5,1640265481
384,123,2,1642682895
384,232,3,1643474905
384,235,4,1644891431
384,15,3,1645092423
384,14,3,1645774602
384,155,3,1646717285
384,206,2,1646842820
384,27,5,1647034480
384,62,1,1647646666
384,188,4,1647673621
384,224,4,1650731631
384,190,3,1651255106
384,136,5,1654496018
384,145,4,1656623482
384,198,2,1659841066
384,142,2,1659893793
384,196,3,1659930298
384,212,2,1660160896
384,88,5,1660192249
384,154,5,1661645942
384,225,3,1663897442
384,48,2,1666703912
384,21,3,1666953490
384,200,4,1667123350
384,164,3,1667302915
384,166,3,1667489038
384,126,4,1669220720
384,47,2,1669370697
384,150,5,1670787812
384,93,4,1671033532
384,175,4,1671792789
384,26,3,1674536349
384,13,3,1675189596
384,5,3,1675420095
384,157,2,1678017360
384,152,3,1678098160
384,186,2,1678557162
384,83,2,1679645948
384,40,3,1681502622
384,141,3,1682232932
384,87,4,1682427569
384,52,3,1682985173
384,182,5,1683825239
384,125,3,1688647394
384,174,3,1688793641
384,192,3,1689846850
384,122,3,1690937700
384,8,2,1691304890
384,67,3,1691413705
384,25,4,1692341841
384,100,2,1693239002
385,168,3,1603066709
385,18,3,1607249400
385,219,2,1610116758
385,123,4,1613485044
385,86,2,1614626812
385,16,1,1614856970
385,115,3,1615532119
385,80,3,1619634200
385,22,3,1620247023
385,122,4,1624244127
385,177,2,1625023527
385,221,2,1625289177
385,104,3,1628986881
385,81,4,1631588955
385,188,2,1633091311
385,21,3,1636860840
385,27,4,1637823987
385,39,4,1637961035
385,226,3,1642443719
385,79,3,1646816083
385,175,4,1646920151
385,93,4,1652751354
385,5,3,1661943037
385,138,5,1663429491
385,68,5,1664462704
385,186,4,1665686240
385,185,4,1665800051
385,216,2,1667386654
385,50,2,1667558649
385,244,4,1672386725
385,69,4,1674693200
385,225,2,1675694476
385,110,3,1676545650
385,52,3,1677280899
385,111,2,1678233810
385,139,3,1680152329
385,61,5,1685982226
385,109,3,1686471591
385,30,2,1689011820
386,111,3,1601045332
386,116,5,1603038617
386,229,3,1603149010
386,18,4,1605397712
386,175,4,1605546697
386,209,3,1608211746
386,171,2,1610228738
386,115,3,1610302147
386,107,3,1610641192
386,157,3,1611218703
386,109,3,1617331516
386,192,2,1617785883
386,249,4,1621627637
386,50,1,1622366998
386,185,5,1624026892
386,60,5,1626979500
386,164,3,1627766431
386,52,2,1629450149
386,154,4,1629912955
386,188,4,1630228480
386,132,5,1630852936
386,184,4,1631649244
386,54,3,1632800724
386,246,4,1635307695
386,178,5,1635975535
386,13,3,1636138761
386,31,4,1638894547
386,203,2,1639731974
386,100,2,1641515262
386,206,2,1644990491
386,127,3,1647631472
386,236,3,1647717661
386,146,4,1648171102
386,81,4,1648584559
386,210,4,1651141883
386,53,4,1651638349
386,56,5,1652553730
386,86,4,1654753502
386,199,5,1655242537
386,47,2,1658114679
386,136,3,1661425754
386,123,4,1661629831
386,93,5,1662271056
386,125,5,1666547852
386,38,5,1668861156
386,48,5,1669284194
386,21,4,1671238929
386,162,2,1673423463
386,201,2,1675731369
386,104,5,1678307484
386,120,4,1684692911
386,225,2,1685358383
386,141,3,1685752002
386,102,2,1686357589
386,19,2,1686780615
386,39,3,1687545220
386,76,3,1688424486
386,139,3,1688738711
386,61,3,1690484809
386,74,3,1692982259
386,221,3,1694340081
387,190,2,1601303156
387,5,3,1602257633
387,122,3,1603860092
387,125,3,1609887063
387,232,3,1616326980
387,100,2,1619508415
387,140,1,1624235694
387,27,4,1627474437
387,175,4,1629081429
387,136,5,1629760922
387,106,3,1630477556
387,130,3,1632946283
387,235,3,1635017439
387,50,4,1635409417
387,210,2,1641816944
387,13,2,1656028227
387,46,3,1661157467
387,76,3,1662258237
387,85,4,1662743653
387,192,4,1664033175
387,178,3,1664630253
387,94,4,1666273470
387,193,3,1666528442
387,21,3,1668737589
387,34,2,1669568929
387,244,2,1670679948
387,39,5,1676860413
387,111,2,1678436903
387,206,2,1678489614
387,229,3,1678790864
387,30,5,1680625521
387,79,5,1681078900
387,226,3,1684546013
387,93,4,1688808131
387,185,4,1690689528
387,249,3,1691530661
387,250,3,1693454012
387,154,2,1693509546
387,188,3,1693767215
387,97,4,1694033768
387,80,3,1694295982
387,243,4,1694439756
388,105,3,1601584308
388,58,3,1605045086
388,64,4,1605784178
388,242,4,1606469762
388,141,2,1607737536
388,115,3,1608070938
388,243,5,1609710612
388,167,4,1611064060
388,157,4,1611326634
388,236,3,1612236896
388,65,3,1613135520
388,24,4,1614027366
388,225,3,1617683635
388,135,5,1618709068
388,125,4,1618739298
388,206,3,1619720762
388,47,2,1623273156
388,97,5,1623458693
388,162,2,1624064562
388,79,3,1624589497
388,8,2,1625571333
388,140,3,1627858754
388,133,3,1629398435
388,138,4,1629868823
388,43,3,1630100195
388,109,4,1630248014
388,197,3,1630766358
388,13,3,1631206498
388,21,5,1633476157
388,139,4,1633611111
388,155,2,1634247467
388,210,3,1634259413
388,223,2,1637956211
388,61,3,1638323902
388,241,2,1638341027
388,26,4,1639645351
388,219,2,1640238134
388,40,4,1641005969
388,104,5,1641007396
388,89,3,1641205342
388,154,4,1642585194
388,46,4,1643069049
388,189,4,1644202757
388,68,5,1644781931
388,93,5,1645452822
388,5,4,1645925079
388,232,4,1646219633
388,134,3,1646917594
388,85,4,1647970556
388,168,4,1649408029
388,175,3,1650135496
388,6,2,1651145795
388,148,4,1651174704
388,203,1,1652714691
388,184,3,1658939944
388,18,4,1659162336
388,221,4,1659965072
388,32,4,1661104637
388,188,5,1661617528
388,33,3,1662093274
388,28,3,1663766092
388,107,4,1663836585
388,195,4,1664753684
388,27,4,1665878483
388,50,2,1668156297
388,178,3,1668434863
388,182,5,1670244458
388,130,3,1673454028
388,100,3,1673572135
388,52,3,1674912064
388,72,3,1676046450
388,34,5,1676449483
388,76,4,1677780397
388,131,3,1678560761
388,111,5,1680105662
388,39,3,1683072432
388,196,4,1684570833
388,192,3,1684621204
388,123,5,1687979215
388,190,3,1688469947
388,229,4,1689663614
388,7,5,1689819276
388,16,1,1690312816
388,77,3,1690495451
388,53,5,1690697635
388,249,5,1691071067
388,250,3,1692650040
388,81,4,1693672759
388,69,5,1693691265
388,207,5,1693821630
389,81,3,1600761886
389,155,3,1601348152
389,79,3,1603502730
389,147,3,1604128638
389,141,2,1605727009
389,143,3,1606685348
389,109,4,1607777731
389,111,3,1609062443
389,154,3,1609670956
389,48,2,1615679667
389,140,2,1618946302
389,98,2,1621982599
389,43,4,1623437991
389,173,3,1625213750
389,174,3,1628415841
389,249,3,1628520693
389,241,1,1628649441
389,14,3,1629447733
389,169,5,1630423328
389,94,4,1632325140
389,232,2,1643493670
389,8,3,1644016680
389,139,2,1649546296
389,180,3,1650635311
389,65,4,1656067548
389,178,1,1657903112
389,136,4,1661558265
389,50,2,1662027442
389,39,5,1662379604
389,182,3,1663159470
389,223,3,1664407943
389,175,4,1665778972
389,75,3,1665804811
389,27,5,1670242584
389,126,2,1677169013
389,100,2,1678660372
389,67,2,1682077664
389,46,4,1682872933
389,130,2,1687279884
389,88,4,1687502596
389,236,2,1689948035
390,30,4,1600416305
390,46,4,1604099385
390,21,3,1604375342
390,152,4,1604982603
390,101,3,1605394102
390,32,3,1606306743
390,211,4,1611004950
390,5,4,1613256188
390,148,4,1613917775
390,235,5,1614425419
390,93,3,1616290889
390,120,2,1616879159
390,112,4,1617844406
390,174,3,1618172513
390,54,2,1618214242
390,79,5,1618827201
390,115,2,1628783212
390,144,3,1637653181
390,48,3,1637921551
390,175,4,1638632618
390,13,5,1641117164
390,206,4,1644987705
390,160,5,1645894030
390,249,4,1653109025
390,100,3,1654920355
390,123,2,1654979186
390,198,4,1656014843
390,196,3,1656651048
390,169,5,1656993589
390,105,2,1664509631
390,27,4,1667444883
390,39,5,1676642123
390,109,2,1677564744
390,56,4,1678104635
390,76,2,1678385851
390,20,3,1679005570
390,18,4,1679043181
390,188,4,1681003802
390,52,5,1681508518
390,132,4,1684514604
390,89,3,1687342684
390,128,3,1692734103
390,242,2,1693912350
391,121,3,1600597029
391,35,4,1601368072
391,15,2,1602152904
391,72,3,1602861149
391,150,4,1604189309
391,141,4,1605437844
391,193,2,1605666923
391,111,3,1606906888
391,16,2,1608474501
391,65,3,1611234716
391,76,3,1612390862
391,235,4,1619042461
391,242,2,1619962382
391,137,3,1620470356
391,39,4,1620505410
391,13,4,1621214446
391,229,3,1623538349
391,81,3,1627170736
391,185,5,1630303965
391,228,3,1630334606
391,8,2,1635637751
391,175,3,1636547753
391,27,4,1637922450
391,244,3,1638467291
391,154,3,1639888627
391,82,2,1642964117
391,109,4,1644070624
391,231,5,1649776821
391,124,2,1650919220
391,221,3,1652365097
391,36,1,1653243873
391,223,1,1654523288
391,46,3,1659544479
391,33,2,1662990766
391,100,3,1665283990
391,5,3,1667507403
391,130,2,1667718404
391,10,2,1668663324
391,9,4,1668768515
391,29,1,1669922051
391,139,3,1670132982
391,211,3,1670936960
391,93,4,1671371732
391,32,3,1671852869
391,69,4,1672613283
391,125,3,1674838803
391,174,3,1676146777
391,232,4,1677060453
391,115,3,1678920328
391,250,3,1679169180
391,188,4,1680958464
391,123,3,1683570841
391,14,3,1688592269
391,41,4,1690143420
391,7,3,1690311982
391,79,4,1692850426
392,13,2,1600304801
392,218,2,1603707459
392,109,3,1616289089
392,50,4,1618867728
392,244,4,1622594339
392,155,4,1625223389
392,125,3,1631459456
392,61,3,1633796009
392,170,4,1634655986
392,159,2,1640230897
392,75,2,1640603368
392,39,3,1641586275
392,235,3,1641725140
392,169,3,1647608222
392,27,3,1649409248
392,154,3,1652750433
392,225,3,1653949057
392,47,3,1656831856
392,106,1,1659531123
392,195,4,1659919176
392,198,3,1665781600
392,91,1,1666232791
392,140,2,1673129671
392,188,3,1678627940
392,34,3,1679684388
392,145,5,1679866966
392,12,3,1682557742
392,8,3,1686727309
392,221,4,1687683046
392,30,3,1689804105
392,214,3,1691290680
393,50,3,1600225454
393,83,4,1613897008
393,3,2,1618258377
393,206,3,1619012633
393,47,1,1622499975
393,109,4,1623333459
393,127,3,1624268463
393,145,3,1624310240
393,157,3,1624643008
393,192,5,1627887220
393,61,4,1628574787
393,236,2,1635466860
393,39,3,1636029671
393,86,2,1638130864
393,188,3,1639886313
393,223,2,1640255919
393,124,3,1642440399
393,118,4,1642641878
393,69,4,1642975338
393,225,5,1643564075
393,52,3,1653528641
393,44,4,1653949887
393,125,2,1661671020
393,139,2,1662328248
393,102,3,1664748036
393,21,3,1666985709
393,2,3,1667294646
393,173,4,1667402702
393,62,2,1669507145
393,175,4,1670210233
393,5,4,1672578081
393,27,5,1675418758
393,75,3,1677450743
393,168,4,1677524115
393,198,4,1680631511
393,214,2,1681514266
393,43,3,1682058215
393,165,5,1685921968
393,229,3,1686571769
393,128,2,1690343476
393,13,3,1690940754
393,48,2,1691844992
393,197,1,1693542132
394,36,1,1600130520
394,187,4,1600518315
394,93,5,1601444891
394,164,4,1602103756
394,94,4,1603974222
394,152,2,1604092451
394,70,2,1605643841
394,241,2,1606595740
394,155,3,1607156629
394,104,2,1607558627
394,37,2,1607657795
394,203,1,1611285267
394,21,4,1611617786
394,219,2,1611870616
394,182,5,1612663618
394,130,3,1613405084
394,14,3,1613721116
394,212,2,1614287814
394,188,4,1614778856
394,247,1,1614783362
394,207,4,1615685420
394,17,3,1616041673
394,229,3,1616223537
394,9,3,1616837356
394,33,3,1616911663
394,10,3,1618420326
394,111,2,1619213503
394,142,2,1622974948
394,204,2,1623348558
394,168,4,1623369285
394,28,2,1624101676
394,64,5,1624364653
394,12,2,1625205532
394,193,4,1628077967
394,32,4,1628436859
394,244,4,1630547013
394,18,3,1632125277
394,140,2,1632280804
394,157,2,1632666923
394,19,2,1632700370
394,85,3,1633721865
394,88,5,1635423740
394,243,2,1635810528
394,192,3,1636097293
394,220,3,1636215647
394,202,3,1636548460
394,124,5,1636909880
394,100,2,1637015135
394,30,4,1637867917
394,86,2,1638660135
394,27,5,1638945859
394,77,3,1639625718
394,228,1,1639965398
394,56,2,1640364488
394,181,2,1641425794
394,233,3,1641693758
394,238,2,1641844612
394,59,2,1642059936
394,126,5,1642372586
394,79,4,1642879689
394,180,2,1644262285
394,62,4,1645298264
394,250,3,1645788818
394,185,4,1646058594
394,2,4,1646084932
394,97,3,1646730683
394,148,2,1646754682
394,183,2,1646773759
394,50,4,1648177284
394,223,2,1648331869
394,15,3,1648828483
394,61,4,1649341959
394,13,3,1650410160
394,179,2,1650457923
394,115,3,1650638756
394,58,4,1651556773
394,123,3,1654920060
394,190,2,1655157104
394,141,4,1655482938
394,197,5,1655972806
394,232,3,1660444860
394,139,3,1660963473
394,174,4,1661502510
394,39,4,1661902046
394,173,3,1662144221
394,127,5,1662539500
394,6,2,1662572747
394,199,2,1664660533
394,34,2,1666386590
394,169,3,1669122945
394,125,4,1670218713
394,184,4,1671247408
394,5,2,1672282800
394,221,2,1672303157
394,210,3,1673910956
394,52,3,1674782231
394,175,4,1675332620
394,236,3,1675502114
394,137,3,1677330350
394,235,3,1677662584
394,186,3,1677852594
394,136,5,1677917670
394,53,3,1678293705
394,109,3,1678423657
394,206,2,1678799030
394,76,3,1679635612
394,170,3,1680081019
394,218,2,1680141677
394,60,3,1680394264
394,214,3,1680764160
394,22,2,1681134129
394,226,4,1681339817
394,178,1,1681934144
394,154,3,1682241229
394,160,3,1682977856
394,44,4,1684611118
394,110,4,1685505564
394,89,3,1686179105
394,225,2,1686688887
394,249,3,1689915718
394,46,3,1693665768
394,195,4,1693701668
395,140,2,1602638067
395,182,4,1605866201
395,107,3,1610351475
395,226,3,1613941867
395,85,4,1615024641
395,204,4,1615481376
395,52,4,1618997765
395,198,4,1625409978
395,5,5,1634438869
395,93,3,1635961220
395,125,3,1637945275
395,27,4,1638202998
395,53,3,1640327434
395,54,5,1640937479
395,39,2,1641646848
395,123,3,1644296188
395,206,4,1644948899
395,250,4,1648856070
395,202,4,1651559754
395,26,4,1652132632
395,76,2,1654164043
395,210,3,1655643490
395,117,3,1655844289
395,168,4,1660511639
395,203,2,1668271138
395,145,3,1669356783
395,236,2,1669388508
395,13,3,1674713149
395,195,4,1679020857
395,43,2,1682124817
395,45,3,1682665487
395,110,3,1683193263
395,192,5,1684874938
395,79,4,1688066972
395,136,3,1689575203
395,175,3,1692238301
395,244,3,1693632010
396,53,5,1600665965
396,175,4,1601762783
396,30,5,1602956687
396,93,4,1603037857
396,134,4,1603292934
396,223,2,1603522632
396,192,3,1604497263
396,136,5,1605513368
396,196,3,1606436459
396,123,3,1615203884
396,188,2,1617041497
396,249,3,1617395704
396,100,2,1618823107
396,183,3,1620254229
396,187,3,1621617011
396,234,2,1629914592
396,236,4,1630116930
396,140,3,1633187833
396,39,4,1634376009
396,209,2,1635726795
396,52,4,1645549697
396,154,3,1646040349
396,81,4,1648237765
396,125,2,1649084996
396,135,4,1652372196
396,225,3,1652954919
396,102,2,1653875270
396,36,3,1654049615
396,69,3,1656721502
396,221,3,1656942837
396,206,3,1658396304
396,110,4,1660488518
396,103,3,1661856954
396,79,5,1664796351
396,126,3,1669825920
396,109,3,1671239955
396,111,2,1671594093
396,130,2,1676570933
396,85,3,1678133710
396,226,3,1678817013
396,5,2,1679597950
396,50,3,1681288420
396,208,5,1681972763
396,18,2,1684587133
396,160,3,1685397625
396,97,3,1686588338
396,168,3,1687617879
396,27,4,1690776144
396,31,3,1691702799
396,47,1,1692176588
397,65,5,1603613002
397,27,4,1605492545
397,42,3,1605688928
397,36,1,1605803483
397,39,4,1606305424
397,166,4,1606358199
397,18,3,1608541570
397,12,3,1608622636
397,32,3,1611489101
397,111,5,1612252242
397,139,2,1613159834
397,93,3,1614932223
397,109,4,1615742741
397,223,3,1616171547
397,2,3,1616801969
397,79,3,1617152232
397,168,3,1618666457
397,245,3,1623089981
397,241,1,1623353803
397,210,3,1624314204
397,130,3,1624656600
397,193,4,1626456912
397,57,5,1627604946
397,197,2,1629995237
397,102,3,1631607084
397,125,3,1632142611
397,100,5,1633003990
397,190,1,1633288253
397,61,4,1633932982
397,116,4,1635771198
397,175,3,1635938511
397,136,3,1636419234
397,198,3,1636780334
397,75,4,1636996443
397,181,3,1640955666
397,208,4,1641059305
397,69,4,1641254312
397,237,4,1644492552
397,188,3,1645983097
397,248,3,1646185946
397,243,2,1647753493
397,184,2,1654738947
397,172,2,1656211287
397,240,4,1657520606
397,211,5,1658027902
397,101,3,1659275993
397,186,4,1659278184
397,187,5,1659624500
397,104,2,1660508115
397,154,3,1664601183
397,54,4,1664763561
397,192,3,1666207734
397,235,2,1667400410
397,62,3,1667976485
397,19,4,1668114998
397,22,2,1668957808
397,199,2,1669243196
397,232,3,1671195119
397,153,3,1672958554
397,167,3,1674005919
397,68,3,1676766857
397,152,3,1679467858
397,249,5,1681318882
397,145,3,1682721285
397,250,3,1684630617
397,31,3,1685350907
397,174,4,1685603443
397,115,2,1691247997
397,50,4,1692825248
398,116,3,1600430261
398,168,4,1601567356
398,234,3,1602152240
398,206,3,1603118757
398,52,3,1603770051
398,169,4,1604209416
398,140,2,1605049544
398,202,4,1608418165
398,182,5,1611028891
398,135,3,1611221451
398,125,4,1611693829
398,13,3,1611711350
398,69,5,1611734950
398,15,2,1611978463
398,30,5,1615576538
398,46,2,1616676691
398,53,4,1617276784
398,2,4,1617296431
398,214,3,1617642789
398,200,2,1622120203
398,189,4,1622328297
398,232,3,1624536097
398,76,3,1624853108
398,123,2,1625030975
398,138,3,1625066443
398,18,4,1628478125
398,209,2,1628499901
398,106,1,1632706830
398,39,4,1632812854
398,179,3,1633534793
398,14,3,1633659385
398,57,4,1634392538
398,192,4,1634699182
398,65,4,1635474131
398,201,2,1635741845
398,9,3,1636210535
398,188,3,1637512693
398,44,4,1639365530
398,117,3,1639877651
398,100,2,1640012903
398,180,2,1640572316
398,109,3,1640620994
398,78,2,1640910201
398,88,5,1643303536
398,236,4,1647724985
398,50,3,1648183280
398,244,3,1650166048
398,115,2,1651245119
398,235,3,1651547776
398,79,4,1652061668
398,187,3,1652697764
398,249,2,1654191045
398,43,4,1656040619
398,136,5,1656757267
398,185,4,1657111995
398,36,2,1660942633
398,156,2,1663013076
398,139,3,1663183075
398,86,1,1665234099
398,94,4,1668949578
398,21,2,1669488313
398,34,3,1671070547
398,102,3,1672062732
398,152,2,1677960511
398,223,2,1679041941
398,85,4,1681138661
398,229,1,1685128854
398,54,4,1686058424
398,27,4,1689067897
398,175,4,1691785273
398,162,3,1692364863
398,210,2,1693213675
398,5,3,1693331260
398,134,3,1693509802
398,130,4,1693771290
398,247,3,1694069192
399,5,4,1600622293
399,154,5,1602069614
399,235,3,1609758909
399,132,3,1610087787
399,79,5,1616394659
399,234,4,1618651184
399,64,4,1618852523
399,219,3,1622394135
399,216,5,1626691189
399,46,4,1627719411
399,186,4,1634482393
399,241,2,1636974544
399,206,5,1640680161
399,174,2,1649618556
399,89,2,1651918665
399,247,4,1654149459
399,158,2,1654245056
399,249,3,1655913349
399,210,4,1658873480
399,27,4,1659765818
399,192,3,1660394207
399,98,3,1660520184
399,41,5,1666265219
399,188,4,1670598496
399,35,5,1672065041
399,123,3,1682888634
399,181,3,1685819399
399,175,3,1688268078
399,196,3,1691445405
399,130,3,1692720171
399,166,4,1693870471
399,39,3,1694034755
400,98,3,1636009470
400,202,5,1639259949
400,64,4,1640254415
400,109,3,1657668368
400,130,2,1680077113
400,5,3,1693622118
401,62,2,1600230662
401,123,4,1600502313
401,175,5,1602312970
401,148,2,1602853934
401,82,2,1604028361
401,69,3,1604355719
401,79,4,1605225653
401,191,3,1606047494
401,53,4,1607492190
401,180,2,1608608221
401,56,2,1608859044
401,132,4,1609821367
401,188,4,1611178530
401,27,2,1612702859
401,5,3,1615926144
401,76,2,1619331507
401,122,3,1620410032
401,198,4,1624660775
401,162,4,1629091602
401,72,2,1629479010
401,193,3,1630923023
401,192,3,1631196565
401,17,3,1632377707
401,125,4,1633989953
401,168,5,1634895741
401,85,5,1635989228
401,210,3,1637649386
401,139,4,1637854200
401,134,3,1638752827
401,115,1,1640308291
401,208,1,1641666668
401,44,2,1644736907
401,35,5,1652533818
401,9,4,1653422564
401,184,2,1654629576
401,111,3,1655617824
401,48,2,1656505239
401,100,3,1658164572
401,68,4,1658248838
401,206,5,1661435031
401,102,2,1662127504
401,39,5,1663781012
401,73,4,1673655607
401,154,5,1673710138
401,14,3,1673818097
401,233,3,1675854792
401,221,4,1675872134
401,250,2,1676558360
401,110,3,1679979813
401,101,3,1680011529
401,18,5,1682878278
401,33,1,1683029281
401,205,4,1688815494
401,104,3,1691040192
401,158,3,1692435755
401,36,3,1694243427
402,79,3,1613748580
402,123,2,1650158503
402,39,4,1671680090
403,154,3,1601321818
403,100,3,1601433371
403,82,3,1601444575
403,198,4,1603624226
403,188,3,1604170091
403,234,4,1604578185
403,157,4,1604994947
403,115,3,1606737313
403,45,2,1607248702
403,195,3,1607586608
403,6,2,1608387483
403,226,2,1608753577
403,47,1,1608931659
403,186,4,1609361718
403,114,2,1609376860
403,242,4,1609506160
403,175,2,1611580944
403,15,3,1611691189
403,8,3,1615927114
403,143,2,1619650204
403,128,5,1620041296
403,26,5,1620066034
403,104,3,1620610213
403,223,2,1620726342
403,156,2,1622717534
403,54,3,1624631983
403,244,3,1630011206
403,37,3,1630732289
403,27,4,1631721034
403,10,4,1632858086
403,97,4,1633136935
403,222,4,1635398466
403,152,2,1639987236
403,64,3,1642201274
403,230,3,1642778074
403,5,4,1643475896
403,236,3,1644402712
403,139,2,1644435283
403,62,2,1644688914
403,138,4,1645071857
403,79,3,1645929333
403,51,3,1646513623
403,106,1,1647093805
403,155,5,1647400132
403,50,5,1648382851
403,243,3,1648723192
403,88,4,1650898808
403,249,4,1651100493
403,25,3,1652981996
403,168,4,1653345968
403,192,3,1656227909
403,30,4,1658893028
403,34,2,1659593386
403,70,4,1660448457
403,69,3,1662058154
403,210,5,1662357108
403,202,4,1663864045
403,203,3,1664112852
403,90,2,1664879467
403,2,4,1666554438
403,48,3,1666723112
403,98,3,1667619624
403,167,3,1667939542
403,179,4,1668899661
403,177,3,1669198346
403,109,3,1670852993
403,89,4,1671941864
403,206,3,1673509441
403,125,3,1673521158
403,93,5,1673602153
403,145,4,1673905148
403,111,2,1675592951
403,185,3,1675786230
403,21,4,1676276260
403,41,4,1677000719
403,193,4,1677030091
403,221,3,1678442737
403,39,5,1678501955
403,231,4,1680465589
403,166,3,1681345645
403,225,2,1682278408
403,130,2,1682295444
403,140,2,1682333947
403,53,2,1683173641
403,52,4,1683501254
403,65,4,1685285025
403,18,4,1686533184
403,184,2,1687037074
403,107,4,1687117003
403,94,4,1687196253
403,63,3,1687473795
403,141,2,1687740693
403,123,3,1689732448
403,92,3,1690747745
403,232,4,1691018852
403,13,3,1691520075
403,58,1,1691783715
403,66,3,1693812612
404,250,5,1600234211
404,193,4,1600679876
404,41,4,1602605044
404,27,3,1603313569
404,210,4,1609179979
404,54,5,1611417710
404,110,4,1611811528
404,201,2,1612767987
404,39,3,1614465382
404,51,3,1614936603
404,133,3,1618424142
404,175,4,1619588530
404,243,2,1622695527
404,192,5,1622975582
404,65,3,1626646986
404,34,3,1628405812
404,52,4,1629018161
404,94,4,1630593865
404,5,3,1631728082
404,177,1,1632188948
404,160,3,1634278954
404,30,3,1635750227
404,125,3,1636369011
404,19,5,1641688636
404,221,3,1642749844
404,155,3,1648622313
404,132,2,1652164145
404,202,5,1652180627
404,100,3,1653952622
404,61,5,1655398496
404,136,5,1658958228
404,206,4,1665871688
404,223,2,1666725689
404,145,4,1670246866
404,79,3,1671297038
404,13,4,1672674509
404,104,4,1678361991
404,173,4,1681521629
404,216,2,1681557090
404,111,2,1687563336
404,48,4,1689106596
404,232,2,1689299417
404,166,3,1692438918
404,109,4,1692993592
404,68,3,1693546339
405,5,4,1600897971
405,244,4,1601286336
405,128,3,1601953206
405,28,4,1604080924
405,210,5,1608636141
405,130,2,1610124269
405,184,1,1613136837
405,192,3,1614084766
405,51,4,1614369381
405,100,4,1615454874
405,163,4,1616361349
405,49,3,1617433938
405,206,5,1617662110
405,204,4,1620248262
405,195,4,1620845785
405,179,3,1622636950
405,250,2,1623145243
405,154,2,1624706791
405,145,3,1624849214
405,109,2,1625029136
405,27,3,1625559470
405,80,3,1625846962
405,2,3,1627315590
405,18,3,1630863162
405,94,4,1632626385
405,39,4,1632981095
405,136,3,1633485168
405,117,4,1635055689
405,168,4,1635344780
405,76,2,1637104638
405,79,3,1637220751
405,33,5,1639008532
405,15,3,1639429014
405,221,5,1640433829
405,11,5,1644930328
405,225,3,1649009194
405,135,5,1657727414
405,93,3,1659503084
405,25,4,1659838173
405,160,5,1663505824
405,232,2,1665564848
405,53,4,1665679848
405,75,3,1669465083
405,141,3,1670074428
405,50,4,1670676292
405,196,2,1670700172
405,4,2,1671439183
405,207,3,1672681653
405,139,4,1675760001
405,153,3,1675813922
405,14,3,1678339939
405,166,4,1679154388
405,229,3,1679504309
405,198,3,1681213960
405,104,3,1682012534
405,31,2,1682453529
405,140,4,1683612105
405,181,2,1685645482
405,223,4,1685737967
405,193,4,1685804521
405,52,3,1686369028
405,188,5,1686881287
405,146,4,1688898423
405,237,4,1688943820
405,208,3,1689165887
405,175,3,1690486233
405,247,3,1690674067
405,241,1,1691531521
405,103,2,1692969736
405,238,2,1694058938
406,192,5,1600045315
406,208,4,1600655557
406,31,2,1608218301
406,5,2,1612782931
406,177,2,1626128123
406,89,5,1634652339
406,206,3,1639221291
406,39,5,1640976112
406,179,3,1649683884
406,94,5,1660752017
406,188,4,1664112803
406,212,3,1669839213
406,13,4,1682823907
406,27,5,1683642952
406,136,3,1688568778
406,36,2,1689223875
407,188,5,1602576484
407,127,4,1609466558
407,250,2,1652604701
407,168,4,1673292898
407,20,5,1682617652
407,154,2,1684862557
407,93,4,1689847495
408,226,2,1601336256
408,204,3,1602700301
408,223,4,1602910477
408,139,3,1605521183
408,61,4,1605616939
408,5,4,1606282553
408,125,4,1607260296
408,96,2,1607710173
408,195,5,1611692939
408,182,5,1616117208
408,175,3,1617398279
408,12,4,1623979906
408,154,3,1626701902
408,31,3,1627077039
408,244,4,1627597288
408,39,5,1629192389
408,91,3,1629631154
408,52,4,1631668904
408,134,5,1634245843
408,167,3,1635674926
408,188,3,1637121050
408,38,4,1638416632
408,228,2,1641510561
408,86,1,1642244381
408,241,3,1643567269
408,107,4,1645090580
408,48,3,1647434244
408,173,3,1653454089
408,136,4,1653770851
408,93,5,1654793710
408,111,2,1656296884
408,126,5,1656616366
408,50,4,1657280269
408,243,3,1658409370
408,123,3,1658599897
408,13,2,1658734882
408,168,5,1659074169
408,225,4,1660868061
408,100,2,1662738563
408,109,4,1662784399
408,196,2,1666338702
408,53,4,1677277144
408,216,4,1677526817
408,21,4,1678734051
408,74,3,1680975327
408,206,1,1685232841
408,235,3,1690088373
408,140,3,1690385515
408,210,3,1692328224
409,229,5,1602704971
409,140,1,1603607271
409,33,3,1609878018
409,139,2,1611948448
409,192,4,1612805417
409,210,4,1613987539
409,39,5,1617607091
409,188,4,1618121900
409,230,3,1618756736
409,183,4,1621068353
409,109,3,1621106560
409,46,4,1624586055
409,234,3,1627873559
409,225,3,1631927001
409,101,2,1633037016
409,41,3,1637395189
409,175,2,1638977758
409,123,4,1642340322
409,52,3,1644461190
409,135,4,1651159650
409,104,4,1656175852
409,89,3,1658149338
409,107,4,1661507700
409,86,2,1671926344
409,31,3,1674350252
409,181,3,1675874116
409,61,3,1676902080
409,196,2,1677586639
409,184,5,1683535189
409,111,4,1685171910
409,19,3,1685650516
409,154,4,1688411823
409,223,2,1692261313
409,48,3,1692808397
410,52,2,1613588721
410,59,3,1613820938
410,21,2,1614723028
410,180,4,1615330278
410,208,5,1615503050
410,45,3,1619830685
410,27,5,1627765552
410,225,3,1628193166
410,249,3,1630118688
410,177,4,1630933387
410,234,3,1632058776
410,210,3,1635234089
410,136,5,1636132694
410,232,4,1639548302
410,123,3,1641189570
410,39,5,1648550929
410,236,5,1649240826
410,9,4,1656272329
410,125,3,1661353678
410,241,2,1661711267
410,102,2,1661785797
410,97,3,1665327346
410,188,4,1665739394
410,175,3,1668260598
410,154,4,1669108421
410,93,4,1674312808
410,100,2,1687913992
410,87,5,1694051027
411,188,3,1600572908
411,118,2,1601637804
411,27,4,1602271774
411,162,2,1603163942
411,141,3,1605217474
411,25,5,1605563431
411,237,2,1606456509
411,168,3,1607384738
411,46,5,1607580899
411,210,5,1611633112
411,205,3,1613313508
411,182,4,1613774534
411,139,4,1615761752
411,200,4,1622848832
411,50,5,1623171337
411,79,4,1623595025
411,211,5,1627044472
411,94,5,1641283605
411,184,3,1642628577
411,136,2,1642708802
411,102,4,1655225790
411,154,3,1656798890
411,249,5,1657204907
411,173,5,1659055119
411,130,3,1664381990
411,39,5,1665516830
411,52,2,1665779661
411,8,4,1676364666
411,53,3,1677422793
411,5,5,1681587792
411,2,5,1682471742
411,236,3,1683309413
411,93,5,1685285613
411,100,4,1692390616
411,175,3,1693544102
412,216,4,1600093542
412,214,3,1600191242
412,65,4,1600631014
412,47,3,1601519502
412,235,3,1602255829
412,140,1,1602406731
412,28,3,1605002444
412,181,2,1605012090
412,53,3,1605720791
412,188,2,1605742669
412,42,3,1606025549
412,101,4,1607116675
412,86,1,1607233179
412,88,5,1608104895
412,137,4,1608273710
412,152,4,1609241886
412,54,3,1609555878
412,170,5,1610465835
412,144,2,1610859012
412,93,4,1611338417
412,195,5,1611950716
412,219,2,1612126283
412,2,4,1612767377
412,110,4,1612823828
412,136,5,1613493406
412,249,2,1614595622
412,34,4,1614786521
412,20,2,1618803044
412,24,5,1618977959
412,46,3,1619285584
412,202,4,1619997213
412,7,3,1620179583
412,211,2,1620629332
412,94,4,1621269932
412,164,3,1621699365
412,193,2,1622201346
412,155,3,1622262152
412,122,4,1622745897
412,10,5,1623227484
412,27,5,1623270458
412,123,2,1623922374
412,79,5,1625020706
412,50,3,1625557460
412,80,5,1625636834
412,13,5,1625857064
412,75,4,1625940145
412,131,3,1626018713
412,69,4,1626179449
412,187,3,1626198918
412,218,3,1626280235
412,167,3,1627645573
412,186,3,1628142339
412,185,4,1628374480
412,148,2,1629660709
412,147,4,1629782050
412,154,5,1630318139
412,102,3,1630594542
412,191,1,1631443843
412,139,5,1632599904
412,52,4,1632878060
412,238,2,1632940098
412,194,4,1633226690
412,33,3,1633861523
412,175,5,1635128782
412,141,3,1635162117
412,212,3,1635366905
412,5,3,1636081320
412,203,2,1637018132
412,138,4,1637191320
412,32,3,1637265901
412,244,4,1637931460
412,143,5,1638980170
412,31,2,1639093978
412,241,2,1639505569
412,89,3,1640924997
412,132,5,1641794941
412,36,4,1642046830
412,197,3,1642094395
412,210,4,1642263504
412,192,3,1643050482
412,160,5,1643907532
412,217,4,1644373618
412,19,2,1644457881
412,26,3,1644830595
412,209,2,1645104680
412,243,4,1646555904
412,215,3,1647721385
412,107,4,1648245532
412,134,3,1648277833
412,208,5,1648744794
412,109,2,1649795822
412,156,4,1651663716
412,39,4,1651825058
412,226,1,1654480752
412,111,3,1654519348
412,64,4,1654944445
412,16,1,1655081530
412,127,4,1655346116
412,135,4,1657403238
412,87,5,1657999989
412,18,5,1658056483
412,76,3,1658151320
412,223,2,1658725313
412,153,4,1659814747
412,225,3,1660054510
412,21,2,1660091989
412,125,3,1661943253
412,200,4,1662776970
412,130,2,1664298478
412,81,5,1664301869
412,242,3,1664325906
412,233,2,1664487306
412,157,4,1665081399
412,56,3,1665842125
412,168,5,1666635111
412,234,3,1667869964
412,245,5,1669273304
412,17,4,1669297174
412,199,3,1671457549
412,179,3,1672349019
412,85,5,1672620706
412,15,3,1674695134
412,162,2,1675486422
412,128,3,1675518288
412,180,2,1676719783
412,227,5,1676840499
412,228,4,1677708451
412,247,1,1677945093
412,145,3,1678307432
412,166,4,1678780952
412,184,5,1678806673
412,9,3,1680259074
412,35,5,1680818414
412,106,2,1681994742
412,221,5,1682055600
412,206,4,1684206452
412,61,5,1684391911
412,236,3,1685399250
412,196,2,1686828112
412,174,3,1687145628
412,126,3,1687260666
412,25,3,1687812821
412,115,2,1687817687
412,4,2,1690196109
412,230,3,1690585969
412,100,2,1691202647
412,229,4,1691345400
412,48,4,1692057075
412,146,4,1692470066
412,116,2,1692549719
412,104,2,1692602230
412,232,3,1693283676
413,85,3,1602486273
413,188,3,1602832654
413,130,4,1607639262
413,208,3,1608559513
413,50,3,1609182657
413,198,5,1611844201
413,53,5,1612200621
413,104,3,1617367592
413,32,3,1618637535
413,89,3,1619064428
413,136,4,1621717638
413,168,3,1625225608
413,27,5,1629066404
413,21,3,1630752932
413,124,3,1631658231
413,31,2,1632931876
413,18,3,1633538833
413,223,2,1635171601
413,192,2,1637630265
413,236,3,1639033930
413,79,3,1640129377
413,250,2,1642073324
413,81,4,1643960092
413,157,2,1644033434
413,150,3,1644672685
413,39,3,1644974383
413,141,1,1645176205
413,154,3,1647280103
413,46,1,1651871921
413,175,4,1652425660
413,193,3,1652947529
413,30,4,1654052254
413,139,3,1655109876
413,96,3,1655949835
413,109,2,1656486838
413,9,4,1656782376
413,24,3,1658420330
413,88,5,1659644871
413,176,4,1662237602
413,100,1,1665236935
413,184,4,1668500558
413,43,5,1670647253
413,146,3,1671525076
413,210,3,1673180193
413,118,2,1673835568
413,155,2,1673855411
413,206,3,1677564749
413,115,3,1683769476
413,226,3,1684450463
413,19,1,1684486455
413,202,4,1684788372
413,4,3,1687180995
413,249,4,1687844657
413,93,3,1688383117
413,44,3,1692709949
413,3,3,1693456664
414,184,3,1601012967
414,61,3,1601531166
414,110,5,1601765595
414,85,3,1602877998
414,19,2,1603268567
414,158,4,1603364512
414,147,3,1605260027
414,21,3,1611528243
414,207,3,1612025762
414,162,3,1612134772
414,229,4,1614621612
414,13,2,1617621100
414,188,2,1620783355
414,16,1,1625634542
414,39,5,1625745691
414,70,4,1626631169
414,14,2,1628533771
414,136,4,1630494459
414,175,4,1630621169
414,124,4,1631212861
414,193,4,1631253337
414,139,3,1631842137
414,137,4,1636354861
414,109,4,1638421185
414,131,3,1639346914
414,202,4,1640268541
414,249,3,1642045621
414,9,4,1643817881
414,18,5,1643974476
414,52,4,1645044171
414,132,5,1646938054
414,192,4,1647121053
414,113,2,1647795232
414,221,4,1648579079
414,130,1,1649359526
414,54,2,1651448959
414,50,5,1653642725
414,135,3,1655250807
414,86,3,1658429724
414,27,3,1659489063
414,250,3,1661757096
414,60,4,1661936641
414,71,4,1663562351
414,103,2,1675890345
414,223,5,1676258220
414,154,3,1676415632
414,35,3,1677143089
414,185,5,1677466815
414,226,3,1678355442
414,141,2,1678732170
414,179,5,1678891179
414,123,3,1679025582
414,235,4,1679879371
414,111,1,1680545494
414,79,2,1685296648
414,242,2,1688580599
414,210,4,1689060328
414,26,4,1692246979
415,141,3,1600761209
415,168,5,1601265465
415,78,1,1602449635
415,140,1,1603099739
415,46,2,1605836393
415,158,3,1607442213
415,47,2,1608745858
415,44,4,1608858887
415,223,4,1613779680
415,137,3,1614050648
415,219,2,1615518606
415,210,5,1618373241
415,24,3,1620125879
415,128,2,1620472332
415,136,4,1621889339
415,109,5,1623886255
415,103,3,1624857796
415,105,2,1630968296
415,138,3,1631647762
415,149,2,1632322212
415,231,4,1633882028
415,208,3,1634060911
415,174,4,1634965496
415,94,4,1635496111
415,139,2,1636124964
415,214,4,1636142591
415,160,3,1637212029
415,206,3,1637548739
415,130,4,1638394168
415,14,5,1640909799
415,202,5,1641145048
415,89,2,1641195487
415,182,3,1642652941
415,39,4,1643163487
415,221,3,1644417239
415,87,1,1653033286
415,225,3,1653823851
415,100,3,1655038477
415,33,3,1656915729
415,98,3,1658117984
415,50,3,1660815999
415,236,3,1661148941
415,192,4,1661986162
415,93,3,1661990162
415,5,4,1665460109
415,48,4,1667804231
415,241,2,1669430239
415,102,5,1671791898
415,179,2,1679875119
415,175,4,1680999377
415,155,3,1681619245
415,53,3,1682413383
415,34,4,1683999388
415,153,1,1684444330
415,166,3,1692172737
415,188,4,1692414389
415,79,2,1692766176
415,176,2,1694033845
416,160,4,1600527827
416,224,4,1601013348
416,175,3,1602681199
416,229,2,1605032453
416,76,4,1605501200
416,152,1,1606905780
416,226,4,1608250701
416,210,3,1608986536
416,125,4,1609062382
416,91,3,1610112644
416,43,4,1610586531
416,111,3,1611462292
416,110,5,1612051774
416,150,4,1612222812
416,104,3,1612353377
416,178,2,1614250252
416,139,3,1616720953
416,52,3,1616950863
416,184,2,1618498447
416,123,3,1618934364
416,231,4,1619542570
416,188,3,1621374333
416,198,3,1621865869
416,206,3,1622507419
416,137,3,1622561128
416,61,4,1623013982
416,225,2,1624553895
416,58,2,1625733780
416,185,3,1626066973
416,30,3,1628709353
416,5,4,1629014385
416,238,1,1630932764
416,235,4,1631373743
416,79,2,1631641696
416,34,4,1632041980
416,13,2,1633688873
416,182,3,1634341233
416,4,2,1636362863
416,65,3,1636622417
416,98,3,1637637660
416,146,3,1638119262
416,174,2,1639219951
416,119,2,1639834721
416,100,2,1640889622
416,181,3,1640991610
416,67,1,1641388613
416,53,4,1642209739
416,108,3,1642264400
416,39,2,1643143079
416,203,2,1643489043
416,28,2,1647267625
416,208,3,1647645348
416,102,4,1650358300
416,221,3,1650723109
416,18,2,1651265081
416,218,4,1651372180
416,169,4,1651951443
416,140,2,1655709230
416,246,3,1656427789
416,132,3,1656779735
416,154,4,1660995234
416,27,4,1661082819
416,126,2,1661375062
416,85,3,1664758566
416,155,3,1668220578
416,117,3,1671812757
416,26,3,1673486467
416,21,3,1673662352
416,63,3,1676353624
416,94,4,1677191230
416,99,4,1677741949
416,48,4,1680952924
416,192,3,1681318583
416,15,3,1681552652
416,156,1,1682128908
416,148,3,1683094814
416,205,2,1683464476
416,168,3,1685374760
416,179,3,1685909252
416,136,4,1686981532
416,204,2,1688213398
416,130,3,1689721925
416,109,4,1692849162
416,200,4,1693797397
416,93,4,1693862622
416,138,4,1694098009
417,223,2,1602479527
417,85,5,1606398028
417,68,4,1608209858
417,125,3,1611951487
417,206,3,1621966474
417,146,5,1622078892
417,39,4,1624509013
417,27,3,1624660439
417,55,3,1628448768
417,78,4,1629623423
417,81,5,1629985925
417,47,3,1633282184
417,94,3,1634789541
417,188,3,1635777407
417,250,3,1636341384
417,57,3,1636655332
417,116,4,1643046876
417,88,4,1651278270
417,50,5,1655234602
417,115,5,1661600064
417,210,4,1665694475
417,192,5,1670310003
417,185,3,1671364098
417,25,4,1676168808
417,93,5,1677320799
417,89,4,1679159581
417,208,3,1683548267
417,5,3,1684225742
418,193,3,1610823327
418,81,4,1614874458
418,35,2,1616735178
418,33,4,1636223285
418,18,3,1664403717
418,199,2,1664846706
418,39,5,1675826322
418,185,4,1683886279
418,175,3,1684615096
418,156,2,1685717719
419,176,2,1602167556
419,32,4,1603005539
419,184,4,1606057001
419,100,4,1606789896
419,94,4,1613513362
419,232,4,1613750645
419,225,3,1617318514
419,126,4,1617486174
419,175,3,1620863313
419,61,4,1624135605
419,43,2,1629769707
419,127,2,1629971692
419,31,3,1630393889
419,196,1,1636535477
419,246,3,1639869687
419,107,2,1644596543
419,194,4,1652675320
419,179,4,1653810640
419,50,4,1653943961
419,224,5,1656247693
419,190,2,1656607853
419,237,3,1663738062
419,39,4,1671443262
419,226,3,1673290384
419,238,3,1675113905
419,125,4,1676927922
419,249,4,1687881385
419,104,3,1688405477
419,27,4,1688525675
419,5,4,1691706284
419,140,2,1694482062
420,27,3,1601757383
420,102,4,1602318129
420,174,4,1602477486
420,188,4,1603146353
420,69,4,1603499048
420,244,4,1603858132
420,207,4,1604515661
420,88,3,1608261249
420,182,3,1610848662
420,76,3,1611310388
420,171,2,1613534609
420,122,2,1614565405
420,247,4,1618346517
420,189,4,1619279719
420,140,2,1620812945
420,52,2,1620839811
420,97,2,1621197683
420,241,1,1622506658
420,185,3,1622874330
420,111,3,1623665644
420,236,3,1623943051
420,50,2,1625225456
420,139,3,1627916910
420,221,3,1628148472
420,141,1,1631151682
420,75,2,1632737165
420,79,4,1633206181
420,53,4,1633650232
420,216,3,1634193876
420,132,4,1635857232
420,64,3,1635900094
420,243,3,1638260920
420,179,4,1639322281
420,205,3,1639690231
420,157,2,1640551488
420,107,3,1641136859
420,4,2,1641384187
420,208,3,1641902905
420,229,3,1642240847
420,202,4,1643127070
420,2,3,1645222973
420,175,4,1646092102
420,103,3,1648288931
420,223,3,1648912286
420,162,2,1649303330
420,39,3,1652741971
420,192,4,1659659371
420,193,3,1660015812
420,100,3,1661068196
420,82,3,1661971704
420,194,3,1663799886
420,46,3,1665892212
420,145,4,1668855173
420,18,4,1669418932
420,167,3,1672061765
420,232,3,1672542072
420,206,4,1674258134
420,154,1,1674450799
420,238,2,1675814509
420,230,2,1676917600
420,47,1,1677557830
420,109,5,1680815607
420,219,1,1680937753
420,125,3,1681402018
420,135,2,1681568371
420,169,4,1683236258
420,130,1,1686855122
420,93,2,1688881398
420,5,2,1694466250
421,27,5,1602637153
421,39,4,1609957571
421,225,3,1612738594
421,101,3,1612903747
421,109,2,1619523350
421,138,4,1623663951
421,195,4,1624006172
421,26,4,1628951194
421,238,5,1629156625
421,208,4,1634767560
421,221,3,1639152393
421,192,3,1639393042
421,100,2,1643857842
421,111,3,1651789977
421,80,2,1652376593
421,62,3,1659968666
421,65,3,1666701929
421,210,4,1669555394
421,125,5,1677454924
421,130,2,1677762103
421,168,4,1679331205
421,206,3,1684174519
421,5,5,1689611686
421,52,3,1692354503
421,83,4,1692726286
422,181,2,1602133323
422,73,5,1610044071
422,18,2,1613798396
422,136,4,1613885638
422,50,2,1617705762
422,184,3,1622581752
422,154,4,1624213869
422,21,4,1628245332
422,52,3,1632653054
422,168,4,1637260614
422,56,2,1640354058
422,244,3,1645405622
422,182,4,1646432536
422,93,4,1650183455
422,53,4,1653788897
422,89,3,1655471108
422,203,2,1655984251
422,206,2,1669883882
422,188,3,1670329294
422,208,3,1674523581
422,8,2,1674827395
422,230,4,1679454987
422,225,4,1680533506
422,13,2,1681812371
422,140,2,1684580381
422,111,2,1685031852
422,100,5,1688652212
422,78,3,1689146313
422,139,4,1689653579
422,39,4,1693178376
423,130,3,1600599880
423,136,4,1600838061
423,109,2,1608698124
423,131,2,1614778015
423,46,5,1618259735
423,175,4,1630753612
423,221,5,1638913404
423,192,3,1651393325
423,52,2,1657279883
423,188,3,1659472311
423,215,3,1660149792
423,191,5,1671079804
423,48,2,1673456251
423,232,4,1682994541
423,19,4,1684999904
423,27,3,1686055431
423,247,4,1691545779
424,20,5,1600027321
424,138,4,1600473456
424,46,3,1600718740
424,219,5,1600757199
424,115,2,1601879493
424,61,3,1605198017
424,81,3,1606003996
424,236,3,1608132758
424,76,3,1608285054
424,113,4,1608367545
424,180,3,1610447868
424,36,1,1610877894
424,247,4,1611998982
424,101,2,1614590940
424,24,5,1615163397
424,5,5,1616375776
424,171,3,1617530561
424,155,2,1617698548
424,195,4,1617953241
424,93,4,1618481044
424,214,2,1618528905
424,245,3,1618600551
424,54,3,1621869352
424,44,3,1623537262
424,223,2,1624227550
424,132,4,1626471478
424,193,3,1626483764
424,10,4,1627248008
424,227,2,1627448858
424,127,4,1628180862
424,26,3,1628523569
424,59,2,1631014445
424,154,3,1632190077
424,104,4,1634335288
424,75,4,1635555912
424,123,3,1636370080
424,139,3,1636968334
424,188,4,1638964035
424,27,4,1640464986
424,18,4,1641640457
424,191,3,1642407234
424,246,4,1644533168
424,157,3,1646893038
424,25,5,1647183553
424,140,2,1647234094
424,57,5,1647312133
424,221,4,1648365140
424,13,4,1649762188
424,248,3,1649778833
424,80,4,1649830069
424,39,3,1650121208
424,79,4,1651898090
424,194,3,1652715338
424,130,3,1653309405
424,52,2,1653443887
424,111,4,1654657664
424,198,4,1656911266
424,144,2,1658193170
424,53,4,1659470998
424,50,4,1661038397
424,148,4,1662780973
424,190,1,1662973225
424,178,3,1663764102
424,131,2,1665248174
424,173,4,1667489537
424,208,4,1670144147
424,136,4,1670408193
424,4,4,1670907073
424,199,2,1671354306
424,22,2,1671704445
424,112,3,1673071885
424,249,4,1675108035
424,69,4,1676085135
424,100,3,1677333622
424,91,3,1677996537
424,202,4,1680646347
424,102,3,1680799723
424,210,5,1683179875
424,72,4,1685277815
424,175,4,1686182867
424,152,3,1688069409
424,86,1,1689897176
424,206,5,1690117229
424,168,3,1691893789
424,229,3,1692596579
424,2,5,1692684864
424,128,3,1693486870
424,226,4,1693537654
425,148,1,1600004789
425,198,5,1601036813
425,21,3,1603695076
425,24,5,1605497282
425,166,5,1605638387
425,203,2,1608085922
425,93,3,1608856222
425,104,3,1609125340
425,141,3,1609554422
425,59,3,1611383735
425,28,4,1611966041
425,79,4,1614568534
425,25,4,1615331184
425,224,3,1618333002
425,168,5,1618506278
425,43,5,1620445200
425,175,5,1620968500
425,102,2,1623558410
425,240,4,1623696421
425,2,4,1624165639
425,136,4,1625790059
425,206,4,1627116130
425,234,3,1632306509
425,18,3,1636888488
425,20,4,1642073051
425,182,3,1643385078
425,82,3,1643424504
425,39,5,1643768562
425,229,4,1649085976
425,107,3,1652544272
425,27,4,1655632677
425,90,2,1656629940
425,52,5,1658019958
425,54,3,1660222811
425,125,3,1660908125
425,5,5,1661477053
425,30,3,1666398612
425,111,4,1666746834
425,154,5,1668450865
425,225,3,1669018853
425,163,3,1670030350
425,130,2,1675855391
425,61,5,1676383776
425,137,4,1681067578
425,105,5,1681804138
425,221,5,1681927207
425,210,5,1683427580
425,103,2,1683502296
425,232,3,1685734290
425,134,2,1688039048
425,188,3,1688697528
425,150,5,1690311154
425,100,4,1693673553
425,192,4,1694136977
426,168,3,1602915219
426,193,3,1604532016
426,140,3,1605488249
426,61,4,1606397421
426,109,2,1606726114
426,111,2,1608905392
426,16,1,1609305916
426,69,5,1609393819
426,206,5,1611835436
426,216,4,1612548198
426,146,4,1613677516
426,210,4,1614186322
426,50,3,1616452753
426,147,3,1619138605
426,225,4,1620199593
426,14,4,1625017546
426,249,3,1626640407
426,104,5,1626643902
426,247,2,1629633197
426,153,2,1631580959
426,79,3,1632256391
426,160,4,1632680667
426,187,2,1635691310
426,221,3,1637382674
426,246,5,1639517749
426,171,3,1640907158
426,89,5,1641618374
426,5,2,1645590916
426,54,2,1646039212
426,26,2,1646566802
426,196,3,1646944774
426,39,4,1649979074
426,169,4,1650086809
426,189,3,1653154230
426,175,4,1653689070
426,148,4,1655931831
426,65,4,1659920496
426,134,4,1667481486
426,208,3,1668732330
426,188,3,1668805853
426,18,3,1669184475
426,52,2,1672772251
426,28,3,1673454740
426,68,4,1675417336
426,154,3,1677861866
426,136,4,1678780257
426,182,3,1679845990
426,214,4,1680155422
426,93,3,1683869745
426,37,4,1684765525
426,48,2,1684883452
426,27,5,1691184740
426,100,3,1694221478
427,223,3,1600815003
427,173,2,1603294322
427,188,4,1606255106
427,209,3,1606806246
427,250,3,1609723426
427,53,4,1610439143
427,12,2,1612434137
427,47,1,1612954918
427,162,4,1614939753
427,50,3,1617181281
427,13,3,1617203592
427,79,3,1619881562
427,155,2,1620025741
427,249,3,1621836496
427,86,2,1623973969
427,192,3,1626812811
427,24,4,1628107265
427,61,3,1629295385
427,51,3,1631741059
427,230,3,1632266996
427,175,3,1633843998
427,219,3,1635159745
427,100,2,1635325125
427,116,3,1635958413
427,27,5,1638285940
427,2,4,1638399807
427,81,5,1644820428
427,16,1,1645490518
427,199,3,1645938937
427,154,3,1654329968
427,30,4,1655128690
427,113,3,1657775165
427,187,3,1660050367
427,39,4,1660800228
427,157,3,1661461478
427,238,3,1669476043
427,147,2,1671999855
427,153,3,1672400082
427,83,2,1672824233
427,125,3,1673113373
427,206,2,1674782565
427,130,2,1676594123
427,168,4,1678138988
427,65,3,1679828857
427,34,3,1682241708
427,18,3,1683592610
427,191,3,1684793893
427,226,3,1685376629
427,52,3,1685910719
427,107,2,1687834183
427,111,3,1692641034
427,244,2,1693103351
427,246,2,1693360956
427,232,3,1693520782
427,136,3,1694094021
428,207,4,1604026198
428,93,4,1605655116
428,192,2,1606799359
428,79,4,1609241243
428,199,2,1611367950
428,184,3,1614835190
428,130,3,1620372845
428,39,4,1621381934
428,164,5,1621904001
428,154,2,1622584122
428,155,3,1622760211
428,80,4,1623436133
428,236,3,1625267030
428,168,4,1636830037
428,72,4,1640457456
428,188,4,1640758901
428,76,3,1641988903
428,128,4,1642907091
428,102,3,1646453810
428,100,2,1647891668
428,83,3,1647983411
428,55,5,1650640079
428,250,3,1651086405
428,27,4,1653704556
428,174,4,1654608071
428,46,4,1655687627
428,47,2,1657923361
428,137,3,1663770898
428,206,4,1666450221
428,9,4,1670116379
428,160,4,1670617442
428,135,3,1672747033
428,73,4,1673129471
428,53,3,1675149418
428,30,3,1677986159
428,193,4,1683984391
428,175,3,1685989592
428,28,5,1692475682
428,23,2,1693434120
428,123,2,1694462935
429,192,3,1605249191
429,150,3,1608738176
429,180,2,1608831220
429,169,5,1612158200
429,184,3,1616580966
429,21,3,1617412238
429,209,4,1620798674
429,77,3,1625264539
429,160,5,1625829041
429,125,4,1627820313
429,88,3,1628416538
429,145,4,1630439157
429,47,2,1634803818
429,248,2,1635270625
429,85,3,1635343028
429,203,3,1638152846
429,15,3,1642223617
429,236,4,1643735673
429,249,4,1645168644
429,240,4,1648530452
429,165,5,1649646360
429,68,4,1654891716
429,52,3,1655230223
429,154,2,1656078635
429,39,5,1657754817
429,226,4,1658670172
429,20,5,1659591979
429,61,4,1660584110
429,48,2,1663029562
429,116,3,1663741503
429,168,3,1665271975
429,225,3,1665480014
429,140,4,1667524102
429,235,3,1668108185
429,206,4,1668470913
429,234,4,1671718233
429,105,5,1676561548
429,130,2,1677905395
429,99,3,1677951513
429,50,2,1679940457
429,152,2,1685480506
429,5,4,1686327478
429,115,3,1687270388
429,210,5,1688957527
429,148,2,1690828830
429,100,3,1691277439
429,204,4,1691658704
429,188,4,1693473388
429,132,4,1693615493
430,39,4,1601633569
430,100,2,1602681289
430,17,4,1615920549
430,111,4,1635276433
430,44,3,1647602118
430,27,5,1666253614
430,3,2,1669136580
430,152,3,1669901571
430,229,4,1673658188
430,61,5,1674147978
430,175,5,1681675038
430,210,4,1683321558
430,54,3,1687783035
430,236,4,1694182194
431,4,3,1601509527
431,247,3,1606842303
431,138,5,1632411450
431,25,4,1641708725
431,39,5,1671101538
431,5,4,1671477154
431,206,5,1671826191
431,192,3,1674347425
431,34,5,1675151363
431,210,3,1682270124
431,232,3,1683005106
432,175,3,1602273136
432,39,4,1602565567
432,93,2,1604854509
432,3,3,1608405953
432,27,3,1618044173
432,224,4,1620403528
432,145,3,1625103735
432,244,5,1626798000
432,243,2,1628763116
432,128,1,1629198936
432,72,3,1629544980
432,206,3,1629716370
432,54,2,1631061229
432,192,2,1636460494
432,41,4,1636985444
432,220,4,1637118361
432,125,3,1641294555
432,100,5,1641682599
432,97,3,1642784287
432,123,3,1643530830
432,214,2,1643851894
432,87,2,1645602348
432,79,3,1648995132
432,162,4,1650989685
432,88,5,1653374066
432,111,4,1654356562
432,63,3,1654737026
432,188,3,1655051001
432,198,4,1657410842
432,121,4,1662038031
432,235,1,1664316524
432,242,4,1666704977
432,35,4,1671866387
432,170,3,1677058341
432,26,3,1678611034
432,249,5,1679411503
432,61,4,1681331853
432,65,5,1686256307
432,193,2,1687810241
432,168,3,1688773773
433,223,3,1600997762
433,54,3,1603726050
433,143,4,1610004661
433,109,2,1612559440
433,192,3,1612625025
433,123,2,1612693352
433,19,3,1616484516
433,137,4,1616956283
433,100,2,1620044043
433,177,5,1621498200
433,89,3,1624075673
433,101,1,1624296463
433,133,2,1624638851
433,94,4,1624647787
433,242,4,1625566221
433,140,1,1629022482
433,168,3,1630185603
433,79,4,1632348110
433,244,2,1633610670
433,5,3,1634552270
433,59,2,1635670550
433,184,4,1637124451
433,249,3,1637574048
433,55,4,1637998913
433,208,5,1638080581
433,197,2,1640902066
433,10,4,1641436869
433,136,5,1642027675
433,164,2,1644335754
433,131,3,1647119529
433,145,4,1650593066
433,213,3,1652592096
433,57,3,1653015821
433,173,3,1656435331
433,52,3,1656869204
433,23,4,1658134862
433,48,2,1661045726
433,50,4,1661422087
433,154,3,1665703776
433,81,5,1667453736
433,125,3,1667926832
433,198,3,1668664723
433,39,3,1670049100
433,239,3,1671336875
433,132,5,1673260542
433,227,4,1675074698
433,121,3,1680421016
433,18,4,1681683683
433,186,3,1685881023
433,225,4,1687633471
433,170,4,1688092549
433,175,3,1690430841
433,15,3,1690637992
433,25,3,1691379017
433,196,1,1692455506
434,155,4,1600710341
434,94,4,1600825093
434,141,3,1601350584
434,160,3,1601926857
434,145,4,1602080033
434,208,3,1603056407
434,165,4,1603388626
434,154,5,1603850546
434,193,4,1604175839
434,53,4,1607779285
434,69,4,1608086512
434,109,3,1608373898
434,79,3,1610196417
434,39,4,1616004164
434,121,2,1616927433
434,250,3,1617238785
434,225,2,1618439707
434,174,5,1621169353
434,81,5,1622132200
434,136,3,1624072817
434,56,4,1625479690
434,13,4,1626711147
434,188,5,1627569096
434,17,5,1629076039
434,139,5,1632097869
434,50,3,1632396534
434,229,3,1633246612
434,47,3,1635796112
434,150,3,1636513048
434,27,4,1639498775
434,140,3,1641656397
434,182,4,1642895031
434,85,5,1644081706
434,128,2,1644834718
434,54,2,1647626457
434,52,2,1650118228
434,93,5,1650441278
434,125,4,1654078848
434,183,1,1655140710
434,175,3,1655153811
434,152,2,1657151332
434,164,3,1657987515
434,46,3,1659200753
434,210,4,1659315425
434,143,2,1659642784
434,123,4,1660389415
434,190,4,1664857694
434,157,3,1665991471
434,218,4,1666752900
434,199,4,1667139114
434,89,4,1671406943
434,101,3,1671891063
434,249,4,1672771872
434,5,5,1672910705
434,18,5,1673044018
434,100,2,1673220644
434,87,2,1673432328
434,111,5,1680831927
434,130,3,1680914685
434,171,2,1681032257
434,236,3,1682541744
434,206,5,1683157060
434,241,2,1683334869
434,107,3,1686692028
434,105,2,1688205995
434,232,5,1689629261
434,192,2,1690463853
434,180,4,1690812238
434,181,2,1692810264
434,80,2,1693369578
434,15,5,1693914462
435,21,1,1600576338
435,47,1,1601316714
435,132,5,1603725771
435,98,2,1603800653
435,202,4,1604035212
435,192,3,1604068326
435,125,3,1605478131
435,203,3,1609027073
435,77,3,1609262851
435,150,4,1609735434
435,182,5,1610314319
435,133,2,1611612075
435,152,3,1612633612
435,19,2,1613440104
435,50,3,1615336240
435,226,3,1617274853
435,52,5,1617352419
435,9,3,1617820431
435,54,3,1618206377
435,206,2,1618575911
435,154,2,1619593395
435,233,3,1620244840
435,241,2,1620546032
435,100,2,1622462893
435,250,3,1623642759
435,186,3,1625847430
435,48,3,1626857610
435,27,4,1627218932
435,191,2,1631009083
435,232,3,1631992415
435,39,4,1633489276
435,212,3,1634209787
435,87,4,1634348719
435,53,4,1634469004
435,177,4,1635664872
435,32,2,1637288354
435,168,4,1637309156
435,26,3,1639403199
435,86,2,1639424784
435,36,1,1640111640
435,235,4,1640214231
435,13,3,1641774945
435,127,4,1642972072
435,80,4,1643036778
435,30,5,1643773907
435,111,3,1644584921
435,187,3,1644949152
435,110,3,1645852081
435,79,5,1646220270
435,185,5,1647723877
435,104,3,1647976296
435,244,3,1648035880
435,130,2,1648107682
435,225,2,1649022442
435,45,2,1649066751
435,247,2,1650703008
435,56,1,1650911462
435,198,5,1654548031
435,61,4,1656110578
435,88,5,1658295063
435,3,2,1659657922
435,188,4,1661392273
435,2,4,1661616979
435,81,3,1661993307
435,85,3,1662384773
435,14,2,1662814073
435,230,4,1664416538
435,131,2,1665696502
435,190,2,1665940411
435,155,3,1666358570
435,57,3,1666505289
435,123,3,1666691336
435,33,2,1667221626
435,159,2,1667442387
435,107,5,1669156656
435,175,4,1669197540
435,75,3,1671811104
435,139,3,1674155425
435,184,4,1674456191
435,147,2,1675573861
435,18,3,1676647846
435,169,5,1677518913
435,24,4,1678441367
435,15,3,1680076088
435,136,5,1680274229
435,115,2,1681304323
435,93,4,1681903348
435,210,3,1683545703
435,173,4,1684393859
435,183,2,1686120360
435,223,2,1687202055
435,101,2,1689573582
435,5,4,1689686511
435,140,2,1691416877
436,105,2,1600267550
436,202,5,1608070302
436,109,4,1608283701
436,203,2,1608811950
436,169,3,1609114609
436,139,3,1610636990
436,130,3,1611003471
436,85,5,1611311256
436,88,4,1612006488
436,148,4,1612656578
436,185,5,1612873545
436,205,3,1619096371
436,236,3,1619108087
436,42,5,1621306945
436,69,4,1621706012
436,7,3,1624286910
436,5,3,1626333303
436,45,3,1627467747
436,223,2,1627669115
436,39,2,1629436099
436,52,4,1629481252
436,178,1,1630323068
436,232,3,1630945328
436,152,3,1631517821
436,100,2,1632593730
436,173,3,1632751381
436,221,4,1636293841
436,63,2,1636698501
436,101,3,1637078877
436,168,4,1637388002
436,136,5,1638174455
436,175,3,1638597772
436,79,3,1638678987
436,125,3,1639478576
436,65,4,1643365731
436,231,5,1643935047
436,102,3,1644054519
436,89,3,1644995083
436,244,3,1646837733
436,104,2,1647976061
436,141,5,1648099870
436,243,4,1648343847
436,62,1,1648442319
436,226,3,1650894520
436,153,2,1650977257
436,30,4,1651017214
436,233,3,1651124364
436,123,2,1651682070
436,199,2,1653267633
436,225,3,1654053619
436,21,2,1656143023
436,188,4,1658067887
436,78,3,1658461131
436,18,4,1658675078
436,182,4,1660091166
436,193,3,1660201432
436,54,3,1661483601
436,154,5,1665447509
436,206,2,1667125732
436,200,3,1668396009
436,9,5,1668941527
436,34,4,1669327882
436,27,4,1670640057
436,20,4,1673703347
436,208,3,1675139424
436,195,5,1675162451
436,43,5,1675945413
436,127,3,1676145901
436,93,3,1677648935
436,166,3,1677905393
436,160,4,1678301174
436,183,3,1680269256
436,98,3,1681351969
436,13,4,1681863603
436,80,3,1683219109
436,192,5,1684149303
436,46,2,1684370944
436,218,2,1684469698
436,66,4,1684535625
436,196,2,1684624222
436,140,3,1685358025
436,250,4,1686110175
436,210,3,1689124006
436,33,4,1690036599
436,143,3,1692722830
436,50,4,1694390672
437,218,4,1600490500
437,226,2,1603311922
437,48,3,1609394492
437,199,3,1612627827
437,109,3,1614948118
437,147,3,1622046203
437,192,5,1625662978
437,69,4,1625685550
437,130,3,1630016712
437,53,5,1634495404
437,221,3,1636571574
437,225,4,1641835853
437,107,2,1643832796
437,36,1,1646499061
437,146,4,1648344132
437,250,2,1651102429
437,21,2,1653627133
437,4,2,1662148185
437,198,4,1668767937
437,163,2,1670018667
437,94,5,1686263959
437,173,3,1687211061
437,164,3,1694316695
437,39,4,1694320931
438,31,3,1603084847
438,27,4,1603470576
438,145,5,1603513909
438,50,2,1607896352
438,157,1,1610089572
438,136,5,1613361620
438,206,2,1614169988
438,249,4,1623457159
438,18,3,1623629082
438,111,3,1633684633
438,120,2,1643528696
438,153,3,1645359377
438,192,3,1648909608
438,123,4,1654740027
438,180,3,1663818020
438,174,3,1666039526
438,89,3,1667792499
438,223,1,1670392296
438,42,2,1679233214
438,188,4,1679393536
438,39,3,1680609545
438,19,2,1690132064
438,163,2,1690171582
438,175,2,1690653383
439,123,3,1600537297
439,38,3,1602129799
439,188,4,1602443621
439,5,3,1603184318
439,206,3,1603489603
439,125,4,1604598979
439,79,2,1604993514
439,9,2,1605754170
439,47,2,1607655214
439,195,3,1612527585
439,175,2,1613802503
439,15,3,1616296927
439,237,3,1621126618
439,104,3,1621866246
439,211,3,1627409185
439,186,4,1628490891
439,27,3,1633205630
439,244,3,1635175369
439,36,1,1636803941
439,181,1,1637631025
439,85,4,1639671491
439,124,2,1640691827
439,225,4,1642763245
439,62,3,1644069188
439,173,2,1644927992
439,128,2,1645537401
439,18,3,1645698173
439,113,4,1651000524
439,249,3,1651876433
439,93,3,1653542770
439,25,4,1655374044
439,148,3,1656063229
439,155,4,1657422720
439,180,4,1659778391
439,39,4,1662344695
439,111,2,1670468950
439,21,5,1670679917
439,139,3,1671269011
439,221,5,1672113875
439,97,4,1674634250
439,146,3,1677373035
439,235,4,1677947815
439,100,2,1678199483
439,13,3,1680095507
439,160,4,1680369480
439,216,4,1681004779
439,184,2,1686816806
439,33,2,1691038335
439,76,3,1694124918
439,32,4,1694496145
440,220,3,1600540392
440,249,2,1601665543
440,82,3,1601953762
440,124,5,1603034972
440,235,4,1604169039
440,8,2,1604351958
440,130,2,1604427565
440,150,4,1604758728
440,13,1,1606050444
440,100,4,1606484893
440,122,4,1608489441
440,39,3,1608542576
440,223,3,1608643111
440,160,5,1608767105
440,200,3,1609604218
440,168,4,1609706943
440,214,2,1611174900
440,25,3,1611530791
440,30,3,1612387802
440,234,3,1612627317
440,16,2,1613584649
440,145,4,1614727076
440,147,4,1614941466
440,164,3,1615337508
440,174,4,1615658448
440,97,4,1615937835
440,52,3,1616352788
440,19,3,1616667302
440,166,3,1616938504
440,92,3,1617739446
440,207,4,1617921379
440,71,5,1618437756
440,167,3,1619197783
440,232,5,1619358005
440,221,4,1619511709
440,28,5,1620607850
440,212,3,1620811563
440,74,2,1621116595
440,137,4,1622345070
440,14,2,1622947741
440,56,4,1622968363
440,93,5,1623317956
440,5,3,1623630315
440,222,5,1624034533
440,230,2,1624196614
440,238,3,1625205840
440,186,3,1625509020
440,105,3,1626929773
440,141,3,1627471334
440,73,3,1627700299
440,107,3,1627992596
440,246,3,1628337346
440,231,3,1628938244
440,193,4,1629744183
440,4,2,1629923982
440,179,4,1631113762
440,77,4,1631333926
440,129,2,1631742870
440,202,3,1632963690
440,181,2,1634509834
440,140,3,1635015042
440,61,3,1636726268
440,15,3,1636841839
440,226,2,1637689321
440,79,4,1638421179
440,102,2,1639292777
440,204,2,1640787412
440,26,2,1641626219
440,250,4,1642185284
440,34,3,1643929003
440,162,3,1644043849
440,159,1,1644723766
440,33,3,1645141334
440,206,2,1646583754
440,117,5,1646583957
440,241,2,1647450182
440,103,3,1649127708
440,54,3,1650021235
440,27,3,1650118017
440,173,4,1650862800
440,185,4,1651813628
440,201,3,1655274536
440,175,4,1655431455
440,148,3,1656847066
440,94,4,1659066283
440,157,3,1659815499
440,45,3,1660728249
440,110,5,1660803938
440,180,4,1661270914
440,72,3,1662041845
440,120,3,1662696788
440,118,3,1662733740
440,163,2,1663017609
440,151,2,1663080616
440,111,2,1663623574
440,139,3,1664202391
440,225,4,1664532285
440,37,2,1665433466
440,48,2,1665726522
440,208,3,1667026791
440,125,3,1667291560
440,69,4,1667981308
440,81,5,1668288982
440,155,4,1669129663
440,76,3,1669833120
440,83,2,1671416843
440,154,2,1672304891
440,43,3,1672598435
440,44,4,1672610864
440,80,5,1674125850
440,210,2,1675219781
440,192,3,1675904237
440,198,3,1676371380
440,9,3,1677722038
440,127,3,1677750900
440,47,2,1678399917
440,36,2,1678620527
440,229,2,1678837509
440,46,3,1679046307
440,182,4,1679589005
440,86,1,1679900338
440,236,2,1680754468
440,42,4,1680827866
440,68,5,1680873697
440,169,4,1681922064
440,136,3,1682133715
440,62,3,1683286233
440,132,4,1684211636
440,23,3,1684274572
440,55,3,1687706239
440,89,3,1688442312
440,244,5,1689395821
440,188,4,1689709973
440,190,1,1689741229
440,237,4,1689960856
440,123,3,1690127707
440,109,3,1690827280
440,50,4,1691361579
440,104,2,1692270601
440,18,5,1692532593
440,247,2,1693899540
441,173,5,1600519232
441,34,4,1601365827
441,156,3,1602539453
441,164,5,1603573896
441,203,1,1603789756
441,126,4,1606420691
441,47,3,1606898383
441,53,3,1607186177
441,81,4,1610035527
441,13,5,1610315770
441,175,5,1610568411
441,163,3,1611617280
441,123,2,1613767349
441,230,5,1614380299
441,208,3,1614848294
441,26,3,1619451927
441,139,4,1619601302
441,243,3,1620285623
441,152,4,1620376607
441,219,2,1621047491
441,240,5,1622005773
441,69,3,1624254753
441,50,2,1624610744
441,86,2,1624720736
441,185,3,1625717844
441,111,4,1625831408
441,36,3,1629164241
441,43,5,1630024042
441,27,4,1630729356
441,52,5,1632647492
441,79,4,1634000787
441,249,5,1635000555
441,93,4,1636425052
441,145,4,1636436098
441,130,2,1637125241
441,235,4,1637992598
441,181,3,1638318683
441,9,5,1642128022
441,39,5,1643273060
441,229,3,1643479030
441,48,4,1644162823
441,205,3,1644270073
441,136,4,1644829288
441,155,3,1645045957
441,239,5,1646518797
441,171,3,1646693992
441,49,4,1647678109
441,210,4,1648150471
441,33,5,1649619685
441,206,4,1649669288
441,201,3,1649806814
441,132,2,1649956076
441,110,4,1649990575
441,250,3,1650412353
441,115,4,1650682006
441,168,5,1652387618
441,125,4,1653815666
441,160,5,1655244794
441,20,5,1655513851
441,232,2,1655706128
441,104,3,1656202934
441,200,5,1656911071
441,51,4,1656930186
441,5,4,1657290070
441,188,4,1661895498
441,225,2,1662225669
441,236,3,1664902696
441,23,5,1665285412
441,199,2,1665756366
441,70,3,1665870103
441,192,2,1666761256
441,244,4,1668331734
441,10,4,1668626761
441,154,5,1671558160
441,89,3,1673638313
441,24,5,1675525222
441,31,2,1675757122
441,214,2,1676295660
441,2,4,1677219162
441,14,3,1677240529
441,21,2,1677456360
441,72,3,1679645405
441,6,3,1680623835
441,18,5,1680696319
441,247,3,1681392174
441,221,5,1683522514
441,61,5,1683691809
441,109,2,1684799047
441,100,4,1685091111
441,190,3,1690239924
441,124,2,1691141349
441,135,3,1691248437
441,65,5,1691371291
441,234,3,1692405341
442,141,3,1600064716
442,73,3,1600799998
442,136,5,1600806884
442,39,4,1601042089
442,214,3,1602846326
442,225,3,1603014106
442,79,4,1603482220
442,112,3,1603663085
442,166,3,1603705442
442,175,4,1605538877
442,145,5,1607742990
442,130,2,1611069873
442,65,1,1611651963
442,155,1,1612019929
442,247,3,1612266976
442,249,4,1612495173
442,59,3,1613695294
442,230,3,1613773453
442,174,3,1615547483
442,107,2,1617988673
442,152,5,1618046415
442,244,2,1618349857
442,13,4,1620506454
442,35,4,1621300842
442,21,2,1621939556
442,47,2,1624176328
442,74,3,1627032432
442,81,5,1628671359
442,121,5,1629252801
442,203,3,1630300404
442,27,4,1631647424
442,221,2,1631939652
442,250,4,1634881004
442,101,1,1636628247
442,132,4,1637964722
442,14,4,1638091268
442,100,2,1638256183
442,154,4,1639251088
442,134,5,1640420021
442,106,1,1640615042
442,56,4,1641513501
442,93,3,1641574439
442,192,4,1644210344
442,50,4,1644417332
442,124,4,1646466874
442,233,4,1648317226
442,140,2,1648827407
442,30,4,1649290715
442,150,4,1651679379
442,229,3,1651717464
442,120,5,1652153668
442,53,2,1653127113
442,197,3,1653524842
442,188,4,1654745928
442,111,3,1654834546
442,52,3,1655132802
442,18,2,1655470248
442,193,2,1656819566
442,186,4,1657893073
442,173,3,1660094446
442,62,4,1660830331
442,243,4,1662360310
442,102,3,1663196996
442,204,2,1666071266
442,61,4,1666936425
442,16,4,1669187976
442,210,3,1671503810
442,128,4,1673197847
442,198,4,1673521884
442,153,4,1675244375
442,202,5,1677765146
442,151,3,1678344619
442,88,4,1678886345
442,226,3,1681769530
442,46,2,1682606474
442,5,2,1682668195
442,2,5,1682775233
442,206,3,1686578514
442,235,4,1691964949
442,182,4,1692708292
442,123,4,1693088146
443,83,4,1601730503
443,50,1,1608882522
443,111,4,1610777416
443,193,4,1621289608
443,26,2,1623499035
443,214,3,1624476017
443,175,3,1625114004
443,109,2,1625815663
443,240,1,1633782078
443,125,5,1634393061
443,232,2,1638075954
443,206,3,1641999595
443,52,3,1642051991
443,154,4,1642796178
443,196,3,1643444373
443,69,4,1646520475
443,74,3,1646648711
443,127,3,1649141418
443,137,4,1652827262
443,35,2,1655215913
443,123,5,1660311389
443,164,2,1666961583
443,27,4,1670834431
443,72,4,1672539562
443,68,4,1672690548
443,188,4,1682295375
443,225,3,1683015357
443,180,5,1685419261
443,93,5,1690095814
443,192,2,1692180810
444,82,4,1603882098
444,224,5,1612692356
444,104,5,1615800113
444,206,2,1619777711
444,225,2,1623597327
444,204,4,1626412670
444,39,4,1627612353
444,226,3,1627940976
444,184,3,1632779750
444,100,2,1638340087
444,210,3,1645573550
444,167,2,1649907063
444,132,5,1667588117
444,188,4,1670506715
444,79,3,1673149455
444,13,1,1673864360
444,93,5,1675619753
444,123,5,1679613585
444,192,3,1683385323
444,27,4,1686055669
444,76,3,1691266996
444,134,4,1692099047
445,120,2,1600394475
445,61,4,1601193723
445,70,4,1601320833
445,193,2,1601593876
445,140,2,1607065914
445,39,4,1613704702
445,15,3,1613954105
445,131,2,1614908590
445,200,2,1619867021
445,136,4,1621469037
445,6,3,1623878757
445,171,3,1624101742
445,236,2,1625898467
445,5,3,1628444059
445,94,4,1628938545
445,191,2,1636764368
445,85,4,1636922702
445,179,4,1639440651
445,241,3,1640481469
445,26,3,1642493738
445,53,4,1643710139
445,196,4,1643866557
445,230,5,1644641776
445,153,5,1644771450
445,45,2,1644780304
445,168,3,1646833879
445,101,5,1647685397
445,65,3,1650375490
445,137,4,1652642726
445,48,3,1653132433
445,109,3,1653506127
445,209,4,1654147124
445,226,3,1655617169
445,148,3,1656022782
445,111,3,1656052099
445,93,4,1657244497
445,214,4,1658554727
445,117,5,1659272014
445,27,5,1661059891
445,89,5,1662404875
445,13,2,1666177342
445,123,1,1667425942
445,114,1,1669807855
445,188,4,1669817229
445,173,4,1670623272
445,206,4,1671075148
445,184,2,1671767942
445,80,5,1672475024
445,54,3,1673917676
445,154,2,1676594048
445,210,4,1679386323
445,181,5,1679636457
445,223,3,1681282471
445,102,2,1681698538
445,225,3,1683059571
445,52,4,1683133631
445,67,4,1685566740
445,139,3,1688959687
445,175,4,1690091952
445,198,3,1691122781
445,221,2,1691151280
445,237,5,1692342312
445,87,4,1692676044
446,155,2,1610637547
446,199,3,1611095378
446,179,2,1617066673
446,46,3,1627842746
446,188,3,1628302734
446,175,4,1632693634
446,79,3,1633347287
446,126,4,1633896927
446,65,2,1637991597
446,154,2,1640074530
446,182,2,1653071712
446,21,3,1674076389
446,109,4,1675173499
446,216,4,1681963896
446,18,2,1685414118
446,206,4,1686926493
446,232,3,1690374633
446,157,1,1690718213
446,5,5,1693220003
447,182,5,1605023192
447,193,3,1607965075
447,235,3,1610205813
447,125,2,1612797787
447,107,2,1614375878
447,123,4,1625728229
447,130,3,1626005371
447,168,5,1626629609
447,140,3,1628351105
447,180,3,1631793165
447,192,3,1634124406
447,26,2,1638452518
447,52,4,1643402935
447,56,2,1648573798
447,76,3,1649766396
447,206,4,1652788687
447,132,3,1655489502
447,250,4,1657573882
447,93,3,1661459867
447,47,3,1661743689
447,188,3,1665557897
447,249,4,1667054694
447,72,4,1667655883
447,109,3,1668022542
447,210,4,1670373405
447,157,2,1674491276
447,247,3,1675948748
447,2,4,1678230304
447,28,5,1678560698
447,39,3,1681315433
447,74,3,1681976358
447,85,4,1682334102
447,78,3,1689117820
447,79,4,1691658460
448,104,3,1600163985
448,18,3,1601216738
448,154,2,1604525928
448,79,3,1606714763
448,166,3,1608228562
448,78,3,1608785649
448,46,4,1613128974
448,136,4,1614002770
448,250,3,1614919706
448,221,5,1618362307
448,52,4,1619638572
448,37,3,1620836970
448,100,4,1624090163
448,101,2,1634465756
448,148,3,1638554144
448,40,4,1640192405
448,201,2,1640772025
448,39,4,1649173964
448,226,4,1650280183
448,27,4,1654251861
448,36,3,1655510094
448,30,3,1656854419
448,13,1,1658447037
448,249,5,1661312337
448,223,2,1661330434
448,244,4,1663196778
448,175,4,1663993337
448,59,2,1667799359
448,152,2,1675284441
448,168,4,1678376014
448,130,2,1678814406
448,140,5,1683221679
448,72,4,1684029799
448,243,3,1688277752
448,225,3,1690601217
448,43,2,1690883098
449,42,3,1601004917
449,171,3,1601209043
449,40,2,1602274217
449,136,2,1604686457
449,21,4,1605388912
449,38,3,1609052218
449,225,4,1609708291
449,218,3,1610812186
449,97,3,1611451367
449,52,4,1611761223
449,61,4,1613273093
449,154,3,1614663270
449,83,3,1614957262
449,143,3,1615543153
449,18,3,1616781005
449,31,2,1616896005
449,155,4,1616898398
449,102,3,1617250483
449,5,4,1617863807
449,94,4,1620861874
449,76,3,1621207057
449,150,4,1621674062
449,175,3,1624052110
449,79,2,1624632996
449,107,2,1627006813
449,62,3,1627102710
449,167,2,1628901209
449,123,3,1629617871
449,80,3,1634120165
449,237,3,1634145919
449,133,2,1634543840
449,200,3,1634997334
449,137,3,1636281654
449,121,2,1636776096
449,238,2,1637280702
449,85,5,1638171692
449,201,2,1638258094
449,39,4,1638861618
449,169,3,1639566224
449,221,5,1639686441
449,122,3,1640009621
449,89,4,1643697997
449,198,4,1644302254
449,174,3,1647745460
449,93,4,1649329652
449,3,2,1651140642
449,232,2,1653283912
449,249,2,1655190228
449,13,2,1656406961
449,152,2,1659652768
449,22,1,1660863000
449,23,2,1660913602
449,205,3,1663017824
449,185,3,1663932938
449,130,2,1665810843
449,244,4,1666477744
449,188,4,1666801138
449,84,3,1666869836
449,86,2,1667127185
449,250,2,1667873997
449,138,3,1668416846
449,128,2,1668856262
449,177,2,1668923032
449,109,5,1669800388
449,36,2,1669844457
449,241,1,1670929702
449,180,2,1672638842
449,56,4,1673065218
449,46,3,1674049361
449,182,4,1674207797
449,119,3,1674590725
449,212,4,1676023690
449,195,5,1678393889
449,235,4,1681271559
449,54,3,1681565852
449,27,4,1682763611
449,33,3,1683395543
449,144,3,1683523138
449,206,4,1683557876
449,68,3,1687145789
449,157,2,1687250213
449,192,3,1687622699
449,88,5,1688964139
449,160,2,1689784976
449,115,4,1691725928
449,236,2,1692533018
449,140,1,1692868224
449,100,2,1693332116
449,210,4,1693667154
450,138,4,1600050543
450,154,5,1601891880
450,188,4,1603063753
450,192,4,1603662685
450,189,3,1606362563
450,210,2,1609260659
450,109,2,1609717119
450,18,4,1611934446
450,223,2,1617712557
450,64,5,1623760900
450,168,5,1626631572
450,225,3,1627027377
450,206,4,1630226585
450,248,4,1631260796
450,167,3,1631912669
450,187,3,1634138947
450,195,4,1639662542
450,36,3,1649721199
450,111,2,1650046900
450,242,3,1652280414
450,43,5,1656137035
450,100,3,1657651059
450,13,5,1659071734
450,79,5,1659695065
450,177,4,1661288993
450,52,5,1661575038
450,39,5,1664200122
450,139,4,1668518424
450,205,4,1672927232
450,141,3,1684475974
450,27,3,1685245944
450,24,5,1691116262
451,136,3,1616827265
451,5,3,1646918160
451,58,2,1648929250
451,69,4,1662824848
451,154,2,1670499146
451,39,5,1690909526
451,63,3,1691759123
452,195,3,1602607902
452,132,4,1606850807
452,233,4,1607020430
452,157,2,1607097094
452,221,3,1609318004
452,81,3,1612065502
452,175,3,1613711987
452,85,5,1614317163
452,206,2,1614644920
452,125,4,1614713956
452,234,3,1614882165
452,208,3,1615941501
452,2,4,1617101679
452,178,3,1618684504
452,50,2,1622683818
452,193,3,1629335004
452,214,2,1632494237
452,146,3,1633202970
452,182,3,1636865045
452,27,4,1638258489
452,249,5,1638502283
452,111,3,1638726753
452,35,3,1639862205
452,28,3,1642411510
452,181,2,1644695541
452,100,3,1645366701
452,39,4,1650478263
452,91,3,1652675793
452,106,3,1652763003
452,79,3,1652945312
452,200,3,1656537557
452,232,2,1656920769
452,52,4,1659062639
452,24,5,1660007841
452,172,2,1663766131
452,109,4,1663939518
452,171,3,1668350556
452,93,3,1669300121
452,236,3,1670253503
452,136,3,1673066958
452,168,3,1673289824
452,5,5,1677222388
452,3,3,1682226111
452,154,3,1685307116
452,48,3,1689996901
452,174,4,1690068126
452,155,3,1690159679
452,123,4,1690256737
452,18,3,1692727776
453,94,4,1608059195
453,244,4,1608524152
453,85,4,1609802441
453,125,3,1619731069
453,214,2,1621706018
453,185,5,1625393372
453,20,3,1625879874
453,193,4,1632619975
453,175,3,1632891247
453,36,2,1634682055
453,231,5,1635983019
453,154,2,1637897892
453,218,3,1639775121
453,39,2,1641148715
453,188,2,1641377595
453,236,3,1648521590
453,158,2,1652823537
453,136,4,1654945976
453,50,3,1658164450
453,171,3,1659987099
453,137,2,1672527353
453,221,4,1678080228
453,77,3,1685692596
453,107,2,1688405506
453,46,2,1692198509
454,184,3,1601106293
454,132,4,1602838601
454,39,4,1603622213
454,59,3,1607415041
454,140,3,1609922268
454,236,3,1610748059
454,52,4,1613269278
454,152,4,1613641375
454,76,2,1617994824
454,133,2,1621666710
454,81,4,1621950975
454,136,4,1623812532
454,13,3,1624856744
454,18,3,1636192813
454,54,2,1637096786
454,50,4,1639023789
454,5,3,1639910227
454,53,5,1644005530
454,61,2,1645268293
454,192,3,1645787285
454,123,3,1645848226
454,193,3,1646170914
454,115,4,1646226698
454,109,4,1650269666
454,27,3,1654448872
454,175,4,1656225170
454,69,4,1657867887
454,104,3,1664702087
454,93,2,1668110984
454,26,3,1670626857
454,196,3,1676411435
454,145,4,1679998009
454,188,4,1680107759
454,12,2,1682215284
454,79,3,1683248209
454,237,4,1685108613
454,168,4,1685198546
454,157,3,1689223928
454,210,5,1690193064
454,233,4,1690973501
455,46,3,1607769973
455,27,3,1608793936
455,43,3,1610544794
455,247,4,1612799217
455,250,3,1614278374
455,198,3,1616147475
455,18,4,1618744110
455,196,2,1621422188
455,25,5,1623119135
455,150,4,1630108844
455,68,3,1635004331
455,86,1,1635248194
455,89,4,1644374561
455,136,3,1648020381
455,39,5,1650095954
455,35,4,1651094893
455,214,2,1652170103
455,52,3,1652878680
455,193,2,1652884730
455,148,3,1653950902
455,24,3,1654834688
455,125,3,1659922628
455,133,3,1663204066
455,181,2,1669496119
455,232,2,1670350517
455,111,3,1673715942
455,17,4,1674153564
455,100,2,1675766239
455,168,4,1675892179
455,185,2,1678252009
455,80,3,1679534634
455,5,3,1680444793
455,200,4,1691061781
455,87,2,1692592172
455,50,2,1693501947
456,139,2,1602383289
456,65,3,1603953493
456,115,3,1605616454
456,123,3,1607643656
456,225,3,1607823223
456,77,4,1609651038
456,154,3,1611501958
456,109,4,1611772444
456,168,4,1611939185
456,100,3,1614307670
456,185,4,1614568564
456,175,4,1615013617
456,236,2,1617504663
456,136,4,1617513209
456,104,3,1618976192
456,52,3,1621409828
456,242,3,1623853669
456,14,5,1624402843
456,81,4,1627500781
456,46,2,1642148352
456,85,4,1646824490
456,218,2,1653813707
456,27,5,1655142317
456,63,3,1660454780
456,191,3,1668494082
456,196,3,1668595839
456,140,2,1671805053
456,39,4,1672016039
456,50,4,1672951618
456,214,2,1673082837
456,89,3,1673701214
456,232,3,1679637880
456,24,5,1682706829
456,206,3,1683403593
456,98,2,1684198301
456,229,1,1687045233
457,132,4,1602045920
457,229,5,1602338645
457,21,3,1604731783
457,106,2,1606006440
457,39,5,1606764079
457,188,4,1607634525
457,8,3,1608638526
457,2,3,1608960692
457,177,4,1609746867
457,44,3,1611383705
457,100,3,1613809801
457,195,5,1616239432
457,50,3,1616267189
457,196,3,1616937117
457,27,4,1617901271
457,139,5,1619017780
457,218,4,1619102089
457,68,2,1622501956
457,93,3,1622569167
457,241,2,1623093250
457,155,3,1625463519
457,236,2,1627686552
457,175,4,1629784984
457,9,4,1630415284
457,235,3,1631347367
457,210,3,1643303674
457,163,4,1644275540
457,46,1,1644916606
457,206,4,1646684389
457,192,5,1648596930
457,47,3,1648875564
457,184,2,1651764596
457,249,4,1651820634
457,74,3,1656142028
457,130,5,1656221838
457,216,3,1656231372
457,18,4,1657840282
457,85,5,1660714975
457,202,3,1664631015
457,243,3,1665594739
457,250,4,1666256407
457,157,4,1673143606
457,94,5,1676310369
457,137,4,1676994590
457,61,5,1678444012
457,123,3,1678635808
457,198,4,1681917439
457,128,3,1686757792
457,89,4,1691623170
457,56,2,1694079764
458,235,4,1608200757
458,185,4,1621298942
458,244,1,1632345094
458,175,4,1632947920
458,50,4,1633359917
458,182,5,1661691019
458,181,2,1664117054
458,145,3,1690827604
458,39,5,1691461705
459,232,3,1604734461
459,123,3,1606366623
459,21,2,1619508386
459,225,2,1621250686
459,226,4,1622091843
459,79,3,1622234685
459,175,4,1625969942
459,139,2,1629212939
459,44,3,1631685446
459,154,4,1633379390
459,98,2,1635116841
459,195,4,1638906072
459,136,4,1647567064
459,157,3,1648835987
459,50,3,1655541429
459,19,3,1664077037
459,9,2,1665180655
459,188,3,1666392747
459,145,3,1670428061
459,221,3,1687197361
459,39,4,1690340731
459,249,3,1690554235
459,137,4,1691645875
459,76,3,1691713038
459,106,2,1691841230
460,27,3,1600685331
460,68,4,1602363081
460,43,3,1606732544
460,228,3,1614419567
460,4,3,1615987227
460,152,4,1617153076
460,185,5,1619448688
460,247,2,1621800690
460,50,3,1623944333
460,76,2,1624932354
460,225,5,1627832948
460,155,3,1628367795
460,13,2,1628561660
460,125,3,1628961713
460,106,1,1634184445
460,5,2,1637185751
460,52,3,1637189593
460,87,3,1639020062
460,250,2,1639736626
460,100,2,1641869358
460,145,4,1642719547
460,39,4,1645468114
460,167,2,1645814854
460,90,2,1648870303
460,36,1,1648929660
460,123,2,1649744545
460,160,4,1649832305
460,111,4,1651599491
460,15,2,1651981520
460,229,4,1652363033
460,32,3,1654313755
460,21,3,1655668060
460,175,5,1655979579
460,242,2,1657027947
460,66,2,1662007254
460,93,3,1663105937
460,188,2,1663657818
460,198,2,1666423164
460,41,3,1669137852
460,182,4,1673202973
460,24,3,1675523375
460,232,4,1676936260
460,26,3,1678137945
460,249,3,1680391767
460,179,2,1681044666
460,79,3,1681181471
460,71,3,1683163857
460,109,4,1684329660
460,187,2,1684673249
460,54,2,1686786940
460,206,1,1687906670
460,139,2,1688012446
460,140,1,1689448694
460,126,2,1689972501
460,136,4,1692543511
460,137,4,1693046556
461,77,4,1600830719
461,206,1,1601812870
461,123,3,1608161219
461,192,3,1612323699
461,39,4,1618636532
461,59,4,1622221843
461,249,3,1627696645
461,76,2,1629055734
461,175,4,1636376528
461,225,2,1642675130
461,52,3,1644346187
461,152,2,1645382191
461,28,3,1647076048
461,250,3,1647391335
461,5,5,1648081007
461,93,4,1651115605
461,210,5,1653263824
461,92,2,1653948448
461,141,3,1656758965
461,62,3,1668976286
461,131,3,1676422397
461,188,4,1683933008
461,47,2,1693604192
462,193,4,1602722468
462,137,4,1621032103
462,244,3,1621243864
462,111,1,1628159013
462,188,2,1644016167
462,192,4,1645490719
462,108,2,1661328596
462,154,3,1661341906
462,93,4,1666681531
462,178,4,1667633093
462,83,3,1674876229
463,48,2,1601495535
463,47,1,1602951688
463,157,3,1603265210
463,231,3,1604568808
463,46,3,1605240377
463,13,2,1605426770
463,18,3,1605791895
463,8,3,1606884246
463,175,3,1608494885
463,77,5,1609074926
463,136,4,1609682966
463,5,5,1610914374
463,93,4,1613239255
463,108,2,1613769134
463,30,4,1614931832
463,176,2,1615377387
463,244,4,1615687069
463,123,3,1619915128
463,100,2,1620344337
463,190,1,1622218121
463,137,3,1623187182
463,134,5,1626354081
463,34,4,1626728236
463,221,4,1627107619
463,87,2,1627918438
463,154,3,1628161027
463,80,3,1629987705
463,97,2,1632652870
463,9,3,1633936129
463,79,4,1635338024
463,61,4,1640699384
463,59,3,1644651793
463,88,4,1645469452
463,203,2,1647658015
463,140,3,1647848927
463,177,3,1648519194
463,94,4,1649508262
463,236,2,1650277910
463,188,4,1650377789
463,116,2,1650898739
463,21,5,1656499343
463,111,2,1657673075
463,210,4,1661377668
463,27,3,1662253609
463,106,2,1665893697
463,232,3,1673162340
463,107,3,1673837969
463,131,2,1674197424
463,193,2,1677186499
463,168,3,1677519344
463,39,4,1679293394
463,213,3,1680608363
463,109,4,1681235577
463,139,4,1682107591
463,124,3,1682452365
463,153,4,1682472549
463,196,3,1683818735
463,127,3,1684484321
463,192,2,1686666596
463,155,2,1687138182
463,28,4,1692783674
463,133,1,1693897509
463,3,1,1694495285
464,245,3,1601389607
464,214,2,1601512388
464,188,3,1602058673
464,187,2,1602412834
464,202,3,1604151061
464,232,3,1604718021
464,18,4,1605355565
464,5,4,1605853762
464,27,3,1606941110
464,210,2,1607682110
464,116,1,1608108562
464,81,4,1612267686
464,35,4,1612793196
464,160,3,1614056470
464,140,1,1618527834
464,171,2,1618799880
464,109,3,1619005723
464,115,2,1619545312
464,186,3,1622449167
464,101,2,1622846961
464,10,3,1625879122
464,86,1,1626971661
464,39,4,1628084583
464,46,2,1628156779
464,179,3,1630520168
464,136,2,1630989006
464,242,3,1633893176
464,52,3,1636110820
464,199,3,1636409002
464,167,3,1638186176
464,230,4,1638460274
464,192,4,1640106545
464,155,3,1641781747
464,175,5,1645026643
464,241,2,1646944925
464,56,2,1648914641
464,15,2,1649386330
464,70,4,1654657777
464,190,2,1656427540
464,94,2,1657913375
464,124,3,1663822101
464,2,4,1664741808
464,64,3,1666846556
464,130,2,1667167845
464,53,5,1668202505
464,223,3,1670983393
464,50,4,1671172949
464,106,1,1673235882
464,100,2,1674332194
464,125,4,1675840081
464,208,3,1676684391
464,71,2,1677673615
464,127,4,1679863013
464,80,2,1680245186
464,154,3,1680679184
464,221,3,1683025488
464,123,3,1684384037
464,200,4,1684738417
464,139,2,1687030624
464,13,3,1687237837
464,184,3,1687272490
464,195,5,1689893130
464,152,2,1690213278
464,111,4,1691056922
464,85,3,1693157478
464,14,4,1693386666
464,244,3,1693597883
464,250,3,1693684271
464,79,3,1694520315
465,27,5,1600258517
465,79,5,1602924397
465,111,3,1604288272
465,54,3,1604791193
465,130,2,1605721135
465,48,3,1610384276
465,139,2,1610409739
465,53,3,1616055218
465,21,3,1617121410
465,174,3,1618507091
465,226,3,1618549927
465,221,4,1629050187
465,204,4,1630579843
465,39,3,1632767001
465,188,4,1634238371
465,154,4,1640126816
465,157,3,1647408703
465,140,3,1647574942
465,59,2,1650332361
465,68,3,1651793765
465,244,3,1653589166
465,2,5,1659413791
465,93,4,1660649016
465,101,3,1660991724
465,202,4,1665289483
465,146,5,1668117215
465,184,4,1672580549
465,160,4,1673711318
465,182,5,1676304469
465,76,2,1683323594
465,52,4,1691618818
466,39,4,1603688667
466,188,5,1612568924
466,36,5,1613191829
466,79,4,1613462043
466,221,4,1665436596
466,5,5,1673214479
466,140,1,1685161010
466,31,2,1692582555
467,225,3,1602341385
467,50,4,1602458082
467,244,4,1602470445
467,157,4,1602637405
467,249,2,1602743181
467,222,4,1604249837
467,126,4,1605820633
467,58,3,1605842498
467,25,4,1608950956
467,89,4,1611380915
467,68,4,1611650761
467,18,3,1615051233
467,227,4,1615568378
467,246,2,1619533252
467,125,4,1622671485
467,137,4,1622810105
467,127,2,1623183164
467,93,5,1624868851
467,207,3,1628827435
467,236,3,1629187928
467,61,4,1630181224
467,41,4,1631986389
467,210,2,1632865389
467,113,3,1640936791
467,206,2,1641662263
467,229,2,1642124797
467,154,3,1642856237
467,53,4,1645024615
467,134,4,1646749855
467,130,3,1646801571
467,238,4,1649094878
467,182,2,1649195947
467,221,4,1652027103
467,83,2,1653505205
467,164,3,1656529372
467,242,3,1660329880
467,79,4,1662554604
467,232,5,1663822140
467,67,3,1666103615
467,168,4,1666527500
467,52,3,1667383291
467,80,4,1667501383
467,86,1,1671064491
467,240,3,1671219295
467,136,3,1673389973
467,166,3,1674380712
467,27,5,1677145127
467,36,1,1679690482
467,107,2,1679762186
467,128,3,1680892495
467,248,2,1683752071
467,22,3,1684046395
467,26,4,1686458204
467,39,3,1689438929
467,2,4,1689554223
467,9,3,1692873261
468,97,4,1609256294
468,226,3,1622764362
468,18,4,1635486340
468,35,2,1637615710
468,8,4,1646369014
468,175,3,1653964801
468,221,3,1654873805
468,168,3,1655377934
468,188,4,1659518161
468,111,4,1680734242
468,162,4,1680992350
468,22,2,1683954538
468,173,3,1689665452
468,140,2,1691056541
468,202,4,1692409576
468,198,3,1693514900
469,188,5,1601229983
469,182,5,1603338214
469,154,5,1603891396
469,79,4,1606537806
469,18,5,1609340977
469,39,5,1609510845
469,48,4,1623137295
469,155,2,1623585299
469,35,3,1623657105
469,27,4,1623702982
469,111,4,1626199712
469,69,5,1626201578
469,223,3,1626964235
469,187,3,1628473141
469,130,3,1628572675
469,81,3,1630344114
469,178,4,1631961695
469,131,2,1633622944
469,94,5,1633967233
469,193,4,1636371283
469,21,4,1639776708
469,151,3,1642935601
469,92,3,1646193561
469,104,4,1648686456
469,52,4,1651136221
469,60,5,1657422396
469,19,2,1657841046
469,192,3,1657906708
469,225,3,1658526311
469,195,4,1662033112
469,235,4,1662748577
469,184,3,1663359416
469,210,5,1665464519
469,15,4,1668141792
469,168,4,1668331462
469,58,3,1669041492
469,140,4,1669178960
469,56,4,1671253275
469,165,3,1673988160
469,175,3,1677263755
469,4,3,1677305148
469,101,1,1677634160
469,159,2,1678884315
469,206,4,1685539854
469,208,5,1686087581
469,61,5,1686419829
469,236,3,1691010180
469,157,4,1691536331
469,78,3,1694086434
470,80,3,1601724168
470,188,5,1609124692
470,145,5,1614561610
470,192,5,1618315357
470,175,5,1624592187
470,9,5,1628887910
470,39,5,1629202595
470,226,3,1630596542
470,24,5,1636772773
470,101,3,1641948257
470,249,4,1644068917
470,221,3,1647550743
470,123,5,1655954582
470,88,5,1657618509
470,243,5,1663228891
470,149,3,1665568040
470,50,3,1681875570
470,158,5,1690172891
471,100,2,1607802995
471,27,4,1610054551
471,117,4,1631261342
471,214,3,1644323163
471,39,3,1646732316
471,145,4,1652023108
471,13,2,1654161211
471,175,3,1672074798
471,89,3,1680422190
471,36,2,1681951476
471,160,3,1690296384
471,173,3,1691637953
471,79,2,1692515413
472,175,3,1606636860
472,106,1,1611914216
472,29,2,1612639935
472,195,5,1613775403
472,26,3,1615217457
472,81,5,1619120568
472,230,4,1620024185
472,115,2,1624407765
472,125,4,1626950402
472,54,4,1638454082
472,52,3,1644562562
472,56,4,1647118004
472,94,3,1651998697
472,232,4,1653379969
472,249,2,1656933755
472,210,3,1657123856
472,93,5,1657254856
472,144,4,1659891658
472,50,3,1660946781
472,39,4,1663978341
472,140,1,1671023980
472,85,4,1671830706
472,150,3,1671940620
472,13,4,1673595042
472,69,4,1674659129
472,146,4,1679311025
472,188,3,1680292169
472,79,2,1683338258
472,109,4,1688392343
472,168,3,1689335593
472,130,4,1689948931
473,177,3,1606906458
473,59,3,1609199520
473,21,5,1609468420
473,162,3,1613659233
473,188,4,1617477628
473,86,2,1620374471
473,153,2,1622659450
473,192,3,1623144887
473,185,4,1624802702
473,249,2,1632085910
473,190,1,1634276751
473,81,4,1637515269
473,61,4,1637581888
473,243,2,1641581205
473,229,2,1643256118
473,39,4,1645497686
473,123,2,1649632590
473,96,3,1650046505
473,79,5,1659184891
473,175,4,1662132529
473,31,2,1664315758
473,246,2,1664430822
473,25,4,1665524101
473,194,4,1666852121
473,179,3,1666854991
473,141,4,1677251597
473,7,4,1679282376
473,139,3,1681798779
473,5,3,1682204472
473,54,4,1683428786
473,76,2,1685563520
473,125,4,1686065435
473,119,2,1688203111
473,78,3,1689364449
473,9,4,1690793087
473,182,4,1692744353
473,225,3,1694359572
474,231,3,1607849403
474,48,2,1624842240
474,206,3,1625480165
474,188,4,1632620685
474,168,5,1637083233
474,210,3,1648609380
474,18,4,1649957728
474,182,5,1650193460
474,192,2,1653632870
474,247,4,1659643980
474,94,4,1661947644
474,5,3,1679090273
474,79,3,1680186983
474,72,2,1680316157
474,141,3,1684245807
474,39,3,1684424209
474,55,3,1684451961
474,186,3,1685343498
474,63,2,1685622452
474,175,3,1688427238
475,183,5,1600955990
475,9,4,1603731035
475,111,2,1604825288
475,52,3,1607587387
475,210,4,1608386180
475,206,3,1609956494
475,34,3,1610528263
475,100,1,1615246228
475,87,4,1616889736
475,41,5,1617274261
475,27,4,1617443589
475,130,3,1619755152
475,76,4,1622583902
475,223,4,1622727752
475,138,3,1624339247
475,145,3,1625288106
475,5,3,1625414481
475,194,5,1626571032
475,173,4,1626735591
475,50,5,1631155587
475,85,3,1631488458
475,198,3,1636399234
475,201,3,1638352972
475,188,3,1639013222
475,154,2,1642693478
475,174,4,1644613889
475,79,3,1644820027
475,196,3,1645197792
475,182,4,1647930233
475,162,3,1654093011
475,18,5,1655034445
475,181,3,1662141702
475,109,2,1662369765
475,74,2,1663410828
475,249,4,1663912152
475,131,2,1669322893
475,180,3,1670049679
475,39,5,1673548163
475,221,3,1678282969
475,195,4,1680665007
475,225,2,1683875097
475,46,2,1683913547
475,47,3,1685616813
475,241,2,1686527744
475,116,2,1686698256
475,139,3,1688576196
475,69,3,1688632025
475,232,4,1692787347
475,115,4,1692999649
475,93,5,1693401280
475,28,2,1693442850
476,223,3,1602513804
476,210,5,1607882593
476,139,4,1611824653
476,140,2,1612893899
476,235,2,1614384533
476,50,2,1616292258
476,13,3,1621792688
476,225,3,1626341526
476,52,4,1628851580
476,97,4,1633803857
476,2,4,1645610794
476,89,2,1651214160
476,182,3,1653253200
476,93,3,1653811524
476,46,4,1657756029
476,192,3,1664423856
476,70,4,1664513592
476,168,3,1670351981
476,61,4,1670966277
476,18,3,1675150864
476,186,3,1676350292
476,188,4,1678970754
476,203,1,1679440687
476,111,4,1679562744
476,170,2,1682303361
476,231,4,1687525258
476,175,4,1687599544
476,154,2,1688974225
476,244,4,1692601951
477,182,3,1600504551
477,177,4,1603145415
477,188,4,1603769413
477,155,5,1604556093
477,168,3,1606367244
477,209,2,1608924764
477,13,4,1608927245
477,109,3,1609146558
477,5,4,1611089554
477,120,3,1611889513
477,199,2,1612739626
477,61,5,1614451725
477,221,3,1615031283
477,3,3,1615099741
477,137,5,1616991527
477,32,4,1617442887
477,15,3,1620311769
477,79,4,1620329543
477,179,5,1620809890
477,237,3,1621264507
477,76,5,1622508203
477,134,3,1623433883
477,43,3,1624684989
477,195,5,1626227264
477,247,2,1626589353
477,184,3,1628385188
477,119,2,1632597066
477,244,4,1633412133
477,204,4,1633811705
477,151,2,1635211206
477,39,4,1636129033
477,100,4,1637141025
477,178,2,1638541378
477,69,3,1638547808
477,21,2,1640242383
477,37,2,1641482080
477,249,2,1641618431
477,65,3,1643494153
477,232,4,1644438742
477,157,3,1644575133
477,57,4,1647191240
477,48,3,1648869500
477,210,4,1649111694
477,117,5,1649949639
477,208,4,1653672835
477,169,3,1654612602
477,145,3,1655037618
477,225,3,1657187943
477,93,5,1658064825
477,228,3,1659063460
477,192,4,1659529717
477,127,3,1660558505
477,27,4,1660997097
477,63,2,1662724459
477,12,4,1664405551
477,104,3,1666997999
477,56,2,1667692086
477,116,3,1668009800
477,54,4,1669277797
477,154,4,1671469565
477,18,5,1672191762
477,141,2,1672825954
477,144,4,1673352151
477,226,4,1675931217
477,51,3,1679753983
477,198,4,1680914595
477,88,4,1682955332
477,86,2,1683583897
477,50,4,1684067619
477,175,4,1684404198
477,193,3,1685619338
477,122,2,1688229105
477,236,1,1689716083
477,174,2,1691362306
478,168,3,1603293762
478,27,3,1605844294
478,91,3,1607291951
478,79,3,1609878835
478,244,4,1614985415
478,166,5,1616448701
478,162,4,1617075034
478,200,3,1617343423
478,204,2,1623363786
478,66,2,1628440886
478,175,4,1628962252
478,206,4,1629468302
478,71,2,1631332735
478,30,4,1634566085
478,154,3,1636984961
478,210,5,1637398050
478,34,4,1637624063
478,218,3,1641129211
478,93,2,1645167990
478,125,3,1645844089
478,188,4,1650635322
478,232,3,1654021619
478,69,4,1657483878
478,179,3,1659214925
478,136,4,1660489800
478,214,4,1662557043
478,174,3,1663103770
478,139,2,1665583764
478,31,2,1671636073
478,122,5,1676889293
478,50,4,1676974176
478,104,5,1677293380
478,202,5,1679669272
478,128,3,1680693434
478,119,3,1681699702
478,52,3,1683119088
478,171,3,1685665362
478,163,5,1685728716
478,73,3,1686928287
478,39,2,1688965813
478,18,3,1690850369
478,178,5,1691289888
478,85,4,1691482282
478,100,5,1694031908
479,175,4,1600493829
479,164,5,1600855371
479,33,4,1609056866
479,22,2,1612316009
479,2,5,1614884853
479,226,4,1617765446
479,98,2,1618464438
479,53,4,1624442715
479,180,5,1624773556
479,236,2,1625285690
479,182,5,1625300263
479,206,5,1635332810
479,28,4,1638590485
479,50,3,1643830605
479,218,5,1647989482
479,141,2,1648176651
479,104,5,1650999513
479,36,2,1652094468
479,109,3,1656314175
479,18,4,1659982468
479,39,4,1665230881
479,52,4,1676293537
479,123,4,1683128651
479,94,5,1692558557
479,132,4,1694514228
480,223,4,1602630872
480,37,4,1610174484
480,69,4,1611820209
480,232,4,1613342242
480,50,3,1613426253
480,175,3,1616660235
480,26,3,1619771212
480,216,3,1625981108
480,238,4,1629175219
480,225,3,1631388390
480,2,4,1640468333
480,52,3,1644788318
480,130,2,1649406658
480,123,2,1653531335
480,154,3,1657690548
480,132,4,1660080121
480,124,4,1661267557
480,5,3,1662077796
480,7,3,1673253132
480,235,3,1675604729
480,221,3,1676275843
480,210,2,1683213638
480,214,2,1685441820
480,248,3,1692003633
480,13,2,1692789610
481,175,4,1600401220
481,50,3,1602181994
481,210,5,1609127520
481,131,2,1610384448
481,103,2,1614941338
481,169,4,1615740497
481,13,3,1625540771
481,244,4,1639189366
481,229,1,1641796001
481,72,5,1645994774
481,47,3,1663395460
481,190,2,1679741088
481,28,5,1690436154
482,194,4,1600174220
482,21,4,1601366090
482,88,4,1603268786
482,53,5,1604178447
482,38,3,1605799923
482,168,3,1606746203
482,233,4,1606927078
482,109,2,1607238364
482,210,4,1608030561
482,185,4,1615676342
482,208,4,1617069183
482,47,1,1619445356
482,193,3,1630099197
482,1,1,1630863382
482,188,5,1631021343
482,231,4,1633151502
482,76,4,1635621785
482,79,3,1637673783
482,241,2,1639376546
482,13,2,1642754258
482,130,3,1643899501
482,175,5,1646018718
482,235,4,1646441273
482,141,2,1652825048
482,94,4,1653770242
482,27,4,1654389993
482,61,4,1654706840
482,107,3,1659894685
482,18,3,1659917058
482,123,3,1670254872
482,236,2,1674076321
482,139,2,1674913983
482,3,1,1676558739
482,154,3,1677663399
482,89,3,1679891407
482,93,4,1684808645
482,192,4,1686424075
482,199,2,1690964101
482,145,3,1691270100
482,181,2,1692361652
482,28,2,1693845537
482,39,5,1694423850
483,149,1,1600866447
483,249,5,1602941164
483,167,4,1603014028
483,150,5,1613381470
483,85,4,1615832342
483,100,3,1626786212
483,52,4,1630101410
483,174,4,1630610512
483,210,4,1630967792
483,178,3,1633510131
483,175,5,1636996438
483,154,1,1642738031
483,43,4,1642791958
483,123,3,1645677090
483,188,4,1646560234
483,141,3,1654800212
483,111,5,1655097561
483,20,4,1666853170
483,203,2,1670155627
483,34,3,1671804620
483,125,3,1680446890
483,153,2,1683389716
483,103,2,1684217688
483,139,4,1686460571
483,53,4,1688216435
483,208,4,1688795613
483,192,3,1692402910
484,232,4,1601102193
484,20,5,1606367841
484,168,4,1615641049
484,139,3,1622905450
484,79,4,1625501374
484,249,5,1625850119
484,243,4,1629296014
484,195,3,1635778230
484,188,3,1650875726
484,100,4,1655167225
484,109,4,1663370503
484,39,3,1665702981
484,123,2,1673185774
484,225,5,1676737842
484,224,4,1678428822
485,175,5,1613503611
485,168,5,1617603006
485,208,3,1618610036
485,223,2,1622408433
485,52,5,1622707177
485,27,3,1625716151
485,4,2,1626009016
485,39,5,1626729658
485,53,3,1633614250
485,154,5,1640695450
485,221,5,1642769611
485,38,4,1661674903
485,130,2,1664066393
485,2,3,1666092272
485,188,4,1670566391
485,10,5,1675372544
485,210,3,1679433438
485,54,3,1687097534
485,195,5,1689043092
485,13,5,1693971996
486,25,3,1607579650
486,194,5,1608825570
486,154,2,1610552790
486,249,3,1617443797
486,196,3,1623974326
486,13,2,1624024512
486,139,3,1626287389
486,76,2,1627684089
486,157,3,1632777308
486,246,2,1643372259
486,31,2,1647085646
486,192,3,1649749320
486,206,4,1656202260
486,72,4,1660774337
486,21,4,1665138943
486,244,4,1674454472
486,185,3,1677544724
486,93,4,1684106291
486,198,3,1684604091
486,39,5,1686846465
486,140,1,1690605861
486,188,4,1693267737
486,109,3,1693444968
487,66,4,1603394496
487,70,4,1604665733
487,34,2,1604851937
487,232,4,1605003659
487,121,3,1606372426
487,193,4,1607655251
487,104,3,1608212920
487,250,3,1611205649
487,130,2,1612904269
487,100,2,1615135941
487,225,3,1616794909
487,145,4,1617295261
487,175,3,1618556154
487,249,2,1619334304
487,54,3,1620147470
487,27,4,1621395438
487,46,2,1621977722
487,81,5,1623735169
487,97,4,1625017315
487,76,4,1625730124
487,20,3,1626340172
487,107,2,1627113621
487,221,2,1627874425
487,72,3,1628048644
487,138,3,1628510335
487,51,3,1628839434
487,109,2,1629952547
487,186,3,1630326876
487,127,2,1633889884
487,57,3,1633894000
487,140,2,1636176078
487,93,5,1636470465
487,179,5,1637642305
487,222,4,1637777030
487,231,4,1638079555
487,125,3,1638127276
487,135,4,1640954773
487,139,2,1642786376
487,21,3,1643221312
487,241,4,1644688947
487,237,3,1644713929
487,234,3,1645117638
487,160,5,1645978750
487,86,2,1646146627
487,192,3,1646351108
487,235,3,1647006874
487,87,4,1647112013
487,166,4,1647717594
487,102,2,1649134063
487,53,5,1652470641
487,50,5,1653670264
487,17,4,1656609856
487,18,5,1657717593
487,24,4,1658947203
487,182,3,1659269840
487,8,2,1660608397
487,23,2,1661208739
487,13,4,1661584622
487,42,4,1661742410
487,2,5,1662922617
487,226,2,1663635678
487,132,4,1666357472
487,181,4,1666834295
487,184,2,1667697720
487,157,2,1668078797
487,124,2,1669009734
487,123,3,1670928415
487,229,3,1671846564
487,94,4,1673747376
487,155,5,1674235147
487,211,3,1674909457
487,79,3,1675362334
487,141,3,1676425415
487,80,5,1676577583
487,177,3,1676990328
487,33,3,1677527112
487,210,3,1677586207
487,52,4,1678722423
487,242,3,1678911063
487,136,3,1679829518
487,200,3,1681225216
487,43,2,1681656583
487,61,3,1683192500
487,188,3,1683820284
487,196,2,1683974298
487,5,4,1684072510
487,171,3,1686262145
487,128,2,1686511813
487,223,5,1687200432
487,154,3,1688222190
487,39,5,1689931316
487,55,4,1690498088
487,48,3,1690788349
487,137,3,1691775016
487,197,2,1693844337
488,94,5,1603383629
488,125,4,1611749823
488,198,3,1612350320
488,88,3,1615538552
488,187,4,1616906808
488,78,1,1626729749
488,69,3,1629143275
488,168,5,1635335356
488,214,4,1635554297
488,6,2,1636645763
488,117,3,1651174651
488,146,3,1655377345
488,160,4,1655682599
488,52,2,1662943447
488,235,3,1667292610
488,100,3,1669680667
488,123,2,1680936779
488,174,3,1685908176
489,232,4,1605993487
489,68,3,1614003067
489,39,4,1614611409
489,141,3,1642924035
489,5,3,1644177750
489,76,3,1645703985
489,3,2,1652844521
489,192,4,1667970801
489,238,4,1674179829
489,250,4,1676781524
489,93,3,1681488344
489,52,4,1687914116
489,208,3,1692529587
490,223,3,1600731831
490,145,4,1602288741
490,136,4,1602664700
490,110,3,1603855190
490,248,4,1604039260
490,27,4,1605354297
490,130,3,1605752774
490,124,2,1606993152
490,115,4,1607480185
490,155,2,1608654633
490,225,3,1610193451
490,193,3,1610549951
490,218,2,1611636780
490,98,2,1611928695
490,244,4,1612220400
490,34,3,1613222224
490,119,4,1614232239
490,195,4,1616158548
490,48,4,1617231897
490,51,3,1617372033
490,86,1,1618358633
490,82,2,1621138702
490,237,2,1621226242
490,18,4,1623782683
490,118,2,1625899445
490,169,4,1626000028
490,157,3,1626626929
490,241,2,1626707276
490,250,3,1631358224
490,227,3,1631656698
490,94,5,1632218579
490,211,4,1632852875
490,50,4,1635743198
490,175,3,1635934124
490,54,3,1636358783
490,202,3,1638311827
490,100,3,1638905077
490,69,4,1639611397
490,196,3,1640121924
490,3,3,1641558157
490,97,4,1642227158
490,249,5,1644704790
490,93,3,1645631916
490,39,4,1646206109
490,52,4,1647019605
490,109,5,1647614512
490,188,4,1650559737
490,138,4,1651708493
490,219,3,1652103147
490,185,4,1653029390
490,107,4,1653337491
490,210,5,1653852050
490,174,3,1654894960
490,178,5,1655923024
490,187,3,1657446789
490,139,4,1659927239
490,234,3,1661969487
490,236,2,1664326963
490,88,5,1664974053
490,47,2,1665836998
490,190,1,1666508177
490,228,3,1669451128
490,180,3,1670127562
490,205,2,1670181674
490,103,2,1671339501
490,79,5,1672328614
490,154,3,1675968276
490,5,5,1676340184
490,206,4,1677423627
490,2,4,1677556412
490,192,2,1678876458
490,21,3,1679750220
490,133,4,1680785713
490,235,4,1683158180
490,72,3,1685184795
490,221,5,1685763360
490,111,3,1687913569
490,166,3,1688224103
490,13,2,1689349032
490,9,5,1689933274
490,240,5,1692036872
491,7,3,1602165380
491,210,4,1605032367
491,109,2,1605442060
491,216,5,1607363624
491,80,2,1607421092
491,131,2,1608731055
491,176,3,1609372961
491,243,4,1610168207
491,195,3,1614231425
491,249,2,1614891908
491,107,2,1616390834
491,132,3,1617299756
491,232,4,1619188306
491,61,4,1623061270
491,167,3,1626382916
491,137,3,1626449799
491,125,3,1626967074
491,74,2,1630901745
491,163,3,1631157757
491,27,5,1631650671
491,2,3,1632799279
491,194,2,1633496344
491,127,4,1633597741
491,145,4,1635101380
491,123,3,1638208156
491,138,4,1643467569
491,69,5,1644318842
491,64,4,1644586846
491,76,4,1644697370
491,228,1,1645511559
491,46,3,1646060642
491,185,4,1646383913
491,235,3,1648507621
491,5,4,1648982298
491,181,4,1649368078
491,68,4,1649807008
491,153,2,1650608522
491,106,1,1651691749
491,247,2,1653908905
491,136,3,1655538802
491,93,3,1655659648
491,94,5,1656310013
491,192,5,1656596211
491,47,1,1657902091
491,168,3,1659507327
491,227,5,1660090454
491,141,5,1660679928
491,225,4,1660718343
491,117,4,1661700345
491,154,4,1662323133
491,155,3,1664833235
491,104,4,1664965847
491,18,4,1665149764
491,126,2,1665481800
491,52,4,1666346364
491,14,3,1666838589
491,100,3,1666868296
491,111,3,1668142742
491,180,2,1671342259
491,39,4,1674832329
491,130,2,1676231532
491,193,2,1676409139
491,188,3,1677021582
491,182,3,1677640102
491,13,2,1678972770
491,152,2,1680181204
491,206,4,1680845949
491,26,4,1681132719
491,166,2,1682333181
491,102,3,1685000015
491,238,2,1685734813
491,175,4,1687203046
491,234,3,1687206631
491,174,4,1688318477
491,229,2,1690051667
491,77,3,1692646411
491,56,3,1694288064
492,246,3,1603519516
492,33,3,1607002088
492,130,1,1611848325
492,52,5,1616923957
492,210,4,1617222351
492,235,5,1618342440
492,86,2,1624534006
492,201,3,1628462320
492,175,4,1629254395
492,18,3,1631148413
492,108,2,1645939151
492,5,2,1646425873
492,111,2,1651530813
492,226,2,1657023990
492,79,2,1658242553
492,50,4,1664409313
492,243,3,1664551482
492,39,3,1670579831
492,176,5,1673148485
492,199,3,1679183862
492,100,2,1684357664
492,188,2,1685039057
492,165,4,1688602316
492,195,5,1691289257
492,13,4,1693559994
493,224,4,1603423724
493,58,2,1608898848
493,154,3,1609482837
493,192,4,1609810675
493,10,2,1611124717
493,232,2,1621208180
493,226,4,1624746085
493,15,2,1635810474
493,27,3,1637996337
493,5,5,1639522414
493,39,4,1643681559
493,198,3,1651409826
493,208,5,1660176059
493,50,3,1661574501
493,79,2,1663936026
493,59,3,1664856713
493,109,4,1665216512
493,47,1,1674977499
493,184,2,1675623130
493,146,2,1677396456
493,64,4,1677974602
493,61,3,1678911775
493,13,3,1680828123
493,130,2,1682658011
493,175,3,1687951455
493,26,3,1690122449
493,188,4,1691895021
493,86,1,1694275041
494,36,4,1600508003
494,125,3,1603229190
494,109,2,1603301295
494,206,5,1604699340
494,21,4,1605870904
494,204,4,1606510338
494,184,3,1610627505
494,80,5,1613216623
494,200,5,1613373648
494,244,5,1618366184
494,136,3,1619382312
494,250,3,1621472530
494,168,3,1624503248
494,153,3,1627112583
494,141,3,1627400198
494,180,3,1628068985
494,154,5,1629967620
494,138,5,1630431556
494,221,5,1632669359
494,188,3,1632825653
494,216,3,1634129510
494,107,2,1636728803
494,18,4,1640070938
494,24,5,1641737268
494,146,3,1646735528
494,160,3,1647772429
494,139,3,1648253861
494,39,4,1649114298
494,100,3,1649525027
494,50,3,1651543068
494,115,3,1652841789
494,175,4,1654691418
494,79,4,1654741434
494,223,3,1656948393
494,37,4,1658106561
494,94,3,1658335036
494,232,2,1660290954
494,182,4,1660963494
494,186,2,1662481820
494,89,2,1662836456
494,54,3,1663601674
494,210,3,1667338368
494,132,3,1668610549
494,47,3,1670006783
494,249,3,1674362831
494,235,2,1676044613
494,30,2,1677602317
494,13,5,1682767598
494,199,2,1684675493
494,5,3,1684951164
494,225,3,1685557622
494,203,2,1685787259
494,208,3,1687749995
494,93,4,1690285452
494,76,1,1690732801
494,33,3,1692107656
495,168,3,1600793422
495,139,3,1626623663
495,154,3,1640148844
495,39,4,1662239885
495,56,3,1663235513
495,192,4,1689408854
495,249,4,1689532919
496,225,3,1600401178
496,33,3,1607137918
496,157,1,1616307461
496,204,3,1627160697
496,188,4,1636611297
496,146,5,1651765428
496,226,4,1660032783
496,229,2,1665029978
496,174,4,1666187576
496,117,2,1667293650
496,39,4,1675692412
496,123,2,1676306286
496,175,5,1680127553
496,235,3,1690762095
497,243,3,1600596818
497,100,2,1602436775
497,13,3,1605233371
497,106,2,1605733730
497,102,2,1606318972
497,244,4,1617835568
497,121,4,1617997193
497,35,3,1620126944
497,206,3,1624763497
497,143,2,1624928098
497,50,4,1626521526
497,210,3,1630916803
497,19,2,1631666036
497,120,4,1632935071
497,185,4,1634754755
497,190,1,1637764322
497,216,3,1637818903
497,52,4,1638741154
497,175,3,1640995859
497,235,4,1644184921
497,249,4,1645128733
497,188,4,1650688476
497,139,3,1651951681
497,79,2,1658182894
497,53,4,1662042106
497,80,5,1663787740
497,219,2,1666062108
497,174,4,1667382291
497,182,4,1673240260
497,27,5,1674073304
497,39,5,1677386718
497,136,4,1678358763
497,48,3,1679090986
497,24,4,1682858209
497,247,2,1683019891
497,109,3,1688622261
497,192,3,1690915515
497,41,5,1691043859
497,246,3,1692064458
497,125,3,1693485051
497,140,3,1694224862
498,231,4,1600474856
498,85,4,1601299619
498,98,2,1605534544
498,24,3,1609319602
498,113,3,1613068612
498,63,4,1613193253
498,102,4,1614965562
498,216,4,1615312968
498,140,1,1615325465
498,93,5,1616814979
498,76,4,1617980135
498,134,4,1620864719
498,13,2,1621849744
498,157,3,1622362283
498,62,4,1623586432
498,81,5,1624886504
498,14,2,1624905591
498,64,4,1625232846
498,43,4,1626278485
498,221,3,1626661916
498,210,4,1628270630
498,7,2,1629967594
498,27,5,1631620587
498,249,3,1631851523
498,206,2,1632312306
498,109,3,1633133215
498,83,3,1635788060
498,107,3,1635846052
498,236,5,1638545081
498,100,2,1639203605
498,136,5,1640527118
498,123,5,1641501390
498,69,5,1642878033
498,86,1,1644904450
498,175,4,1647296125
498,189,2,1647551857
498,250,4,1651182127
498,219,1,1652779833
498,41,3,1654924687
498,111,2,1655495316
498,38,4,1655693009
498,77,2,1656372837
498,90,5,1656973102
498,198,4,1658212458
498,50,5,1658242787
498,8,2,1658657565
498,218,3,1658878921
498,139,3,1658905082
498,125,4,1660029199
498,115,5,1660574806
498,94,4,1661052294
498,195,5,1663918098
498,110,5,1665640763
498,72,2,1666061544
498,28,4,1666283910
498,155,5,1666625124
498,19,2,1668634704
498,52,2,1670889087
498,232,3,1671263666
498,39,4,1672398551
498,188,4,1672789478
498,182,4,1673458813
498,53,4,1674396541
498,97,4,1675430420
498,225,3,1675942620
498,18,4,1676020305
498,193,5,1676356808
498,207,3,1676631217
498,124,5,1677019824
498,79,5,1678797025
498,148,4,1679618267
498,2,5,1682030652
498,20,2,1682476450
498,120,2,1684153496
498,89,4,1684801901
498,130,3,1685010170
498,164,3,1685734179
498,4,2,1686855030
498,199,3,1688783292
498,171,4,1688966913
498,21,2,1689213421
498,5,3,1689503723
498,192,3,1689591661
498,235,3,1690461855
498,141,2,1690650449
498,243,4,1690876749
498,167,3,1693567079
498,68,4,1694380910
499,15,4,1600281901
499,89,3,1601776914
499,152,3,1604824603
499,170,3,1606093526
499,200,5,1607331758
499,154,2,1610248050
499,27,5,1612023495
499,26,3,1612332733
499,175,4,1616238438
499,46,3,1622921732
499,188,3,1626736746
499,87,4,1631461755
499,5,3,1637167999
499,50,3,1638709174
499,45,4,1641796668
499,225,4,1648464743
499,78,3,1651569443
499,100,2,1657299357
499,138,3,1661707332
499,12,1,1665236931
499,157,1,1676798436
499,18,3,1688501746
499,140,2,1690309344
499,130,3,1692046342
499,39,4,1694306536
500,71,3,1604181106
500,27,4,1614265768
500,142,3,1614443447
500,136,3,1614868686
500,36,2,1620210395
500,223,3,1627198110
500,154,3,1627245172
500,225,4,1627925832
500,182,4,1628200448
500,210,2,1630409569
500,175,3,1632917518
500,235,4,1633905692
500,201,2,1633933042
500,232,3,1637830798
500,218,2,1638086565
500,189,4,1639796801
500,52,3,1642484224
500,116,3,1642673041
500,50,4,1643235565
500,141,4,1645974470
500,86,1,1648357622
500,132,3,1648854356
500,5,4,1651283752
500,123,2,1655093100
500,65,3,1656338021
500,93,3,1656718895
500,47,2,1658701408
500,139,2,1660934157
500,35,2,1664024786
500,124,3,1665333106
500,196,3,1667585931
500,188,3,1667779562
500,145,5,1668580953
500,202,5,1671048796
500,39,3,1671783814
500,101,2,1673144889
500,102,4,1676604599
500,130,4,1676986525
500,153,3,1677140942
500,177,3,1684952608
500,221,3,1686315959
500,57,4,1686495340
500,21,3,1687162517
500,125,2,1693698190
500,174,5,1694595422
501,162,4,1601023208
501,173,4,1602883398
501,26,2,1603584452
501,214,4,1603782485
501,192,5,1605725879
501,154,5,1608056993
501,124,3,1609801705
501,145,4,1610209901
501,153,4,1611027407
501,171,4,1611926891
501,233,3,1612167297
501,107,2,1612193672
501,136,5,1615392797
501,228,2,1615571361
501,211,3,1616246538
501,103,3,1617317410
501,205,4,1617853580
501,219,3,1618349142
501,94,4,1619168356
501,167,4,1621910769
501,195,5,1622152420
501,185,3,1626516554
501,235,5,1626935371
501,104,3,1627403088
501,69,5,1628325205
501,137,5,1628726014
501,213,4,1628773530
501,206,4,1630161802
501,2,5,1632426190
501,140,2,1632636429
501,82,3,1640089060
501,61,4,1640495675
501,207,4,1641460940
501,249,4,1641813783
501,113,2,1643181094
501,79,3,1644219869
501,88,4,1645428280
501,125,3,1647044970
501,210,2,1652273342
501,221,3,1653399854
501,100,3,1658662971
501,80,2,1661294750
501,168,3,1661515376
501,188,4,1662477010
501,139,4,1662795782
501,93,4,1663643619
501,27,4,1666132159
501,241,1,1667641690
501,111,3,1667967730
501,39,3,1668975384
501,89,3,1669220012
501,52,3,1671372848
501,25,4,1671415548
501,24,3,1671424263
501,132,3,1672708155
501,230,4,1672952079
501,196,2,1673300936
501,138,4,1673773430
501,180,2,1675306761
501,179,4,1675398392
501,160,3,1676810498
501,5,4,1677534116
501,155,1,1678516794
501,123,3,1680085204
501,131,3,1680246333
501,50,3,1690628351
501,244,2,1691327668
501,13,3,1691448879
501,250,3,1691532700
501,115,2,1693236461
501,175,3,1694302301
502,200,5,1600043800
502,13,3,1600277914
502,246,3,1600460039
502,155,4,1600757728
502,244,5,1601528307
502,249,4,1602421341
502,91,3,1602494300
502,109,4,1602687979
502,235,3,1602829215
502,100,4,1603055767
502,79,2,1603086847
502,229,3,1603137330
502,10,4,1604090931
502,131,3,1604528852
502,192,2,1604934675
502,223,2,1605667172
502,219,5,1606778276
502,80,3,1608156065
502,39,2,1608359422
502,65,3,1608800278
502,107,3,1609594278
502,203,2,1611201123
502,43,2,1611805194
502,125,4,1612785482
502,41,5,1612883646
502,232,4,1612929686
502,47,1,1613097971
502,145,3,1613102059
502,134,5,1614782563
502,157,2,1615381455
502,53,3,1615821266
502,5,4,1616076597
502,130,2,1617077444
502,81,4,1618640952
502,46,5,1620711546
502,201,2,1621601369
502,124,3,1622223892
502,240,3,1622325936
502,50,3,1624632040
502,85,4,1624975359
502,178,4,1625021741
502,99,2,1625583858
502,15,3,1625977308
502,164,4,1627724081
502,151,4,1628335791
502,93,5,1628716191
502,149,4,1630082541
502,40,2,1631173667
502,118,3,1631237281
502,144,3,1631784020
502,139,2,1631826248
502,132,4,1632023609
502,8,2,1632984447
502,148,2,1634189127
502,127,4,1634618333
502,63,3,1635572691
502,76,3,1636461486
502,182,4,1639311758
502,101,2,1639734275
502,174,3,1640867715
502,51,4,1641244978
502,14,4,1641946457
502,2,4,1643849648
502,154,2,1644782954
502,87,2,1644902890
502,34,2,1645238666
502,183,1,1645581757
502,129,3,1646624171
502,45,3,1647731386
502,141,4,1647973824
502,221,4,1648072389
502,123,3,1648358397
502,27,4,1648415851
502,188,4,1648790264
502,54,3,1649594621
502,214,2,1650581336
502,198,1,1650593851
502,21,5,1651369506
502,116,2,1652401282
502,142,4,1653144545
502,250,3,1653401076
502,206,4,1654568264
502,104,3,1654765179
502,18,3,1654999720
502,133,4,1655142554
502,158,4,1655786395
502,175,5,1656564144
502,105,3,1656899928
502,168,3,1659062634
502,150,4,1659881973
502,17,2,1662321370
502,102,4,1664487045
502,225,3,1668353099
502,197,2,1668373498
502,218,2,1669709842
502,89,3,1672499790
502,19,4,1672703393
502,179,3,1673294273
502,210,5,1673769191
502,238,3,1674058802
502,52,3,1675811949
502,9,4,1677391259
502,196,2,1678391368
502,208,4,1678737703
502,160,5,1679017486
502,32,3,1679226585
502,94,5,1679400277
502,180,4,1679798404
502,97,3,1680865464
502,48,4,1682698936
502,236,2,1683471403
502,140,4,1685152728
502,242,4,1685288248
502,136,5,1686174993
502,98,2,1686414967
502,31,2,1686755084
502,166,3,1686932347
502,30,4,1688734175
502,247,4,1689856265
502,173,4,1689876100
502,195,3,1690203611
502,72,5,1690364048
502,61,4,1691967132
502,163,3,1692756688
502,26,3,1692775914
503,4,2,1602555550
503,227,3,1607467274
503,196,2,1612425250
503,188,3,1614355213
503,116,2,1615573207
503,175,3,1617360671
503,79,3,1619123651
503,96,3,1622724226
503,5,3,1626071064
503,135,3,1626108861
503,184,2,1627210705
503,241,1,1629237719
503,48,3,1629423580
503,205,2,1629871671
503,102,4,1629953018
503,225,3,1637631208
503,85,5,1638335609
503,27,4,1641223076
503,208,3,1641649547
503,14,3,1643783450
503,195,3,1643878685
503,69,4,1644901932
503,104,4,1645017618
503,148,2,1664343525
503,206,2,1665875228
503,50,3,1666986607
503,93,4,1669156268
503,39,4,1673920915
503,76,2,1673940797
503,65,4,1674757784
503,209,4,1677877830
503,18,4,1678250356
503,154,3,1678471261
503,250,4,1680721586
503,139,2,1681251829
503,125,4,1685955325
503,185,3,1689239842
504,123,4,1605256581
504,94,5,1607192969
504,154,3,1610208364
504,2,3,1612313084
504,30,3,1612401466
504,50,3,1617604050
504,214,4,1618062658
504,27,5,1618518928
504,180,3,1619387505
504,109,3,1621236062
504,185,4,1621725251
504,18,2,1622874605
504,83,4,1630606567
504,31,2,1632599297
504,41,4,1633511785
504,168,3,1640026574
504,236,4,1640584824
504,79,5,1641877173
504,184,2,1651500240
504,175,4,1652636334
504,146,4,1655497187
504,36,1,1656671500
504,103,2,1657731710
504,225,3,1660319851
504,39,4,1660738648
504,21,4,1663897435
504,61,4,1665465971
504,122,3,1667869985
504,192,5,1671051095
504,244,3,1675295519
504,196,4,1676512664
504,5,4,1684122462
504,188,2,1685019534
504,199,3,1685262870
504,183,2,1690881374
504,182,3,1693597229
505,168,3,1602066077
505,3,2,1604296378
505,76,4,1605118859
505,250,3,1605478300
505,19,4,1605963692
505,140,1,1606708479
505,5,2,1609680200
505,65,3,1610618850
505,89,3,1611768057
505,238,4,1612088270
505,193,5,1612648427
505,223,5,1614379888
505,10,4,1614929555
505,175,3,1616505952
505,186,5,1617625017
505,94,4,1617752445
505,79,2,1620289552
505,210,3,1621033013
505,136,5,1621170610
505,53,3,1623168090
505,153,5,1623474957
505,150,3,1623890452
505,145,5,1626754459
505,32,4,1627325953
505,27,4,1627353935
505,229,3,1628809980
505,208,3,1629502037
505,214,3,1630875284
505,249,3,1631193515
505,196,4,1631370891
505,201,2,1631997900
505,167,4,1633055725
505,184,2,1634146627
505,85,5,1634428441
505,50,5,1635428009
505,174,4,1637084590
505,93,4,1637562902
505,225,1,1642236809
505,155,4,1642481386
505,45,3,1642695260
505,199,4,1642760081
505,160,5,1643308905
505,192,3,1645798165
505,232,4,1646133504
505,68,3,1646709855
505,31,3,1646723572
505,123,3,1647439567
505,216,3,1647866783
505,47,3,1648594846
505,132,3,1649024072
505,2,4,1650036456
505,243,2,1650314529
505,111,3,1650710825
505,6,4,1651199214
505,63,4,1651736680
505,157,2,1653989282
505,39,2,1654429407
505,209,4,1655172391
505,206,2,1655353016
505,125,4,1655518645
505,233,5,1656389975
505,13,3,1656793955
505,18,4,1657793809
505,189,4,1657963185
505,171,4,1658836323
505,62,5,1659240225
505,164,2,1660982456
505,52,3,1661620050
505,198,5,1662032576
505,237,3,1662890171
505,88,5,1663057044
505,25,4,1663189602
505,234,3,1664462042
505,190,2,1664568286
505,24,5,1664702737
505,127,4,1664721212
505,21,3,1666526944
505,103,3,1668375492
505,109,3,1668400882
505,61,4,1668718883
505,236,2,1669673199
505,246,3,1669758797
505,83,3,1669977843
505,77,4,1674587528
505,7,3,1675122759
505,41,4,1676768582
505,130,2,1677083620
505,105,2,1677121925
505,182,5,1678443840
505,221,3,1678845586
505,98,4,1679085856
505,154,5,1679835389
505,226,3,1679981014
505,54,4,1680006691
505,235,5,1680578415
505,244,5,1681221123
505,139,3,1682224469
505,116,3,1682468113
505,177,4,1684949574
505,57,5,1685210805
505,20,4,1687758242
505,100,2,1688190034
505,188,3,1690106367
505,138,5,1690434026
505,80,5,1692206693
505,104,3,1692721565
505,110,5,1693405967
505,26,2,1694170395
506,139,3,1607161774
506,146,4,1613741431
506,229,4,1640376057
506,50,4,1642886081
506,101,2,1651681428
506,249,5,1655765335
506,206,4,1658627231
506,85,4,1658674534
506,175,4,1661518054
506,39,3,1662401740
506,244,5,1666194964
506,58,2,1668648686
506,119,5,1670559064
506,171,3,1674234799
506,61,5,1674477550
506,182,3,1690216417
507,169,4,1602598892
507,164,4,1603720605
507,249,3,1605104445
507,79,3,1605710799
507,27,5,1610464104
507,186,2,1610987948
507,88,5,1612438338
507,193,3,1613352820
507,51,3,1615964825
507,177,1,1619759744
507,195,2,1621819663
507,161,3,1621913535
507,152,3,1622761879
507,58,1,1624637535
507,247,3,1624710693
507,182,4,1625008852
507,116,2,1625743418
507,130,3,1627133338
507,31,2,1630083242
507,4,2,1630359584
507,127,3,1630996769
507,33,4,1631471649
507,175,5,1632554199
507,154,2,1635968246
507,170,3,1639747548
507,237,5,1642483966
507,173,4,1645004410
507,52,5,1646395637
507,9,4,1647102095
507,121,5,1647164011
507,125,4,1647568547
507,145,4,1648522958
507,147,2,1649192521
507,226,1,1650124354
507,46,3,1652890699
507,190,1,1653062619
507,123,3,1653365518
507,5,4,1656644238
507,206,5,1657217315
507,69,4,1657452958
507,48,2,1659472884
507,47,1,1659667356
507,202,4,1660978016
507,18,3,1661246840
507,140,2,1664549070
507,100,3,1664703954
507,39,3,1665188436
507,94,5,1666079195
507,55,3,1667323201
507,192,4,1667912597
507,137,2,1668352156
507,136,4,1668386746
507,81,5,1668427469
507,117,2,1668667368
507,50,3,1670404775
507,196,3,1670654232
507,159,4,1672256642
507,138,5,1672402423
507,111,2,1674679105
507,188,3,1676253517
507,139,3,1677207484
507,87,2,1682664556
507,200,5,1683710808
507,243,5,1683958383
507,24,3,1685544281
507,230,4,1687149175
507,250,3,1690370022
507,36,2,1691512093
507,61,5,1691527612
507,132,4,1692424080
507,232,3,1692871899
507,221,3,1693405701
507,163,2,1694255665
508,99,3,1601387121
508,54,5,1616532790
508,159,3,1616837450
508,157,3,1619065414
508,102,2,1624978888
508,39,5,1625359878
508,192,5,1635599964
508,204,2,1638405457
508,69,5,1640149031
508,5,2,1642379967
508,79,3,1643722788
508,236,2,1646330526
508,27,3,1647144421
508,113,3,1648176645
508,234,4,1659257014
508,175,5,1659791312
508,136,5,1663768643
508,165,3,1663993167
508,100,2,1669782174
508,143,2,1671510647
508,173,4,1671715904
508,210,2,1677062866
508,13,4,1679867112
508,114,3,1685278267
508,188,4,1685550492
508,53,3,1686561364
508,111,2,1688546898
508,50,3,1689409316
508,195,5,1690100100
508,18,4,1691391584
509,225,4,1602619070
509,201,4,1608280675
509,218,5,1609396403
509,100,2,1610371609
509,50,4,1615434735
509,41,3,1626214284
509,184,2,1626407932
509,132,3,1626745023
509,248,3,1629876976
509,175,5,1632844258
509,232,5,1634689180
509,3,3,1635651976
509,141,2,1637324958
509,79,1,1638571762
509,226,3,1641725803
509,237,5,1649783487
509,250,5,1649954469
509,188,2,1652421845
509,224,2,1656408556
509,42,5,1656654133
509,160,4,1658363411
509,47,4,1658743900
509,39,5,1661697034
509,27,5,1665276170
509,182,5,1667668154
509,196,4,1668703523
509,46,3,1669683298
509,244,5,1673535889
509,145,3,1679973189
509,93,5,1682412596
509,210,4,1686453336
509,206,3,1688815058
509,34,3,1690528902
509,80,5,1691024018
509,130,3,1691106521
509,134,4,1694042941
510,21,4,1600255010
510,2,4,1604808346
510,175,4,1605892288
510,25,3,1610204986
510,123,3,1611926365
510,169,5,1612260473
510,18,4,1617043202
510,134,4,1618948405
510,109,4,1619737802
510,26,2,1621099743
510,110,4,1630312298
510,249,3,1633060478
510,166,4,1639029710
510,243,3,1644505508
510,140,1,1645384820
510,61,3,1650637474
510,149,3,1652185632
510,93,5,1656561342
510,206,4,1661663047
510,74,2,1662346042
510,39,4,1663663214
510,83,3,1664792033
510,224,4,1670372611
510,52,3,1671746812
510,36,2,1675692592
510,85,4,1679661901
510,221,3,1684326158
510,159,3,1685637513
510,244,2,1686814154
510,81,4,1687709785
510,168,3,1690199547
510,130,2,1692037157
510,125,3,1693053005
511,123,4,1601765856
511,21,5,1603863538
511,106,1,1612080295
511,18,5,1620699351
511,41,4,1620817340
511,150,2,1620827990
511,187,2,1624436683
511,188,5,1626187380
511,102,2,1628346565
511,111,5,1652674259
511,171,3,1656807435
511,184,4,1658462121
511,250,3,1664889204
511,214,3,1666748392
511,226,3,1668310957
511,208,4,1677845076
511,69,5,1684109293
511,85,4,1686459952
511,52,2,1693879416
512,64,3,1607381292
512,174,4,1610226330
512,100,2,1612004345
512,184,4,1615860582
512,124,4,1616878634
512,5,2,1622867202
512,137,3,1624003477
512,3,1,1629619927
512,188,3,1630356212
512,234,4,1630574649
512,206,2,1647298424
512,202,4,1650380293
512,136,5,1658133576
512,166,3,1663593564
512,39,4,1674650194
512,80,3,1675903339
512,246,3,1680074259
512,21,3,1680292866
512,225,2,1683157762
512,155,2,1690146482
513,100,2,1601038273
513,137,3,1601376547
513,8,2,1601586582
513,149,1,1601885014
513,39,3,1604657421
513,28,4,1604825963
513,43,4,1605417903
513,29,4,1606854136
513,210,4,1607925780
513,209,4,1613362534
513,13,3,1613398546
513,27,5,1614349848
513,93,5,1616662977
513,47,4,1617243037
513,105,3,1617946513
513,175,4,1619382526
513,15,5,1620090581
513,20,4,1624716470
513,50,3,1627454400
513,79,3,1628450316
513,18,4,1628514328
513,221,2,1628937140
513,85,4,1630179604
513,5,4,1634731796
513,249,4,1638106541
513,140,2,1645798516
513,190,4,1645991421
513,213,3,1647726035
513,37,3,1649731183
513,236,2,1650548387
513,154,5,1653176152
513,40,3,1654902101
513,232,4,1657819346
513,101,3,1662702586
513,158,4,1664348085
513,184,3,1669416634
513,1,5,1670132663
513,72,3,1670416950
513,94,5,1670663058
513,198,2,1673529763
513,104,5,1675731023
513,247,1,1676653873
513,228,2,1678088222
513,48,5,1678693842
513,155,2,1679522685
513,152,3,1683719532
513,193,5,1686115702
513,243,5,1686175175
513,157,5,1686954206
513,176,3,1688140798
513,234,5,1688280012
513,227,3,1689915335
513,21,4,1691342631
513,219,1,1693793715
514,179,2,1601482255
514,210,3,1601995017
514,168,3,1602310708
514,186,4,1603346909
514,170,4,1603435765
514,115,3,1605095288
514,160,3,1607633676
514,140,1,1608110475
514,35,2,1611934563
514,79,5,1612007399
514,182,5,1613349469
514,218,2,1613832484
514,185,4,1613890399
514,75,2,1615020959
514,123,4,1617911983
514,130,1,1618422674
514,27,5,1618656028
514,225,3,1618873087
514,209,3,1619692224
514,89,4,1620912129
514,249,3,1623128447
514,110,4,1623343274
514,235,2,1625424971
514,118,3,1625758695
514,153,2,1627786420
514,26,3,1629341234
514,65,4,1629711420
514,18,3,1629744477
514,48,4,1632247580
514,104,3,1633664210
514,167,3,1634469636
514,138,3,1635783890
514,164,1,1635965010
514,146,5,1636842279
514,36,2,1638109734
514,192,3,1638776589
514,12,2,1643489908
514,111,3,1645985425
514,214,2,1647091303
514,5,3,1647686221
514,166,3,1647739444
514,122,3,1648488236
514,81,3,1650524382
514,232,4,1653889391
514,237,3,1654155131
514,47,1,1655629682
514,127,4,1655696074
514,117,2,1658072640
514,39,5,1660960218
514,175,2,1661186112
514,231,4,1662992844
514,174,2,1665024297
514,109,2,1667736884
514,33,3,1669663120
514,61,3,1670805345
514,141,2,1670847729
514,132,4,1671316629
514,21,3,1673291460
514,80,2,1673866634
514,134,5,1674831190
514,93,3,1675865251
514,46,3,1676376780
514,221,3,1677500383
514,85,4,1679509719
514,190,1,1681912609
514,250,4,1683331154
514,154,3,1684354832
514,121,4,1686850880
514,50,3,1687347309
514,188,4,1689068511
514,229,2,1689382888
514,100,2,1690076434
514,184,4,1692521241
514,223,2,1693677040
514,203,1,1694359662
515,46,2,1601594567
515,50,3,1608911037
515,115,4,1615614171
515,168,4,1615928675
515,123,4,1618670987
515,230,2,1618808163
515,5,2,1623162128
515,224,3,1626079133
515,175,4,1628326905
515,105,2,1628469796
515,139,3,1636882742
515,18,3,1639024911
515,32,2,1639298478
515,100,3,1639431610
515,125,4,1648903249
515,137,3,1649397922
515,86,1,1649591036
515,247,1,1653493607
515,232,3,1654325102
515,150,5,1654823783
515,206,3,1655476869
515,2,4,1655658847
515,36,2,1666739860
515,153,2,1670910405
515,235,3,1672887713
515,39,3,1674300212
515,79,4,1677871639
515,244,2,1678504169
515,221,3,1689806516
515,154,3,1690931497
515,65,4,1692525243
515,169,4,1692703382
515,188,3,1693316047
516,128,4,1609606282
516,111,2,1612946216
516,130,3,1616589218
516,229,2,1618574228
516,174,4,1619181492
516,104,3,1620862961
516,50,5,1622296192
516,27,3,1624113714
516,230,3,1624407897
516,89,3,1627504931
516,243,3,1629809412
516,109,3,1631527589
516,192,4,1633282443
516,53,3,1635789450
516,41,5,1638398623
516,88,5,1642352246
516,76,4,1643779539
516,154,5,1645332047
516,39,4,1646045356
516,105,3,1646282476
516,35,4,1657184788
516,225,3,1658002015
516,54,3,1666730320
516,213,2,1669215688
516,125,4,1670117563
516,23,3,1671257842
516,214,3,1678834248
516,244,4,1680519075
516,114,3,1680539436
516,220,3,1681468991
516,152,2,1681681839
516,110,5,1682143238
516,18,4,1688367116
516,85,4,1692032549
517,157,1,1600749650
517,102,4,1604241869
517,50,3,1604329648
517,109,5,1606818590
517,148,1,1607993955
517,127,4,1608107465
517,39,3,1614159022
517,94,4,1616167830
517,75,4,1616495929
517,35,3,1617444577
517,133,2,1619951993
517,80,3,1620709322
517,9,3,1621791200
517,2,4,1624688177
517,202,3,1625663583
517,111,3,1626164626
517,125,3,1626339897
517,47,1,1627581409
517,100,1,1631322396
517,56,3,1636699947
517,188,4,1637355775
517,130,3,1639072662
517,136,4,1639396412
517,153,3,1641518203
517,101,2,1641734032
517,27,5,1642398644
517,183,2,1644401027
517,225,1,1644528479
517,182,3,1644995631
517,185,4,1645378990
517,110,3,1646632576
517,196,3,1648055146
517,192,3,1649192284
517,160,3,1649640248
517,5,2,1650477717
517,227,4,1655607218
517,154,3,1659755455
517,18,4,1660371182
517,249,4,1663478855
517,179,4,1664589545
517,175,4,1665204033
517,223,2,1666313691
517,247,3,1671105022
517,236,3,1676519358
517,146,3,1676940245
517,13,2,1677179795
517,250,2,1685435030
517,48,3,1692099255
517,132,4,1692409100
517,206,2,1693986956
518,152,5,1601898050
518,235,3,1610372950
518,139,5,1624537016
518,169,3,1625052674
518,148,3,1634757297
518,234,3,1635317040
518,52,4,1645529389
518,79,5,1649470978
518,200,4,1651901792
518,189,3,1656364649
518,57,4,1668472463
518,56,2,1670179691
518,100,2,1671413633
518,39,3,1678085662
518,192,3,1678169103
518,206,3,1679216507
518,175,5,1683129996
518,211,3,1685592939
518,53,4,1687283862
518,117,2,1692436739
519,209,4,1607423284
519,13,2,1607564000
519,52,4,1608252012
519,247,3,1608404504
519,130,3,1609188485
519,203,1,1609248157
519,120,2,1611501366
519,232,3,1612010246
519,136,3,1613774803
519,210,5,1616597384
519,106,3,1617725296
519,21,4,1619061808
519,31,2,1619856029
519,175,3,1620370805
519,85,5,1620840982
519,225,3,1621771232
519,195,4,1621783671
519,56,5,1624940843
519,78,3,1625100906
519,246,4,1626319977
519,123,3,1628357710
519,241,2,1629637873
519,103,4,1629684511
519,81,3,1631039813
519,111,4,1633549537
519,188,5,1633576046
519,27,5,1640895062
519,219,1,1641671984
519,125,4,1645333582
519,190,4,1646129313
519,39,4,1647777601
519,115,3,1648294185
519,5,5,1649020678
519,206,3,1649982621
519,192,2,1650285811
519,182,5,1652401046
519,104,5,1652842687
519,179,5,1654219539
519,33,3,1654923368
519,93,5,1660259644
519,100,3,1662815226
519,50,2,1663211768
519,83,4,1667865427
519,146,1,1668993468
519,7,5,1671831043
519,162,3,1672193052
519,243,5,1672514787
519,184,4,1676584189
519,178,5,1676833705
519,154,3,1678169171
519,70,4,1679338124
519,89,3,1681289320
519,200,5,1681892198
519,139,4,1683210910
519,155,2,1683651584
519,2,5,1686484544
519,109,5,1689761138
519,28,3,1690525711
519,47,2,1691804112
520,100,2,1601308102
520,72,2,1602091972
520,125,3,1602962243
520,188,2,1603456727
520,192,3,1608100462
520,194,3,1608219810
520,244,4,1608313229
520,178,2,1608511721
520,50,2,1608858007
520,89,4,1610465683
520,79,5,1611522412
520,69,4,1613051085
520,21,2,1614155476
520,133,1,1615056756
520,236,2,1617045628
520,214,1,1618261696
520,52,4,1620551030
520,168,4,1620594394
520,175,4,1621349337
520,42,3,1623389733
520,173,5,1623459724
520,28,4,1624208032
520,19,3,1624680264
520,77,4,1625270736
520,130,2,1627531661
520,231,5,1630012015
520,221,4,1631143311
520,225,2,1632529028
520,210,4,1633417837
520,44,4,1638028245
520,166,4,1638500965
520,76,2,1639844565
520,206,4,1640942270
520,85,5,1643865262
520,59,4,1645113021
520,93,5,1645126909
520,97,4,1647482133
520,154,3,1650538124
520,16,1,1650588158
520,65,4,1651062172
520,39,5,1653870352
520,184,3,1654918869
520,249,2,1659386105
520,61,5,1660043137
520,247,2,1660203600
520,246,2,1663038851
520,53,4,1663796823
520,18,4,1664181357
520,224,3,1664288207
520,202,4,1665874575
520,48,3,1666951424
520,142,3,1668148266
520,27,5,1674550349
520,181,2,1674647047
520,148,2,1675073842
520,155,3,1677094472
520,233,5,1679752250
520,12,2,1680395322
520,5,3,1681400495
520,132,3,1687796309
520,111,3,1689478085
520,145,4,1692733501
520,186,4,1693073581
521,234,4,1600716214
521,249,5,1600813366
521,196,3,1600938247
521,46,3,1601032074
521,231,4,1601355978
521,160,5,1601673502
521,88,4,1603227947
521,85,4,1604657607
521,238,3,1604688844
521,25,4,1605663986
521,23,4,1606351546
521,195,5,1606421506
521,2,3,1608318771
521,218,3,1609621710
521,53,3,1609883694
521,79,5,1610038204
521,203,2,1610218122
521,219,3,1610843048
521,225,3,1611051254
521,154,2,1611926050
521,26,2,1612311552
521,69,5,1612438632
521,209,2,1612460570
521,126,4,1612597731
521,57,5,1614236189
521,10,4,1615283044
521,72,3,1615848081
521,127,5,1616137416
521,207,2,1617353534
521,223,3,1617749601
521,188,4,1618066741
521,107,3,1618407260
521,168,4,1618589990
521,235,3,1620068091
521,102,2,1620337971
521,133,5,1621395179
521,76,2,1621441494
521,120,4,1623250836
521,175,2,1625506184
521,14,4,1625794935
521,9,4,1626548299
521,179,3,1626776851
521,15,4,1627067910
521,152,3,1627284069
521,80,3,1627626132
521,68,3,1627742560
521,12,2,1628265920
521,141,3,1630030731
521,144,3,1630149255
521,247,4,1630804300
521,174,4,1631456409
521,210,4,1635773159
521,43,5,1636496508
521,134,3,1636644299
521,184,5,1637041509
521,250,3,1637095732
521,30,5,1637306528
521,125,4,1637309670
521,18,3,1638770761
521,109,3,1639008826
521,229,3,1639734245
521,148,3,1640434868
521,206,4,1640684399
521,183,2,1641763524
521,236,4,1642048048
521,89,5,1642256704
521,211,4,1643030999
521,32,4,1643562853
521,243,3,1643817991
521,153,2,1644117072
521,140,3,1645038092
521,21,2,1645114134
521,54,4,1645519421
521,212,4,1646095021
521,113,2,1646109411
521,202,4,1648025801
521,52,3,1649239790
521,115,3,1649489987
521,93,3,1649507040
521,7,4,1650097798
521,138,4,1650606133
521,132,4,1651678426
521,39,5,1652743404
521,214,3,1654013379
521,104,2,1654304059
521,114,4,1654790563
521,111,5,1655207719
521,136,5,1655420470
521,34,3,1655590878
521,232,3,1656854285
521,3,3,1656967812
521,70,4,1657168022
521,173,4,1657287510
521,16,3,1658475146
521,58,3,1659954179
521,19,4,1659976200
521,190,1,1660964573
521,13,2,1662647513
521,130,3,1662978662
521,200,3,1663061728
521,176,3,1663548533
521,27,5,1663605883
521,162,3,1665974946
521,241,1,1666012238
521,17,3,1668291172
521,47,2,1668406878
521,87,5,1669459384
521,41,3,1669554557
521,182,5,1670281193
521,137,5,1670399942
521,143,3,1671410224
521,177,4,1671731443
521,169,4,1672779852
521,157,3,1673134799
521,100,4,1673171288
521,50,3,1673362393
521,226,4,1674212242
521,246,3,1674570966
521,166,3,1675098637
521,230,5,1675269426
521,48,4,1676488855
521,5,5,1678889215
521,244,5,1679383776
521,208,4,1679944532
521,193,4,1680568606
521,24,5,1680952912
521,86,1,1681385125
521,59,2,1681765279
521,83,2,1682002309
521,192,2,1682071947
521,61,3,1683709757
521,185,4,1684201176
521,110,4,1684388093
521,66,2,1684466573
521,155,3,1685272253
521,145,4,1685442380
521,180,4,1685620804
521,199,3,1685712768
521,123,3,1685717071
521,121,4,1688184744
521,92,4,1689127448
521,81,3,1689188761
521,75,4,1689721305
521,45,3,1690843467
521,77,4,1693549075
522,125,4,1608203781
522,151,4,1609685487
522,5,3,1611048297
522,130,4,1617016539
522,232,5,1618482586
522,193,4,1626250499
522,116,4,1628130516
522,27,5,1629960641
522,117,4,1632502066
522,39,4,1633674806
522,182,4,1634059691
522,210,3,1634134532
522,175,4,1637507405
522,139,4,1639474949
522,64,4,1640861799
522,168,5,1653634938
522,206,4,1662304821
522,200,3,1663264519
522,192,5,1664571996
522,188,4,1665877166
522,17,4,1668726589
522,97,3,1679558822
522,162,4,1683973571
522,100,2,1685471284
522,104,4,1687380692
522,179,3,1693424390
523,200,2,1603414312
523,157,2,1613579454
523,35,2,1622037609
523,39,4,1627862090
523,182,5,1628552109
523,195,2,1628963218
523,125,3,1630450644
523,225,3,1632544774
523,206,2,1633699110
523,50,5,1633830269
523,140,2,1636321673
523,15,2,1638944769
523,193,4,1643777391
523,24,4,1646174648
523,138,3,1647052749
523,93,4,1647318382
523,79,4,1648036799
523,32,3,1650113368
523,133,3,1651141391
523,116,2,1656669274
523,70,3,1660090655
523,5,4,1663145868
523,188,3,1666306821
523,221,3,1667840620
523,3,3,1675285612
523,53,4,1678301782
523,94,4,1685094263
523,175,5,1687544184
523,210,4,1689569273
524,188,3,1600298926
524,225,3,1601439112
524,175,4,1604148987
524,157,2,1604168389
524,182,4,1604521098
524,150,4,1608383106
524,27,4,1608866551
524,164,3,1609718459
524,82,3,1610635044
524,104,4,1611042160
524,210,3,1611278621
524,121,4,1611951014
524,154,5,1612910448
524,13,2,1614634936
524,123,2,1616573893
524,186,2,1616583822
524,247,2,1616694892
524,203,1,1621384084
524,21,2,1621677608
524,243,4,1626613674
524,140,2,1626911006
524,79,3,1630063281
524,156,2,1630358134
524,205,3,1631533484
524,3,2,1637082314
524,80,3,1638627547
524,124,3,1642262355
524,178,2,1643294325
524,169,5,1645688276
524,242,2,1648747020
524,245,4,1648892797
524,35,4,1650178038
524,249,3,1651511780
524,109,3,1651746814
524,168,4,1652003270
524,187,2,1654716893
524,118,2,1655268553
524,50,4,1655552695
524,45,3,1656735162
524,110,4,1658104297
524,232,2,1661653174
524,198,4,1662364470
524,62,3,1665321570
524,208,4,1667318732
524,89,2,1669030290
524,166,3,1669151468
524,155,2,1671956291
524,18,4,1673786555
524,139,3,1674084358
524,53,5,1675269841
524,39,3,1683006278
524,193,3,1689036074
524,128,1,1689390598
524,93,4,1690283134
524,184,3,1690633395
524,26,3,1690810606
524,100,3,1690877420
524,136,4,1693207907
525,192,3,1602204552
525,109,3,1602261629
525,160,3,1603925182
525,208,4,1605831847
525,81,5,1606135251
525,168,4,1607080075
525,18,3,1610525280
525,184,3,1612796558
525,174,3,1613602493
525,162,3,1613899770
525,102,2,1614351665
525,53,4,1615892130
525,52,3,1617673346
525,39,4,1617879554
525,27,5,1619494713
525,193,3,1621101227
525,250,3,1623828996
525,101,1,1624103416
525,242,2,1625479659
525,47,3,1625551093
525,46,2,1626333357
525,130,2,1627123749
525,187,2,1630856013
525,4,4,1632512896
525,41,4,1637545520
525,225,3,1642718507
525,100,3,1643644597
525,78,1,1643788040
525,210,4,1649125051
525,177,4,1649161356
525,209,2,1650294382
525,199,3,1650386279
525,198,3,1650456288
525,206,3,1650804685
525,150,5,1652899754
525,76,1,1654886770
525,86,2,1656407408
525,5,4,1656570815
525,139,4,1656601892
525,94,4,1661660570
525,145,4,1666014637
525,50,3,1669887110
525,235,4,1671441542
525,48,3,1676894987
525,181,3,1677286570
525,13,3,1677914824
525,140,1,1678770716
525,249,3,1678842481
525,234,3,1680745985
525,25,4,1681171145
525,79,4,1683443037
525,123,3,1684131540
525,93,4,1687244498
525,188,4,1687719775
525,65,4,1688696063
525,36,1,1689343767
525,175,5,1690339078
525,196,3,1691679080
525,182,5,1692017902
525,111,2,1693517477
526,86,1,1604560212
526,39,4,1613578621
526,139,3,1616131599
526,235,3,1617931229
526,5,4,1618081986
526,160,4,1622232958
526,153,3,1623548631
526,132,5,1628599816
526,151,3,1630345434
526,100,3,1632677082
526,105,2,1642407888
526,210,1,1644961986
526,70,5,1645735169
526,175,4,1649041884
526,188,3,1652391075
526,2,3,1655139015
526,27,4,1663548174
526,66,2,1663930097
526,140,2,1664541985
526,141,3,1668997181
526,79,4,1669933601
526,82,2,1672095072
526,87,4,1674820153
526,155,3,1683019099
527,2,5,1603794248
527,175,4,1604315275
527,188,3,1607165696
527,104,3,1609026963
527,15,2,1610847259
527,221,3,1621130049
527,229,3,1621416186
527,219,2,1621828544
527,192,5,1625961398
527,232,2,1626816448
527,120,3,1627704983
527,39,3,1630290296
527,166,3,1631293035
527,154,4,1632242536
527,208,4,1634197356
527,88,5,1651734962
527,157,3,1653697345
527,130,2,1654441422
527,76,2,1655970877
527,3,2,1660592033
527,10,5,1662024860
527,59,2,1663426397
527,13,4,1664456607
527,102,4,1667320389
527,61,4,1671919204
527,8,2,1677655742
527,18,4,1683595437
527,64,3,1684981372
527,231,5,1686002339
527,94,4,1694231629
528,109,4,1604037278
528,47,2,1604340794
528,155,3,1604492837
528,235,2,1605082891
528,79,4,1606531221
528,52,3,1606935285
528,94,4,1608324904
528,93,2,1609175742
528,70,5,1613818867
528,34,4,1615595895
528,164,2,1618396513
528,206,4,1620498186
528,146,2,1621397179
528,24,3,1623281835
528,195,4,1624370168
528,61,5,1625391795
528,203,1,1625635741
528,65,4,1625989547
528,107,3,1627321539
528,68,3,1627576986
528,85,4,1629375872
528,18,4,1629497635
528,50,4,1630432360
528,192,5,1631344646
528,241,2,1631376045
528,41,4,1634954523
528,148,2,1637476644
528,210,2,1637832149
528,175,5,1639825955
528,160,5,1640892774
528,27,4,1643029461
528,39,3,1645615745
528,124,4,1647894475
528,233,5,1649015836
528,227,3,1650497937
528,127,2,1653625787
528,244,3,1654769780
528,2,3,1655614515
528,157,2,1656688915
528,183,3,1656899890
528,125,3,1660890454
528,249,4,1667612068
528,137,5,1668059454
528,221,3,1668072132
528,20,3,1669721666
528,13,4,1676773074
528,112,4,1677788039
528,123,3,1677858175
528,5,3,1680754664
528,188,4,1682115716
528,250,5,1682153192
528,138,3,1684699818
528,167,4,1686017710
528,98,4,1689613910
528,152,4,1690505178
528,236,2,1691908575
528,185,4,1693186016
529,18,5,1602294399
529,230,4,1610590956
529,27,5,1617915477
529,33,2,1621688732
529,50,3,1625353095
529,79,4,1625818585
529,123,5,1632560776
529,186,4,1634941134
529,116,5,1638199130
529,160,4,1640950936
529,246,4,1642190454
529,179,4,1644933431
529,175,4,1650669625
529,130,2,1662059044
529,2,5,1662868570
529,173,3,1665128518
529,111,4,1668979386
529,167,3,1670028634
529,135,4,1679690128
529,113,3,1680182306
529,96,2,1682146720
529,5,5,1682508183
529,139,3,1684478086
529,244,3,1692763540
529,93,4,1693229258
530,249,3,1600319805
530,13,3,1605071439
530,182,3,1610230105
530,79,2,1610993930
530,18,4,1611639294
530,236,2,1611765790
530,115,3,1618603242
530,4,3,1619060748
530,140,2,1627134958
530,186,2,1628646753
530,157,3,1629052064
530,54,3,1636207282
530,188,3,1639437215
530,88,5,1646137822
530,21,4,1651671323
530,85,4,1656612634
530,96,2,1656734604
530,97,4,1657950970
530,154,3,1660535179
530,123,2,1663270115
530,198,5,1665438729
530,175,4,1666848058
530,64,4,1670229439
530,61,3,1672924615
530,52,3,1678511739
530,11,3,1681131813
530,39,4,1682457722
530,225,2,1689618455
530,145,4,1692103309
530,143,3,1692218153
531,140,2,1603978025
531,46,2,1609303742
531,61,5,1609507042
531,54,4,1611356492
531,123,4,1612371153
531,80,3,1613746084
531,5,4,1615147897
531,97,3,1618817554
531,111,3,1619646532
531,188,2,1622324734
531,181,1,1623689964
531,27,4,1624694953
531,175,5,1626284266
531,101,2,1627930352
531,235,4,1630977286
531,117,2,1633806521
531,69,5,1634259590
531,109,5,1635471800
531,142,3,1643320683
531,52,3,1643663930
531,102,4,1645108147
531,132,2,1645863923
531,203,4,1645922939
531,160,4,1650654729
531,39,4,1652274107
531,214,2,1655761206
531,232,3,1655856641
531,13,3,1659595095
531,182,4,1662772856
531,154,3,1668258808
531,229,3,1669633907
531,120,4,1677104768
531,210,2,1679740644
531,243,4,1687878966
531,192,5,1688274758
531,107,3,1692529478
531,79,2,1694006509
532,2,4,1601422181
532,204,2,1601896768
532,166,5,1602910439
532,209,4,1604023851
532,79,4,1605942952
532,7,4,1606823179
532,30,4,1608975429
532,153,4,1609045054
532,146,3,1609337184
532,192,5,1609757322
532,115,2,1610316818
532,165,4,1610922944
532,249,3,1610943648
532,27,5,1611441928
532,103,1,1612164255
532,223,2,1612922705
532,33,2,1613518870
532,19,2,1614476964
532,184,3,1615685796
532,21,4,1616772051
532,225,4,1620018374
532,157,3,1620255843
532,61,5,1620882506
532,48,1,1622351767
532,240,3,1625190605
532,176,2,1625519923
532,206,4,1629271556
532,148,4,1630053005
532,52,5,1630054576
532,20,4,1630237826
532,182,4,1630849560
532,195,4,1631121943
532,70,4,1632479693
532,109,3,1633631251
532,168,4,1633901237
532,244,5,1634199837
532,205,3,1636383607
532,5,4,1637390104
532,84,3,1637644223
532,94,5,1638049373
532,4,2,1640057131
532,26,3,1643739422
532,93,4,1646494265
532,120,4,1647026191
532,86,1,1648141206
532,175,5,1650227799
532,232,4,1652278067
532,55,4,1653462725
532,183,2,1654463666
532,135,4,1656117142
532,235,3,1657323331
532,160,5,1657588892
532,43,5,1659728227
532,102,2,1660503346
532,100,2,1660663037
532,22,2,1666506244
532,39,5,1668170961
532,236,3,1669948657
532,9,4,1671751039
532,229,3,1674844964
532,18,5,1675543955
532,111,2,1675773639
532,132,3,1676612785
532,136,3,1676905917
532,68,3,1678579221
532,50,3,1679936933
532,201,3,1681254898
532,154,5,1681539470
532,123,3,1682399283
532,199,3,1682523859
532,13,5,1682750624
532,139,4,1684901195
532,210,3,1685542691
532,110,5,1688002973
532,193,3,1689522083
532,89,5,1691058536
532,42,2,1692782386
533,188,3,1606720255
533,79,3,1608086880
533,242,4,1608959125
533,223,3,1611336814
533,162,4,1615287957
533,180,3,1616253110
533,59,2,1616787287
533,39,3,1622942436
533,81,3,1626859041
533,103,2,1644371665
533,145,4,1653718359
533,201,5,1653910848
533,184,2,1654675007
533,244,5,1661109604
533,127,3,1663521806
533,48,1,1668984557
533,154,3,1669336403
533,193,2,1677587199
533,110,5,1681373290
533,115,2,1682428814
533,175,4,1684995857
533,76,3,1686276258
534,248,3,1607156894
534,243,3,1607453998
534,115,1,1611581575
534,187,4,1631164674
534,125,4,1635870370
534,5,4,1644798012
534,231,4,1649023545
534,199,4,1650918245
534,225,4,1665862654
534,192,3,1667234569
534,89,3,1668494380
534,188,4,1690913881
535,52,3,1603658816
535,62,3,1611600049
535,53,4,1612837053
535,50,3,1616422897
535,93,4,1631232103
535,94,4,1637168860
535,23,3,1645412076
535,206,4,1650893712
535,82,2,1656481502
535,145,4,1656597370
535,69,3,1658513483
535,39,3,1660475668
535,25,4,1665262610
535,188,4,1669406860
535,61,3,1678513481
535,9,3,1681064955
535,5,4,1685878930
536,152,3,1603576306
536,184,3,1607583702
536,188,4,1609533147
536,128,3,1611284983
536,61,4,1617137150
536,155,3,1621961658
536,175,4,1621982046
536,34,3,1627856372
536,79,4,1627874248
536,93,5,1629647846
536,46,3,1640767546
536,21,3,1643964594
536,250,3,1650026303
536,140,2,1661723739
536,150,4,1668301124
536,164,2,1679867736
536,182,3,1679949628
537,39,3,1603511969
537,61,4,1603516212
537,195,3,1604289047
537,15,3,1604843142
537,150,4,1619183575
537,155,3,1624920723
537,48,4,1634764546
537,26,4,1643406065
537,244,4,1646972189
537,28,2,1654568257
537,154,2,1663277701
537,36,2,1666220828
537,17,4,1673497655
537,175,3,1686812075
537,124,2,1689650216
537,86,2,1693475222
538,139,2,1600357550
538,76,3,1603815037
538,48,2,1605097956
538,176,3,1606068985
538,115,2,1613979492
538,150,5,1615547504
538,188,3,1617442629
538,142,4,1623204589
538,138,4,1625965492
538,216,3,1626757096
538,157,2,1635618654
538,79,4,1636642893
538,80,3,1645480427
538,205,4,1645733579
538,121,4,1645904047
538,81,4,1646911768
538,127,5,1655083025
538,196,2,1656152815
538,34,3,1656325408
538,155,3,1663090139
538,39,5,1664323872
538,85,2,1665349773
538,5,4,1670545569
538,175,4,1671129448
538,234,3,1674770037
538,206,4,1674944298
538,236,4,1677173210
538,179,4,1681228545
538,225,3,1684451055
539,79,4,1604837011
539,109,2,1606988943
539,232,5,1620690905
539,130,3,1621483126
539,104,5,1626013191
539,65,4,1632918788
539,27,5,1648872712
539,62,3,1649149872
539,148,2,1657837413
539,207,5,1660784945
539,39,4,1681468536
539,115,1,1682748121
539,113,4,1686288285
539,48,2,1692233279
540,125,2,1608494128
540,98,2,1609869717
540,93,4,1611467058
540,100,4,1615394991
540,39,3,1616729819
540,81,4,1621182002
540,146,3,1623162536
540,175,3,1627157226
540,69,4,1632276829
540,155,2,1636562441
540,148,4,1639394400
540,52,4,1649030626
540,61,3,1656581107
540,139,3,1658112639
540,185,5,1658684615
540,188,4,1660376677
540,160,5,1666181785
540,111,5,1668721221
540,28,5,1669646429
540,106,2,1669944386
540,192,2,1671275024
540,50,3,1674539220
540,85,4,1675908462
540,5,5,1676025223
540,133,4,1677203520
540,104,4,1678438473
541,230,5,1600968685
541,111,4,1605669236
541,187,4,1608654628
541,210,5,1611093814
541,13,2,1615077101
541,79,4,1616298774
541,50,2,1621257141
541,18,3,1622808759
541,27,5,1629258891
541,184,3,1630832409
541,182,4,1632425916
541,5,5,1634268404
541,249,5,1640716799
541,203,2,1641037398
541,199,2,1644885290
541,107,4,1653454138
541,188,3,1657848512
541,48,3,1670419961
541,104,3,1672043962
541,97,4,1682890678
541,190,2,1684959452
541,39,4,1686706427
541,234,2,1690310792
542,193,4,1601590040
542,175,3,1605263758
542,33,3,1616579982
542,30,3,1618250133
542,18,3,1623570116
542,109,3,1630820231
542,39,2,1634732446
542,8,1,1635170479
542,79,5,1635413406
542,223,1,1638547413
542,46,3,1645399596
542,76,3,1651486078
542,87,4,1651649747
542,206,4,1653686944
542,50,4,1662432322
542,27,5,1667154243
542,93,4,1669494163
542,47,2,1670745546
542,100,2,1673156746
542,204,2,1675278567
542,168,4,1676029855
542,86,2,1678949937
542,232,2,1681718837
543,138,5,1600044348
543,53,5,1600587659
543,76,1,1601376670
543,34,5,1604406916
543,176,3,1604460072
543,68,5,1604877835
543,225,2,1605229141
543,194,4,1607342188
543,175,4,1607742724
543,137,3,1608142294
543,26,4,1609634569
543,2,5,1610606233
543,145,2,1611423191
543,123,5,1611478079
543,101,2,1613192667
543,146,4,1613897758
543,130,1,1614848530
543,32,4,1616601823
543,109,3,1618806726
543,86,2,1620255213
543,249,3,1620327852
543,79,4,1621018794
543,91,3,1621351650
543,39,4,1621836507
543,206,4,1622701580
543,182,5,1623697555
543,120,5,1624151895
543,153,4,1625590485
543,173,3,1626936783
543,141,3,1628217115
543,155,3,1632139934
543,85,4,1632266166
543,102,4,1634352170
543,192,3,1635533342
543,250,2,1636218758
543,140,2,1637511100
543,36,3,1637929170
543,188,5,1641298359
543,168,4,1643430022
543,107,3,1643918339
543,30,3,1644156110
543,35,4,1644476935
543,226,4,1646567544
543,93,5,1647772781
543,237,5,1648446006
543,221,5,1650953467
543,124,3,1651642211
543,7,4,1653656337
543,127,5,1655530637
543,243,4,1659767011
543,52,3,1660612472
543,201,2,1661519457
543,81,4,1663279568
543,190,3,1665934635
543,136,4,1667355050
543,139,4,1668050436
543,231,4,1668239829
543,223,3,1670284412
543,21,4,1670931582
543,165,5,1672325969
543,27,5,1672877129
543,100,4,1674997540
543,88,4,1677781568
543,157,3,1680372432
543,50,2,1681302834
543,18,3,1681744192
543,244,3,1683036838
543,154,5,1685009925
543,169,5,1685511736
543,125,3,1685887150
543,47,2,1689719899
543,179,4,1690656309
543,54,4,1692721423
543,193,5,1692763225
543,199,5,1694580776
544,26,4,1602485522
544,151,4,1602677782
544,40,3,1604877529
544,250,3,1606039849
544,203,1,1607157542
544,246,2,1607340438
544,225,5,1609030273
544,141,3,1611206826
544,206,4,1616632140
544,125,3,1618223235
544,3,2,1618977134
544,52,3,1622672798
544,249,5,1624203640
544,210,2,1624688187
544,218,4,1624925001
544,208,5,1624937448
544,61,3,1626484117
544,189,3,1629725347
544,86,1,1630933869
544,139,3,1632127609
544,192,4,1634111322
544,248,2,1635820252
544,56,4,1636269278
544,34,2,1636647203
544,53,4,1639438498
544,21,2,1640380648
544,175,3,1641011992
544,82,2,1645265957
544,124,4,1648581192
544,157,2,1649087600
544,150,5,1654745348
544,68,4,1655231034
544,180,4,1655816739
544,13,3,1657509134
544,93,4,1661476355
544,100,2,1663568049
544,184,4,1665631449
544,219,1,1666231767
544,39,5,1667464722
544,130,3,1668124849
544,128,3,1669820061
544,232,2,1670403032
544,154,3,1671599947
544,36,1,1672577681
544,43,5,1679235418
544,104,3,1679806594
544,170,3,1680427598
544,102,3,1681167321
544,79,5,1681171570
544,50,3,1681198165
544,152,3,1682464047
544,115,2,1682795374
544,27,5,1683391772
544,188,3,1684390145
544,94,4,1685915683
544,173,2,1690800390
544,5,3,1690924076
544,98,4,1691325798
544,123,4,1691790874
545,168,3,1614163950
545,123,2,1621515114
545,27,4,1622859557
545,223,2,1625542118
545,85,4,1626206822
545,13,4,1627485353
545,79,3,1627902320
545,185,5,1630549411
545,140,2,1630929421
545,76,4,1632781168
545,154,3,1635585748
545,180,3,1638304381
545,117,4,1638435860
545,225,5,1638677710
545,232,4,1638837606
545,111,2,1639483554
545,47,2,1642553342
545,21,2,1646049267
545,192,5,1649163738
545,4,4,1649739369
545,77,4,1650982101
545,15,3,1655156510
545,196,2,1659582169
545,206,5,1662745453
545,136,2,1666419889
545,249,4,1667605896
545,39,4,1667720100
545,120,5,1670593800
545,86,1,1673268576
545,130,5,1675208735
545,100,3,1677972859
545,93,4,1678710216
545,203,3,1684693857
545,188,3,1685033857
545,214,4,1687719357
545,52,4,1688094434
545,63,3,1688508656
546,139,3,1603026055
546,118,4,1607087468
546,111,2,1607101359
546,93,4,1607786259
546,202,5,1610550160
546,98,4,1614245254
546,39,4,1616398279
546,33,3,1617335040
546,175,4,1620435553
546,15,3,1621106399
546,173,2,1628908986
546,241,1,1629096747
546,119,2,1634938736
546,212,3,1638216066
546,152,2,1639114524
546,192,4,1639930916
546,68,3,1643145269
546,210,2,1645547713
546,21,3,1647485223
546,221,2,1654696490
546,76,2,1657016586
546,53,3,1659199800
546,79,3,1659697370
546,200,3,1664649920
546,134,3,1664854444
546,188,4,1667360029
546,249,4,1668696675
546,219,3,1670392670
546,197,2,1670562567
546,170,3,1673761784
546,236,3,1674756519
546,211,3,1676354867
546,43,4,1677844121
546,27,4,1677964149
546,194,2,1678383279
546,86,1,1684141881
546,81,4,1685781005
547,168,4,1601926358
547,235,4,1604048741
547,198,4,1605499712
547,202,4,1611221439
547,46,2,1622538703
547,164,1,1623021093
547,111,3,1626433239
547,49,3,1626843767
547,2,4,1629640263
547,52,3,1629981473
547,244,3,1634511631
547,209,3,1638668629
547,13,4,1643196117
547,93,4,1651203937
547,50,3,1652387060
547,185,4,1652561102
547,21,3,1655340951
547,80,2,1656481577
547,175,3,1659358520
547,196,3,1661229527
547,188,3,1661395568
547,109,4,1669231733
547,250,2,1672288415
547,195,5,1675357396
547,232,3,1676583802
547,39,4,1679052356
547,18,4,1682792315
547,54,4,1689423457
547,85,3,1691972693
548,193,3,1603390009
548,139,3,1603556974
548,100,3,1605710343
548,115,3,1605904715
548,157,2,1608086592
548,192,1,1608275125
548,168,4,1610300118
548,210,4,1610674930
548,156,3,1611046765
548,25,5,1614579658
548,235,4,1621945848
548,231,5,1624217461
548,37,4,1626974949
548,79,3,1630015473
548,97,3,1634840620
548,184,4,1637987382
548,190,3,1639311579
548,162,3,1642040420
548,229,3,1646366260
548,21,5,1647835245
548,134,4,1650151772
548,188,5,1650641283
548,109,4,1652418679
548,130,4,1660875299
548,136,4,1661984651
548,18,3,1663192886
548,180,4,1669372659
548,27,4,1672169633
548,110,5,1672425069
548,217,2,1673722933
548,86,2,1675149923
548,145,5,1675645045
548,39,4,1677751009
548,228,3,1681349219
548,30,3,1682163153
548,68,4,1687295021
548,158,3,1688949033
548,70,3,1689304837
548,169,5,1691392211
548,94,4,1692925513
548,175,4,1692970743
548,46,2,1693080682
549,21,3,1601880037
549,27,5,1603454955
549,235,2,1604129143
549,93,3,1604170463
549,123,3,1605099105
549,30,3,1605610790
549,68,3,1606746206
549,230,4,1616895270
549,102,2,1617042086
549,202,5,1621159975
549,154,4,1621214032
549,130,4,1621372749
549,200,3,1622392113
549,15,3,1623404290
549,39,5,1623939816
549,210,3,1625662554
549,193,3,1626708824
549,168,4,1627003382
549,185,4,1628502595
549,109,3,1630287078
549,115,2,1630567222
549,232,4,1631314186
549,206,4,1632978489
549,182,4,1633800006
549,205,2,1633959730
549,137,4,1635080971
549,61,3,1635502718
549,190,2,1637271014
549,225,5,1637930181
549,136,4,1645899770
549,9,3,1646090076
549,141,3,1646434352
549,198,4,1648043550
549,65,3,1651137250
549,45,3,1652200510
549,89,5,1652274519
549,52,3,1655103398
549,195,4,1655338712
549,94,5,1656585364
549,54,3,1661078124
549,157,2,1664392164
549,50,3,1664638298
549,62,3,1664950582
549,63,3,1665405073
549,100,3,1667896849
549,107,2,1667947743
549,188,3,1668670760
549,81,3,1668931078
549,160,5,1669423621
549,125,4,1674432471
549,192,4,1676232245
549,5,5,1677022062
549,146,3,1677569820
549,175,4,1678238668
549,25,4,1682242717
549,82,3,1684720995
549,139,4,1686455498
549,187,4,1686567402
549,28,2,1690303196
549,120,4,1691338591
550,132,2,1600371464
550,93,4,1601130566
550,244,5,1602362362
550,206,4,1603488090
550,107,3,1607212300
550,94,4,1614214323
550,85,5,1615093926
550,123,3,1619240835
550,79,3,1621026120
550,33,3,1629081520
550,225,4,1645573532
550,125,3,1649321344
550,168,4,1655100872
550,233,3,1656347029
550,76,4,1657955895
550,138,3,1670249034
550,210,3,1672960237
550,188,3,1673938710
550,184,3,1675347454
550,169,2,1677463573
550,21,3,1678691355
550,69,5,1679199591
550,39,5,1682004289
551,225,2,1600600862
551,125,3,1601061762
551,223,2,1613686460
551,101,4,1614514123
551,167,3,1616760246
551,210,4,1617272063
551,184,4,1618320668
551,136,5,1621411365
551,107,3,1621757296
551,111,2,1622851651
551,76,1,1623796366
551,52,3,1624602476
551,188,5,1625654079
551,39,4,1626577869
551,229,4,1633236355
551,173,3,1635179572
551,18,4,1638557539
551,154,3,1639419382
551,94,5,1649750760
551,54,3,1650280199
551,21,2,1656654640
551,5,4,1657944438
551,199,3,1657961525
551,130,1,1658079965
551,139,3,1658194240
551,46,3,1658434182
551,30,4,1660861436
551,163,1,1662283215
551,105,2,1663664699
551,156,1,1664339292
551,116,3,1667718579
551,117,2,1670173709
551,162,4,1679903185
551,41,5,1681238893
551,100,3,1685558292
551,193,1,1689150443
551,3,2,1693207956
551,48,3,1693967801
551,7,3,1694268713
552,39,3,1603086145
552,5,5,1605727211
552,93,3,1613518987
552,79,2,1649647374
552,250,3,1653124857
552,167,4,1684443561
552,236,2,1691379943
552,223,2,1693249760
552,188,4,1694319811
553,80,4,1601001890
553,203,2,1603445737
553,101,3,1608252505
553,87,3,1608258133
553,33,3,1608776081
553,94,4,1609344673
553,50,3,1609440623
553,192,4,1613837052
553,191,3,1613984077
553,170,5,1614975328
553,81,5,1616513480
553,223,3,1620763419
553,133,2,1621629115
553,69,4,1625239432
553,110,5,1629096486
553,18,5,1629382930
553,155,3,1633320109
553,157,4,1633435909
553,123,3,1634637953
553,93,4,1635281252
553,188,4,1635834317
553,5,3,1650667079
553,199,3,1652384524
553,234,4,1655593052
553,175,5,1657842171
553,27,3,1659183479
553,54,3,1661118625
553,249,2,1661505560
553,39,4,1661835282
553,53,4,1662446968
553,107,3,1666137945
553,130,2,1673787717
553,212,2,1679542868
553,141,3,1680775713
553,162,3,1681222844
553,235,4,1682398549
553,174,3,1687048516
553,111,3,1688807996
553,136,4,1690260223
553,79,4,1690388771
553,210,3,1691069452
553,125,3,1693543614
554,111,3,1600057168
554,76,2,1604065667
554,226,3,1604416572
554,145,4,1605557054
554,98,2,1606194244
554,109,3,1609248482
554,47,1,1609763599
554,154,3,1613754837
554,249,3,1614582637
554,180,2,1618099572
554,18,3,1619435980
554,211,3,1621315572
554,5,4,1625338124
554,91,2,1627870049
554,157,4,1629468959
554,115,3,1634296040
554,184,2,1634598686
554,232,4,1635026315
554,196,2,1636692097
554,163,3,1637073850
554,27,5,1637682569
554,50,3,1638231054
554,152,5,1638250002
554,86,2,1639841708
554,174,4,1641744717
554,168,3,1642217232
554,235,4,1642278116
554,221,3,1642646511
554,155,3,1642784400
554,140,2,1643975732
554,186,3,1645427233
554,132,2,1645885901
554,146,5,1647409246
554,136,4,1648554673
554,192,3,1649028704
554,182,3,1649784576
554,54,4,1651038933
554,175,4,1651470081
554,206,3,1652507059
554,79,3,1652847547
554,41,5,1652900225
554,101,3,1653561058
554,208,2,1653832519
554,247,3,1657073455
554,141,2,1658381060
554,38,3,1658478372
554,39,4,1658519224
554,173,2,1659402535
554,102,3,1661238037
554,61,3,1661415772
554,4,2,1662448821
554,195,4,1663561917
554,100,3,1664290769
554,123,3,1666958378
554,185,4,1667092342
554,225,2,1669205981
554,179,3,1672987857
554,15,3,1674264355
554,10,4,1674861401
554,93,5,1676332271
554,57,3,1677566857
554,233,5,1679729427
554,69,5,1680268694
554,188,4,1685008968
554,36,1,1686107148
554,34,4,1686243177
554,8,2,1692157363
554,14,2,1692833646
554,89,3,1693888583
555,148,3,1602200287
555,69,4,1606442705
555,192,3,1607365830
555,198,3,1607765764
555,188,3,1612936700
555,236,2,1614179270
555,233,4,1615156955
555,179,3,1617370251
555,5,5,1620736654
555,33,4,1621442896
555,55,5,1622578843
555,169,4,1625582890
555,190,2,1625875590
555,175,5,1632766835
555,185,4,1634270228
555,125,2,1635807377
555,182,4,1638728945
555,76,4,1640056187
555,200,4,1640695396
555,139,5,1641397094
555,21,2,1642510809
555,109,4,1645762868
555,27,4,1650727700
555,79,4,1653884448
555,234,3,1660361546
555,170,4,1665531775
555,225,1,1667427031
555,168,5,1668140072
555,206,4,1668223317
555,244,4,1668808734
555,111,5,1670115857
555,39,5,1684275481
556,200,3,1600514866
556,141,3,1601777134
556,198,5,1602528838
556,139,3,1603037510
556,182,5,1603267080
556,185,5,1603900839
556,116,3,1605697170
556,50,4,1606196455
556,244,4,1606356365
556,127,4,1607501318
556,46,3,1608673134
556,100,2,1610119131
556,223,3,1611765390
556,26,4,1611955377
556,39,2,1613364330
556,152,3,1613415224
556,167,4,1614539909
556,193,4,1614616412
556,85,4,1615164827
556,82,3,1617812152
556,9,4,1618409303
556,87,2,1619040571
556,241,1,1619454319
556,168,4,1619486352
556,184,4,1620186938
556,18,4,1622481035
556,65,4,1622544129
556,195,3,1622655454
556,189,1,1625090701
556,31,3,1625277980
556,226,3,1625414193
556,64,2,1626376818
556,34,2,1626800130
556,76,3,1629650215
556,93,4,1632091864
556,30,4,1633005025
556,175,5,1633030397
556,115,2,1634165056
556,78,4,1634384357
556,221,2,1636239721
556,2,4,1636748845
556,232,3,1639851922
556,157,1,1641023466
556,231,4,1641821460
556,203,2,1643324385
556,56,2,1644064061
556,186,2,1644747380
556,212,2,1645066027
556,21,2,1646350634
556,216,3,1649586991
556,102,2,1650713778
556,236,5,1651469603
556,187,3,1652670023
556,54,2,1653163597
556,13,3,1653495422
556,160,3,1653892936
556,146,5,1654339619
556,68,3,1656502588
556,248,4,1660397120
556,130,1,1660620426
556,5,3,1662304018
556,47,1,1663838772
556,80,2,1665557368
556,148,3,1666826118
556,135,3,1667172083
556,101,3,1669762619
556,128,3,1669837235
556,154,3,1670613883
556,53,3,1672062389
556,111,3,1672131326
556,89,3,1672419511
556,79,3,1672619845
556,86,2,1673101679
556,229,3,1673878921
556,145,3,1675092301
556,249,3,1675464981
556,27,5,1675818624
556,17,4,1676677815
556,52,3,1676831596
556,125,2,1677730588
556,132,3,1678989056
556,166,3,1679668919
556,153,2,1680961022
556,162,5,1681420324
556,208,5,1681669697
556,206,2,1684089295
556,202,3,1684310983
556,123,3,1685362191
556,94,3,1685502159
556,174,3,1688503944
556,140,3,1689301385
556,106,3,1689695250
556,99,2,1690696592
556,210,4,1690927585
556,61,5,1691535828
556,188,3,1691540197
556,178,3,1691792522
556,69,4,1692252361
557,243,3,1600498126
557,134,4,1603521737
557,148,3,1614151765
557,111,4,1627882679
557,130,2,1631686020
557,205,3,1636969527
557,50,4,1643054290
557,166,4,1649672318
557,160,3,1652478110
557,100,2,1653283585
557,175,4,1655992432
557,210,5,1657712385
557,202,4,1658272686
557,30,2,1664440421
557,40,2,1669676471
557,39,3,1671538039
557,36,1,1679101336
557,81,4,1685163960
557,27,3,1686222673
557,188,3,1691809843
557,93,3,1692601379
558,190,1,1602902217
558,192,2,1604837231
558,140,1,1608567233
558,18,5,1612424260
558,141,2,1612650288
558,249,4,1613499775
558,198,5,1614067333
558,244,5,1615320714
558,115,3,1620450651
558,49,2,1624338224
558,236,3,1625165633
558,206,2,1625167971
558,111,4,1627536437
558,46,2,1628397858
558,27,2,1631173005
558,5,4,1634441683
558,53,4,1634727653
558,98,2,1635437021
558,153,4,1639687275
558,137,4,1643154859
558,39,4,1644790114
558,158,2,1647006245
558,247,3,1648513959
558,175,4,1650725812
558,177,3,1650950020
558,79,3,1660227304
558,139,3,1660836937
558,145,3,1668986212
558,174,2,1670828000
558,109,3,1673070971
558,123,4,1674378403
558,54,3,1678216818
558,155,5,1681354771
558,234,3,1682961895
558,154,3,1683324578
558,50,3,1685062396
558,180,4,1690081020
558,221,3,1691504814
558,30,2,1691522747
558,85,4,1691610300
558,48,3,1693133844
558,250,4,1693595173
559,50,3,1600360726
559,100,3,1601059080
559,174,4,1604252925
559,18,3,1610137888
559,130,2,1614287052
559,249,4,1615248029
559,206,3,1617565513
559,86,1,1619396308
559,221,4,1620242022
559,168,4,1623624443
559,27,3,1627598372
559,53,4,1627655025
559,127,5,1630447500
559,235,3,1631325863
559,93,3,1632759376
559,136,5,1634117676
559,188,3,1634314870
559,58,2,1636833516
559,155,3,1638882022
559,45,2,1639096226
559,19,4,1640151452
559,125,3,1643806253
559,40,3,1649336800
559,181,1,1650654750
559,232,3,1654618838
559,140,3,1658692237
559,79,4,1659286354
559,173,4,1663763006
559,120,4,1664926523
559,244,3,1665709759
559,109,5,1665711816
559,154,4,1665816595
559,199,2,1666399943
559,185,4,1668422530
559,9,4,1672792429
559,157,3,1673790191
559,126,4,1678055108
559,5,2,1678316274
559,46,3,1678584217
559,231,5,1678906318
559,39,4,1681585868
559,225,2,1689657816
559,229,3,1691188859
559,152,3,1693807371
560,194,3,1602428342
560,198,4,1606330546
560,250,2,1610544490
560,39,3,1617790060
560,160,5,1618651269
560,86,2,1624925965
560,235,4,1628143359
560,78,2,1629099230
560,236,2,1629474079
560,125,4,1637859308
560,18,3,1640735923
560,141,2,1641307341
560,107,3,1644453268
560,219,3,1646202109
560,225,4,1649664211
560,130,2,1649859687
560,27,2,1651703903
560,175,2,1653394939
560,45,1,1653483309
560,136,3,1657462097
560,232,4,1659852519
560,46,5,1660354717
560,157,3,1663261900
560,100,4,1670809456
560,43,2,1673110745
560,193,4,1675959021
560,79,3,1676691186
560,109,3,1681081416
561,5,5,1601973835
561,23,3,1605319522
561,106,1,1606626801
561,121,3,1609593443
561,39,4,1611140568
561,221,5,1615290376
561,210,4,1619744724
561,52,4,1622623156
561,123,3,1629424315
561,100,4,1629904898
561,76,2,1633646263
561,172,2,1637964945
561,250,3,1638233617
561,157,2,1642261397
561,188,3,1644986599
561,199,3,1646747893
561,175,3,1648476183
561,61,4,1650639893
561,93,3,1650886794
561,193,4,1656664263
561,156,4,1657555272
561,246,3,1659602476
561,50,3,1660371107
561,206,4,1661620024
561,24,4,1663669369
561,186,4,1665622594
561,79,3,1665967803
561,86,2,1675285182
561,33,3,1678571518
561,225,4,1679596779
561,27,5,1683709613
561,132,2,1691154855
561,205,2,1691914775
562,238,2,1602117242
562,223,3,1603209235
562,140,2,1603846588
562,204,2,1604737074
562,111,2,1607504070
562,79,3,1611330243
562,85,4,1617707305
562,25,5,1619367113
562,58,1,1623013499
562,236,2,1623642861
562,154,3,1626846429
562,232,3,1629850546
562,81,4,1632823005
562,221,2,1634227097
562,192,2,1636204958
562,39,4,1645500237
562,50,2,1646781714
562,146,2,1646915148
562,100,2,1648247235
562,46,2,1649143682
562,250,3,1654641825
562,171,3,1656716362
562,121,4,1658671197
562,233,3,1659241671
562,18,3,1661236567
562,15,3,1661680092
562,242,2,1667801694
562,191,2,1670383751
562,243,3,1671944901
562,109,5,1674891365
562,36,1,1675928922
562,180,3,1676509938
562,231,5,1678930915
562,52,3,1680017903
562,5,3,1680416262
562,93,4,1681399261
562,241,2,1681438015
562,173,3,1681692203
562,177,2,1682060502
562,175,4,1685542818
562,225,3,1685898143
562,120,2,1688168754
562,131,3,1692458671
563,52,2,1602566249
563,157,1,1608196531
563,116,3,1612156511
563,47,1,1614499507
563,210,4,1615368324
563,9,3,1620248607
563,179,3,1622649177
563,173,3,1624329357
563,20,2,1625500143
563,193,3,1625687733
563,188,5,1627021973
563,226,4,1628560555
563,100,3,1629325581
563,229,4,1629769596
563,148,3,1634883848
563,235,3,1635877870
563,141,3,1636385435
563,24,4,1637912722
563,175,3,1638047162
563,168,2,1640497580
563,38,3,1641934190
563,182,5,1642865109
563,18,4,1643148287
563,239,4,1643261054
563,87,4,1645480315
563,39,4,1645629478
563,160,3,1645803419
563,48,3,1646910183
563,19,2,1647982693
563,62,3,1648024657
563,5,3,1648708805
563,120,3,1649800272
563,79,5,1650731503
563,250,4,1652848266
563,123,3,1654232502
563,131,3,1654682105
563,13,2,1655803820
563,143,3,1658776319
563,140,2,1660837879
563,108,1,1663454178
563,232,4,1664241360
563,57,3,1665344208
563,109,5,1668135798
563,124,4,1669613993
563,191,1,1671065114
563,192,3,1671502720
563,221,3,1674688449
563,50,2,1676516804
563,61,4,1677005075
563,21,4,1677414234
563,231,4,1677954243
563,243,4,1680157663
563,138,4,1684183098
563,117,2,1684346448
563,121,5,1686066874
563,212,2,1686080799
563,106,4,1686873374
563,180,3,1688636437
563,174,3,1688989324
563,184,4,1689395000
563,244,4,1693287166
564,69,5,1600183724
564,236,2,1600798458
564,36,2,1604799981
564,244,3,1606429753
564,30,4,1607188733
564,123,4,1607605334
564,48,4,1608039823
564,168,4,1608239776
564,230,3,1608845381
564,203,2,1611152711
564,206,2,1612585224
564,154,5,1615312334
564,13,3,1619865045
564,182,5,1621230753
564,139,3,1621780696
564,145,4,1623138670
564,174,3,1624577869
564,223,2,1625757838
564,249,4,1628345845
564,241,1,1629542895
564,105,3,1630208195
564,100,3,1631078633
564,92,4,1635772867
564,152,3,1638380817
564,138,4,1640023334
564,81,4,1640077650
564,104,3,1641403017
564,32,4,1644742663
564,188,5,1646593577
564,125,5,1647524509
564,225,3,1650456443
564,221,3,1650816536
564,190,3,1651731685
564,130,3,1653471678
564,132,4,1655328610
564,234,5,1656370993
564,86,3,1656417781
564,56,2,1659900610
564,175,3,1660850984
564,102,3,1662221672
564,21,4,1662750549
564,87,3,1663722145
564,112,4,1663748771
564,116,4,1663772636
564,79,4,1664549443
564,155,3,1665501727
564,33,4,1666775858
564,101,3,1667127117
564,192,3,1667198288
564,61,5,1667479613
564,205,5,1669095892
564,194,3,1669287647
564,111,5,1670107989
564,179,4,1672668696
564,226,3,1673091919
564,93,4,1675147946
564,232,5,1676791784
564,246,4,1676798663
564,27,5,1676928178
564,198,4,1679450646
564,5,5,1679870841
564,31,2,1680155788
564,185,4,1681130868
564,53,5,1681590909
564,210,5,1690134160
564,39,4,1690422824
564,50,3,1690566612
564,231,3,1691287861
564,243,4,1692672423
564,109,2,1692689319
564,24,3,1693286207
564,47,3,1693349791
565,147,2,1602055222
565,226,3,1605918131
565,229,4,1606906562
565,53,4,1608483991
565,13,2,1610801959
565,101,1,1612272742
565,179,3,1613071205
565,104,4,1617096229
565,210,3,1618563813
565,5,4,1618684638
565,234,3,1619101567
565,199,3,1619281077
565,190,3,1621240878
565,225,5,1628765165
565,123,4,1629908288
565,58,3,1634863041
565,93,3,1639202848
565,27,3,1645543911
565,36,2,1645620101
565,85,3,1645842374
565,69,4,1653190016
565,209,4,1654039592
565,79,2,1655491968
565,195,3,1657224914
565,171,3,1658630102
565,50,4,1668342717
565,192,3,1669100390
565,164,3,1676015210
565,110,5,1681278696
565,170,3,1684533383
565,100,2,1685252889
565,39,4,1688954643
565,154,3,1691164590
566,50,4,1603812865
566,100,3,1604208644
566,18,4,1605031555
566,241,4,1607200626
566,187,4,1609910814
566,204,3,1609960140
566,250,4,1611562417
566,27,3,1611762468
566,206,1,1614551741
566,76,3,1615578499
566,229,3,1615955754
566,123,2,1621318289
566,236,1,1621516741
566,55,2,1622515212
566,86,1,1623395172
566,107,3,1624552951
566,173,3,1632530285
566,195,4,1633291519
566,62,3,1637158415
566,132,3,1639316896
566,145,3,1639632129
566,202,4,1640466782
566,15,2,1641790438
566,79,3,1645030799
566,58,1,1645169053
566,13,3,1646917121
566,139,3,1647130846
566,71,3,1648215204
566,154,4,1648775475
566,203,3,1648973937
566,159,3,1650884726
566,223,3,1653420285
566,39,2,1654429593
566,127,2,1654499730
566,175,3,1654666302
566,109,5,1657973730
566,52,4,1661170517
566,5,4,1661430711
566,247,3,1662819096
566,136,4,1663030918
566,46,2,1663642461
566,188,4,1665420963
566,42,4,1666985004
566,205,3,1667849622
566,249,4,1668124251
566,186,3,1672635097
566,196,3,1673411053
566,93,4,1677666991
566,214,4,1677694947
566,192,3,1679320919
566,85,4,1683053505
566,21,4,1684045687
566,226,2,1686252915
566,121,5,1686390168
566,210,5,1687492017
566,130,4,1687526938
566,140,2,1687719234
566,28,2,1689823862
566,80,2,1690834707
567,182,5,1600492822
567,227,3,1606651652
567,173,4,1606883243
567,5,4,1607327848
567,39,3,1607574229
567,126,4,1609000325
567,109,3,1621103579
567,250,3,1633135683
567,123,3,1644907567
567,111,3,1645349782
567,63,2,1648395132
567,93,3,1657715343
567,192,4,1658426337
567,130,1,1660696091
567,175,4,1664036610
567,80,3,1667133055
567,221,4,1667777801
567,146,4,1673421773
567,100,4,1678488322
567,188,3,1685689222
567,145,4,1693683878
568,203,2,1601182048
568,121,4,1601236901
568,181,4,1602076194
568,130,3,1604275578
568,50,3,1612746651
568,120,3,1614415551
568,125,4,1616463976
568,111,4,1617125065
568,80,3,1617317177
568,39,4,1619167792
568,177,3,1622167769
568,87,3,1624969850
568,192,4,1625118482
568,206,4,1625160055
568,168,4,1627416707
568,102,1,1630035384
568,208,4,1630250388
568,244,3,1630755851
568,164,3,1631274887
568,169,2,1632294968
568,46,2,1633214445
568,162,2,1634488642
568,34,2,1634632953
568,146,4,1634642206
568,209,2,1635565225
568,188,4,1635883155
568,88,4,1637334465
568,166,3,1639518606
568,5,3,1639867580
568,154,3,1640453045
568,61,4,1640905420
568,109,3,1644653203
568,47,2,1648332712
568,16,1,1648845256
568,232,3,1649616106
568,33,3,1649623331
568,182,3,1650101257
568,223,3,1651826144
568,15,4,1652817384
568,79,3,1654077988
568,195,4,1654504366
568,27,5,1655726133
568,229,2,1660541082
568,190,2,1660630652
568,210,3,1661032934
568,69,4,1662277724
568,199,4,1663397632
568,237,5,1664678687
568,53,3,1666506651
568,139,3,1667093199
568,156,2,1667178330
568,225,4,1670537325
568,93,3,1673198374
568,150,3,1674398509
568,24,4,1675801442
568,175,4,1676960219
568,238,4,1677617356
568,236,2,1678496312
568,89,5,1678990181
568,14,4,1681293750
568,28,4,1685246730
568,71,5,1687139441
568,136,3,1693338595
568,200,3,1693938358
569,16,2,1620721011
569,210,3,1626780991
569,243,3,1629176772
569,218,2,1631823971
569,198,3,1633311909
569,39,3,1637732817
569,146,4,1644846504
569,9,3,1652998654
569,140,3,1660137386
569,115,4,1666410281
569,111,3,1666603214
569,10,3,1674312818
569,52,3,1675578438
569,192,4,1682221025
569,109,2,1684469402
569,204,3,1689528388
570,203,3,1600409659
570,229,2,1600942562
570,181,2,1601948738
570,65,3,1603509045
570,21,3,1603964279
570,97,4,1606269173
570,18,4,1607888795
570,154,1,1609351597
570,188,4,1610607030
570,13,2,1610673684
570,43,3,1612275633
570,117,2,1612927656
570,198,3,1613004517
570,195,5,1615791586
570,1,3,1616299494
570,58,3,1617759492
570,27,3,1620201628
570,209,3,1622120338
570,194,2,1622691315
570,175,4,1624129404
570,167,3,1624706896
570,132,2,1624833353
570,246,2,1625037648
570,82,3,1626821115
570,225,3,1627349427
570,127,2,1628752004
570,5,4,1630754398
570,164,2,1631697215
570,9,4,1635112097
570,153,2,1638306156
570,243,3,1638939604
570,189,3,1640634731
570,192,4,1641256443
570,186,4,1642450461
570,62,3,1643205950
570,72,4,1645078015
570,52,3,1646669298
570,130,3,1647974342
570,168,3,1648976797
570,155,3,1649321699
570,26,4,1649511680
570,102,4,1650784565
570,100,2,1651337810
570,166,3,1651392831
570,145,5,1652409585
570,187,4,1653207787
570,39,3,1653236325
570,93,3,1654124461
570,125,3,1654635848
570,231,4,1655450464
570,47,2,1658051125
570,50,3,1660146616
570,61,3,1665763544
570,220,3,1667086386
570,152,2,1667143318
570,23,3,1668607366
570,2,3,1668640217
570,210,5,1669959328
570,32,3,1670033853
570,85,3,1671278434
570,215,2,1673712702
570,202,4,1677103620
570,184,3,1677814779
570,25,2,1679357757
570,78,1,1679985854
570,88,5,1681881194
570,109,3,1682771090
570,89,3,1684277913
570,111,4,1685352944
570,249,4,1686070196
570,141,4,1686987757
570,140,2,1688208392
570,76,2,1688354561
570,119,1,1690004217
570,179,4,1694081871
571,123,4,1600238233
571,107,2,1600458238
571,50,3,1601387558
571,175,4,1602426002
571,157,3,1603581771
571,190,1,1604008707
571,207,3,1604276995
571,33,4,1604489262
571,78,1,1605235997
571,56,3,1606328377
571,112,4,1606949134
571,244,5,1607494569
571,204,4,1609237735
571,98,3,1609317071
571,177,2,1609562312
571,13,3,1610379854
571,46,4,1610869741
571,91,2,1610894517
571,232,3,1610936524
571,249,5,1612087663
571,185,4,1613248681
571,102,3,1613253619
571,224,4,1614559677
571,162,2,1614779933
571,184,3,1614903160
571,136,4,1617215717
571,61,4,1617891056
571,152,2,1617974417
571,32,3,1618029030
571,79,4,1618783679
571,106,1,1618897080
571,168,5,1618917760
571,87,3,1618948606
571,93,4,1621497777
571,48,3,1623378022
571,179,3,1624370670
571,139,1,1626307055
571,64,3,1627077448
571,68,4,1627248727
571,100,3,1627260498
571,186,2,1627790597
571,225,3,1628345307
571,155,2,1628699127
571,212,5,1629213167
571,72,4,1632497645
571,15,3,1632678776
571,120,4,1633440195
571,8,3,1633612486
571,34,3,1634038500
571,83,3,1634081606
571,169,4,1634550217
571,202,5,1636440563
571,53,3,1636700943
571,54,3,1636928637
571,250,3,1637181136
571,140,4,1637809007
571,16,2,1638210345
571,238,2,1638646387
571,160,5,1639598907
571,159,4,1640298696
571,35,3,1640536267
571,77,3,1640632714
571,109,5,1642773887
571,229,3,1643366050
571,210,5,1644621054
571,216,4,1645494323
571,199,2,1645511305
571,203,2,1645917998
571,36,1,1646445895
571,114,3,1647009286
571,215,3,1647286988
571,110,3,1647583932
571,58,3,1648347501
571,182,4,1648896283
571,145,3,1650149682
571,52,3,1650841922
571,127,4,1653028591
571,122,5,1653863393
571,19,3,1654867044
571,226,4,1655292514
571,239,4,1656042902
571,62,3,1656361073
571,230,3,1656531108
571,132,4,1656644341
571,111,5,1658790384
571,193,3,1658950025
571,18,3,1659163150
571,21,3,1659344890
571,206,5,1662499620
571,245,2,1664026544
571,137,3,1665385099
571,89,3,1665740392
571,154,3,1666318597
571,211,4,1666904194
571,27,4,1667174795
571,231,5,1667994883
571,223,2,1668563594
571,5,5,1668982515
571,30,3,1670788709
571,104,2,1672650699
571,173,5,1674024589
571,188,3,1675797017
571,236,1,1677304308
571,134,4,1679024229
571,39,4,1679515756
571,167,3,1680460260
571,219,4,1681231712
571,121,4,1681833781
571,28,4,1681888091
571,12,3,1683302961
571,141,2,1683946819
571,94,5,1686223743
571,23,2,1686789457
571,221,5,1687612383
571,115,3,1688788457
571,192,3,1688843155
571,81,5,1689373470
571,75,4,1690559690
571,130,3,1691244613
571,86,2,1692146567
571,197,3,1692640369
571,164,4,1694190196
572,140,3,1601570230
572,88,4,1604342249
572,249,5,1605427923
572,145,3,1612729014
572,59,3,1613930198
572,214,2,1618869266
572,136,4,1619543293
572,69,4,1620105438
572,188,4,1624274107
572,76,4,1626956960
572,193,3,1627821086
572,111,5,1636783859
572,107,1,1637211392
572,15,4,1645816714
572,210,3,1647427318
572,39,4,1647672828
572,46,5,1649074354
572,182,4,1649241044
572,166,5,1650891012
572,195,4,1651140812
572,175,5,1651605042
572,18,2,1652651210
572,54,2,1660483926
572,36,2,1660751229
572,250,2,1662303222
572,150,4,1663366621
572,27,5,1663600002
572,62,3,1669605130
572,132,2,1670272431
572,221,5,1671141509
572,123,4,1673320767
572,192,3,1673683848
572,120,4,1675276912
572,112,4,1676395547
572,100,5,1680805119
572,168,4,1681812874
572,206,5,1681818590
572,40,2,1688782598
572,218,3,1689476097
573,5,3,1602035922
573,210,4,1614222455
573,249,2,1621258232
573,212,4,1622621598
573,154,2,1630948643
573,221,3,1648202614
573,139,3,1666482623
573,198,3,1666805880
573,148,1,1686944261
573,39,4,1688985606
573,16,1,1691089010
574,21,3,1603737190
574,188,3,1606744801
574,30,3,1609020195
574,140,2,1613725466
574,214,4,1614389484
574,103,2,1619401913
574,210,2,1627400505
574,39,3,1629156309
574,139,2,1629575952
574,156,2,1630482901
574,223,2,1630670369
574,93,3,1636671068
574,101,1,1639327151
574,61,4,1639485096
574,109,2,1639661281
574,18,4,1645075562
574,206,4,1647406329
574,172,2,1656478726
574,166,4,1657999090
574,136,5,1659995237
574,141,3,1661351951
574,213,3,1672158446
574,76,5,1680976662
574,175,3,1682882904
574,89,5,1687580767
574,167,3,1690200005
574,144,5,1690901254
574,78,2,1693144873
575,192,3,1601341177
575,206,2,1601426889
575,241,4,1601779944
575,208,5,1601955449
575,69,4,1602295445
575,199,2,1603286740
575,247,1,1603975149
575,123,4,1604555259
575,210,3,1609411775
575,152,4,1610477073
575,171,4,1611936813
575,32,4,1615455869
575,126,3,1616625040
575,73,4,1617398349
575,230,3,1618660932
575,235,4,1619736984
575,39,4,1620120300
575,102,2,1620578317
575,18,4,1622698934
575,105,2,1622879765
575,234,3,1626003522
575,169,2,1626059715
575,45,3,1626753608
575,236,4,1627415333
575,190,2,1628047928
575,139,4,1628339137
575,168,4,1628505091
575,195,4,1628560962
575,184,3,1633241798
575,132,4,1634030607
575,109,3,1635175792
575,43,4,1636320280
575,61,4,1637030399
575,62,4,1637638775
575,27,5,1639105504
575,100,2,1639303282
575,175,2,1639694884
575,58,3,1641659595
575,16,1,1641663786
575,21,2,1643477700
575,140,1,1643535607
575,70,3,1645265569
575,41,4,1645606301
575,85,3,1646319167
575,203,2,1647435322
575,137,4,1651147388
575,10,3,1652018708
575,145,2,1653063670
575,182,5,1654901979
575,89,3,1656386852
575,127,4,1657349367
575,30,4,1658726988
575,249,3,1659819270
575,13,4,1660122048
575,80,5,1661435719
575,107,4,1661635694
575,121,3,1662167699
575,250,4,1663767074
575,188,3,1665797815
575,46,3,1666406085
575,7,3,1668846341
575,237,4,1669011109
575,130,2,1671741518
575,244,5,1671790626
575,214,3,1671962811
575,125,3,1673327513
575,164,1,1673927897
575,218,3,1674353004
575,59,2,1675379818
575,120,2,1675866900
575,197,4,1676178852
575,154,1,1676325156
575,86,1,1677830563
575,150,5,1678082259
575,136,5,1678384064
575,138,5,1678774953
575,2,5,1679573510
575,167,2,1680957044
575,53,3,1681696353
575,155,4,1681761553
575,128,3,1683364862
575,79,4,1683784287
575,15,3,1684700417
575,179,5,1685207760
575,196,3,1685899787
575,51,4,1688041553
575,50,4,1690512090
575,34,3,1691019286
575,232,5,1691390337
575,26,3,1693225572
575,225,3,1693514864
576,189,2,1603222168
576,132,5,1603775620
576,106,1,1605151475
576,9,3,1607994519
576,193,3,1610221620
576,76,3,1612398824
576,225,4,1612762331
576,22,2,1614194716
576,231,3,1614277235
576,185,3,1615044872
576,86,3,1618522473
576,109,4,1624026754
576,54,3,1627200585
576,94,4,1628628862
576,154,3,1629036409
576,140,3,1629441039
576,227,4,1636839934
576,50,3,1637127612
576,101,2,1638904183
576,26,3,1640480142
576,187,3,1641562203
576,221,2,1641796001
576,192,5,1642177363
576,27,5,1642883625
576,93,4,1643217820
576,125,4,1644169268
576,175,4,1648212647
576,5,4,1648848563
576,196,4,1650159729
576,39,4,1650747458
576,15,2,1651639229
576,79,5,1654868356
576,210,4,1655926116
576,77,3,1656816592
576,150,5,1658721785
576,188,2,1659395773
576,235,3,1667654128
576,65,3,1669574611
576,199,2,1670041318
576,243,4,1671671587
576,224,3,1672722409
576,139,3,1673795359
576,244,3,1674803098
576,35,3,1679303514
576,171,3,1682133204
576,206,5,1682971078
576,70,3,1687915643
576,100,3,1688072442
576,85,3,1689424313
576,13,2,1689469287
576,61,4,1690072474
576,148,3,1690680382
577,154,3,1602552752
577,189,4,1604234133
577,221,4,1604578717
577,52,3,1610624425
577,123,3,1611008441
577,193,3,1611780630
577,44,2,1614185070
577,100,4,1617839468
577,89,4,1621879434
577,192,5,1622349483
577,197,2,1622424550
577,77,5,1624594782
577,82,2,1625326157
577,244,4,1626365057
577,72,4,1629450429
577,25,5,1631792601
577,206,4,1632080666
577,76,4,1633217334
577,28,4,1636504492
577,175,3,1636681767
577,8,1,1639387288
577,209,3,1640654117
577,223,3,1643325508
577,109,3,1644587364
577,196,2,1644949601
577,230,3,1646657663
577,107,3,1652090716
577,226,5,1654803162
577,18,3,1657315222
577,135,3,1657843706
577,39,5,1659782164
577,38,3,1660882092
577,21,2,1663623332
577,101,2,1665397357
577,120,4,1666901108
577,188,4,1667279718
577,155,2,1670188248
577,173,4,1670564860
577,5,5,1671720141
577,201,3,1675813612
577,111,3,1675965707
577,190,1,1678263862
577,94,5,1680208191
577,13,2,1684239345
577,79,3,1687412661
577,132,4,1689912945
578,188,4,1601922339
578,223,2,1603220340
578,210,4,1604902966
578,109,4,1606499248
578,166,2,1607516697
578,46,2,1610041164
578,225,2,1611187945
578,9,3,1611395501
578,25,4,1612726597
578,140,1,1614115707
578,105,2,1617760800
578,186,3,1618805000
578,155,2,1622064752
578,85,4,1624772357
578,79,3,1624912466
578,143,2,1625528082
578,16,1,1626343414
578,27,3,1627318458
578,180,3,1628618032
578,132,3,1631561761
578,100,2,1632219999
578,185,5,1632534835
578,56,3,1633471464
578,156,2,1637264978
578,19,3,1637496962
578,200,4,1638777144
578,182,4,1639303096
578,13,2,1639451234
578,244,3,1640003343
578,111,3,1643891717
578,157,1,1644112366
578,104,3,1645200495
578,125,3,1646834233
578,133,3,1647394202
578,86,2,1647796169
578,5,3,1648314931
578,154,2,1649948735
578,30,2,1650063104
578,68,4,1650655073
578,198,4,1651759833
578,123,3,1652860609
578,195,2,1653860534
578,179,3,1656838930
578,190,2,1657327600
578,134,4,1658990827
578,89,2,1659805081
578,201,2,1660228310
578,232,2,1663329865
578,130,3,1666604993
578,120,2,1667255084
578,174,3,1667360460
578,192,4,1667876197
578,168,3,1670712592
578,94,3,1671800974
578,241,2,1672235369
578,50,2,1672899832
578,2,5,1675151633
578,39,3,1675718763
578,139,2,1679325200
578,175,4,1681300518
578,249,3,1681430060
578,93,2,1682405042
578,204,3,1682565914
578,69,3,1683872829
578,65,5,1684440190
578,54,2,1685787819
578,53,5,1686593701
578,36,3,1687200624
578,18,3,1688470310
578,127,4,1691145105
579,145,4,1600231229
579,169,3,1600593397
579,243,5,1601288939
579,173,3,1601749924
579,39,4,1603386049
579,94,5,1605252893
579,199,3,1608576363
579,231,4,1610266472
579,152,3,1613487154
579,50,4,1613868713
579,53,4,1616234402
579,27,5,1617809893
579,221,4,1621232673
579,198,4,1623653643
579,160,5,1623924782
579,238,3,1626072870
579,159,4,1629589594
579,203,1,1633419669
579,249,3,1635564921
579,250,5,1637375586
579,76,4,1640432123
579,46,3,1644906217
579,47,2,1645390705
579,51,4,1646517622
579,216,5,1647730399
579,13,3,1652676546
579,210,3,1653220176
579,168,3,1656940283
579,197,2,1658460964
579,105,3,1658499405
579,85,4,1658598202
579,130,3,1660772149
579,175,3,1661465538
579,79,4,1662025511
579,138,5,1666780810
579,100,2,1667402447
579,22,2,1669569822
579,19,2,1669755124
579,214,5,1672357073
579,41,3,1673917147
579,232,3,1673952457
579,123,4,1675697415
579,43,2,1678038385
579,207,5,1683806171
579,181,5,1685549749
579,155,3,1687360503
579,157,2,1691544978
579,131,4,1693709761
580,9,3,1603524441
580,62,2,1604575435
580,101,2,1605485102
580,93,4,1605583829
580,105,3,1606917489
580,79,3,1607840416
580,50,2,1607886314
580,225,3,1608826441
580,128,2,1610314872
580,25,4,1614155291
580,46,3,1615507832
580,154,3,1616143077
580,232,3,1618889317
580,100,3,1620045415
580,54,3,1621049106
580,42,3,1622555201
580,52,3,1623494924
580,81,5,1624575262
580,244,3,1624646456
580,53,3,1625341631
580,130,2,1625873543
580,185,5,1626729712
580,139,3,1628554366
580,221,2,1629215254
580,76,4,1633883046
580,191,2,1635873622
580,125,3,1639341126
580,28,2,1640660988
580,218,2,1641252205
580,184,4,1643703029
580,129,1,1644476483
580,109,4,1644682097
580,116,4,1645084093
580,250,3,1647787326
580,136,5,1648657352
580,153,3,1651384123
580,137,3,1654861497
580,236,3,1654998707
580,188,4,1656031387
580,181,2,1657497193
580,189,4,1659083294
580,18,3,1661107553
580,192,3,1661425089
580,39,3,1662745849
580,210,4,1664011485
580,106,2,1665094904
580,13,1,1665325528
580,168,3,1667588131
580,5,3,1670678707
580,238,1,1671347125
580,190,2,1673985717
580,123,3,1675360120
580,180,4,1679282864
580,175,2,1679651737
580,224,4,1679692282
580,235,4,1679829836
580,150,5,1681062096
580,113,2,1681162944
580,97,4,1681213255
580,115,3,1682087242
580,173,3,1684635528
580,59,2,1684844659
580,206,3,1685267257
580,151,4,1685404231
580,146,4,1687042232
580,249,2,1687066326
580,140,4,1689511627
580,104,3,1690403799
580,162,3,1690541724
580,203,2,1692423483
580,31,1,1693568377
580,21,5,1693970543
580,27,5,1694108527
580,16,2,1694498976
581,39,4,1600123805
581,168,4,1600600267
581,93,4,1602970013
581,150,3,1604118023
581,37,4,1607401485
581,171,3,1608741789
581,210,4,1611429857
581,23,3,1612173991
581,14,1,1612622552
581,184,3,1612799140
581,201,5,1614422041
581,47,1,1614995214
581,21,2,1615544292
581,175,4,1618011095
581,25,3,1619680328
581,18,4,1620235158
581,85,3,1621652479
581,157,5,1621689884
581,214,2,1625617328
581,54,5,1626046607
581,250,3,1629366444
581,140,2,1630233224
581,205,4,1630849951
581,204,3,1631664230
581,5,5,1632857711
581,79,4,1635039843
581,13,3,1638048811
581,115,3,1640308087
581,146,5,1641010303
581,180,2,1641352207
581,50,2,1642248117
581,113,2,1643536926
581,123,4,1643664959
581,238,1,1646213962
581,182,3,1648134053
581,69,4,1649150385
581,225,3,1649747676
581,181,2,1650698799
581,48,1,1653564069
581,130,2,1654325305
581,77,3,1654896058
581,228,3,1655324680
581,111,5,1657700338
581,76,3,1658294992
581,229,3,1658567978
581,236,3,1658691463
581,221,5,1659730150
581,161,5,1659885767
581,233,5,1660071924
581,35,3,1663367330
581,139,4,1663400617
581,104,4,1665734514
581,195,4,1667010639
581,149,4,1667364205
581,102,2,1668208126
581,71,2,1669669480
581,188,3,1669809882
581,62,3,1670755322
581,172,1,1671035961
581,34,4,1674020626
581,154,3,1677817508
581,86,2,1679116814
581,100,4,1684840425
581,55,5,1685295509
581,133,4,1685458292
581,94,5,1686417658
581,232,3,1687740599
581,226,4,1689809305
582,168,4,1602442176
582,148,2,1602817722
582,202,5,1603902682
582,100,3,1604842316
582,3,3,1605778258
582,15,3,1606691642
582,79,4,1608016750
582,230,3,1609022645
582,250,3,1609723777
582,26,3,1611192025
582,43,3,1614056378
582,198,4,1614695514
582,109,3,1616096614
582,139,5,1616736780
582,242,4,1616992137
582,14,5,1620068270
582,226,3,1620234180
582,18,4,1622890714
582,24,5,1623562205
582,249,5,1626390121
582,28,3,1626864548
582,192,3,1628226532
582,2,3,1629518877
582,127,3,1630126177
582,223,3,1631667976
582,211,4,1631982202
582,185,5,1632280748
582,197,2,1633181736
582,247,2,1633622240
582,111,3,1633906206
582,130,2,1634869380
582,123,5,1636917525
582,47,3,1638515047
582,62,4,1640039197
582,206,4,1641291445
582,135,4,1643441862
582,80,4,1644222632
582,116,4,1645086787
582,104,3,1645757013
582,175,3,1646209046
582,138,4,1647141731
582,232,5,1648754712
582,86,3,1649752475
582,58,3,1650580387
582,53,5,1651130607
582,199,4,1652175140
582,134,3,1656063617
582,125,3,1656805489
582,244,4,1657064441
582,50,5,1661617804
582,132,5,1667214937
582,225,2,1667282130
582,171,4,1667853606
582,61,5,1668328069
582,68,4,1669640146
582,85,4,1669840868
582,9,1,1672043819
582,7,4,1672418151
582,5,5,1672542046
582,216,3,1672718200
582,52,4,1673489871
582,33,3,1674520421
582,93,5,1675792163
582,39,3,1676425500
582,214,3,1676775515
582,237,4,1680504289
582,188,4,1680937904
582,193,4,1682642343
582,136,4,1682658625
582,21,4,1683931900
582,154,4,1685526702
582,221,3,1685918565
582,27,3,1686879913
582,235,2,1687694592
582,91,3,1689632662
582,155,4,1691625803
582,236,2,1693416435
582,187,3,1693954354
582,210,3,1694312524
583,153,2,1602285171
583,43,5,1603382197
583,234,3,1607398720
583,230,4,1608451961
583,157,2,1609307976
583,213,3,1616004481
583,152,3,1616104577
583,137,2,1616521900
583,109,2,1617297415
583,16,1,1619518225
583,36,2,1621233425
583,59,4,1621409785
583,154,3,1622417106
583,27,5,1623901241
583,69,4,1626539974
583,116,3,1629383984
583,94,5,1629598598
583,232,2,1630630339
583,193,2,1635114457
583,89,3,1637077400
583,249,5,1637796424
583,18,4,1638097084
583,68,3,1640971363
583,93,4,1641189456
583,100,3,1641712227
583,236,5,1645107320
583,127,4,1646932471
583,162,2,1648469734
583,231,4,1649739429
583,244,5,1652182790
583,185,4,1652392600
583,79,4,1653159096
583,188,3,1656971779
583,117,5,1657083433
583,212,5,1668318272
583,41,4,1668325477
583,141,2,1669139628
583,53,4,1669328275
583,175,4,1670663291
583,39,3,1671234149
583,181,2,1671473736
583,147,3,1676212775
583,5,5,1685506700
583,50,3,1688423204
583,247,5,1688594126
583,52,4,1688958329
583,106,1,1689075459
583,235,4,1691370361
583,210,5,1692003209
583,250,3,1692364118
583,192,4,1693434931
583,139,3,1693683998
584,71,2,1603383629
584,111,5,1604290126
584,235,3,1606670732
584,52,2,1610001198
584,175,3,1610189195
584,200,4,1612579708
584,154,3,1617314444
584,160,5,1617912870
584,166,4,1617986497
584,206,5,1618164338
584,105,4,1618954730
584,130,3,1619586942
584,87,4,1619674389
584,75,4,1619744974
584,79,5,1621007781
584,63,3,1621853813
584,140,4,1622763387
584,27,5,1623744461
584,177,4,1636991381
584,46,3,1640724805
584,5,4,1640728149
584,81,4,1640755888
584,9,5,1641594003
584,211,3,1644501809
584,136,5,1645119971
584,237,3,1646434041
584,47,2,1646594022
584,14,2,1647816630
584,157,2,1650438454
584,110,3,1651607673
584,182,5,1653031698
584,109,2,1653246389
584,181,2,1656252350
584,39,3,1658033471
584,210,5,1658657675
584,232,3,1660938396
584,145,5,1664819986
584,242,4,1666306385
584,222,4,1667284184
584,180,3,1667576251
584,193,2,1669687183
584,72,4,1670994382
584,57,5,1671628445
584,125,3,1672704204
584,188,4,1673769087
584,70,3,1673997973
584,58,3,1675068663
584,229,2,1675763242
584,61,3,1678324539
584,197,4,1685691623
584,187,4,1686307716
584,203,2,1686565883
584,18,4,1688532412
584,100,5,1688533904
584,123,4,1689458127
584,249,5,1691890731
585,139,4,1600699257
585,18,3,1602621415
585,125,4,1602929052
585,221,2,1602967922
585,185,3,1603113217
585,210,3,1604113356
585,47,2,1608061530
585,39,4,1616452905
585,27,5,1619887297
585,123,3,1623902829
585,154,2,1625415511
585,234,4,1631810289
585,131,4,1634222610
585,229,2,1634859895
585,78,1,1640770047
585,182,5,1647328394
585,206,3,1657677262
585,58,3,1662896305
585,53,2,1665775057
585,188,3,1666916510
585,192,3,1668464085
585,20,3,1672055652
585,93,3,1672548070
585,30,5,1674062435
585,82,3,1677986395
585,56,3,1679064395
585,109,3,1687122412
585,225,3,1687235763
585,153,2,1694541715
586,22,4,1600910617
586,148,3,1608261586
586,39,4,1609994477
586,86,2,1619953520
586,154,4,1623712138
586,111,3,1624181764
586,173,4,1625689271
586,125,3,1626113050
586,175,3,1627543899
586,131,3,1628469971
586,93,4,1633490127
586,27,4,1635204791
586,122,5,1636296822
586,155,3,1641881184
586,246,3,1649199696
586,188,4,1649395739
586,123,3,1650633203
586,177,2,1650714613
586,109,4,1651020985
586,140,1,1652651612
586,180,5,1668136832
586,18,4,1671588076
586,68,3,1677122266
586,206,4,1683179762
586,28,3,1685366853
587,226,3,1601070595
587,52,3,1601415123
587,169,3,1602940896
587,243,5,1603193302
587,175,4,1603475435
587,146,3,1604311529
587,111,3,1605007323
587,182,5,1605841072
587,236,3,1606207412
587,24,4,1607005564
587,100,3,1607587486
587,2,5,1607909172
587,125,4,1610004060
587,188,5,1611910243
587,152,2,1612907480
587,93,4,1613237331
587,94,4,1613395816
587,13,3,1614262290
587,164,3,1614868446
587,5,4,1615051907
587,16,1,1615964254
587,83,3,1618208973
587,170,5,1619579680
587,12,2,1620295681
587,187,2,1622106629
587,117,2,1623452992
587,176,4,1624382891
587,109,4,1625135985
587,206,3,1625277044
587,155,4,1625377096
587,210,5,1625478067
587,248,2,1625973978
587,39,3,1626310547
587,244,5,1628257136
587,54,3,1630487371
587,225,4,1630792564
587,168,4,1631122120
587,161,3,1631427652
587,123,4,1631850912
587,58,3,1636848165
587,192,3,1637116656
587,76,3,1639057800
587,214,3,1639164801
587,116,5,1643336084
587,4,3,1643507547
587,241,3,1643539291
587,15,3,1643846992
587,139,4,1643943886
587,250,3,1644529014
587,47,3,1645371604
587,27,5,1646025555
587,18,4,1647160277
587,107,1,1647646368
587,130,3,1649532576
587,89,2,1653873568
587,202,5,1655810952
587,186,5,1657139637
587,32,4,1660351600
587,97,4,1661258373
587,144,4,1661818920
587,232,5,1662090087
587,23,3,1663952850
587,25,4,1664810868
587,115,5,1666152984
587,221,3,1668292614
587,138,5,1669277390
587,140,3,1670559462
587,74,5,1670657174
587,135,5,1671456049
587,79,3,1674861887
587,43,2,1675090657
587,247,3,1676318562
587,145,3,1677691735
587,50,5,1679546563
587,209,4,1679799850
587,85,4,1680251434
587,184,3,1682670325
587,21,4,1683437353
587,156,5,1683449736
587,193,5,1685216412
587,56,4,1685678114
587,41,3,1692449117
587,132,3,1693000817
587,196,5,1693809572
587,98,2,1694401142
588,79,4,1608890878
588,111,4,1610145738
588,27,3,1611297132
588,166,4,1615682532
588,193,3,1616226151
588,232,3,1627074462
588,249,5,1627350237
588,100,3,1627920223
588,17,4,1628225418
588,68,4,1629148161
588,47,1,1630301334
588,31,3,1631361386
588,101,3,1631719977
588,164,4,1636182708
588,54,3,1642472976
588,46,4,1643153851
588,173,4,1646191186
588,244,4,1647764439
588,93,5,1651525352
588,98,2,1653254676
588,24,3,1653903535
588,161,4,1654724631
588,52,3,1656721559
588,225,4,1657510726
588,104,3,1658991306
588,59,3,1661453093
588,175,3,1661676856
588,201,3,1663534601
588,14,3,1664889930
588,167,3,1666662105
588,89,3,1666876439
588,180,3,1667404244
588,228,2,1668310654
588,109,3,1671806688
588,58,3,1675686269
588,19,5,1676687788
588,50,3,1680349286
588,188,4,1680872231
588,243,3,1681344833
588,39,4,1681835113
588,126,3,1684432654
588,7,5,1686528655
588,250,4,1687438575
588,25,3,1689144712
588,197,2,1694427593
589,188,3,1602012988
589,110,4,1602145493
589,79,3,1602272835
589,130,3,1608296572
589,123,3,1608634191
589,54,2,1610515730
589,14,2,1611419293
589,168,3,1614924369
589,154,3,1615346745
589,206,2,1617754041
589,141,2,1618781273
589,93,5,1619087300
589,61,4,1619639802
589,234,4,1619895289
589,148,3,1620950937
589,80,5,1622311743
589,48,3,1622482481
589,7,3,1623308761
589,150,4,1623986704
589,39,5,1627299291
589,46,3,1629299420
589,72,3,1631008947
589,159,3,1631436063
589,103,2,1631488224
589,242,3,1632098474
589,89,3,1635763312
589,35,3,1635786856
589,184,4,1643343720
589,23,2,1644600993
589,181,3,1645029270
589,241,2,1646027545
589,21,2,1648820434
589,250,3,1650846669
589,145,5,1652621715
589,199,2,1653063737
589,53,4,1654529226
589,115,4,1656442979
589,160,5,1656769350
589,27,3,1656783986
589,226,4,1657803372
589,195,5,1659779034
589,97,3,1660693000
589,236,2,1662457380
589,125,4,1663332660
589,175,4,1665453290
589,52,4,1666716714
589,136,3,1668918541
589,169,3,1669588581
589,137,4,1670465961
589,164,2,1670712073
589,18,4,1673557418
589,192,3,1674099154
589,65,2,1674487918
589,50,5,1676234001
589,32,5,1680091104
589,210,4,1680183683
589,186,4,1681272911
589,190,1,1681651264
589,57,3,1681702946
589,152,3,1682259822
589,193,3,1683408016
589,232,5,1686086277
589,149,4,1688488570
589,100,2,1689453814
589,214,4,1690013932
589,244,4,1690699634
589,177,3,1690795067
589,13,3,1694176709
590,188,4,1603351387
590,237,3,1614879368
590,61,3,1629438624
590,43,3,1630265101
590,218,2,1634360582
590,192,3,1641151647
590,83,3,1642724800
590,13,4,1644531485
590,46,3,1646681576
590,85,4,1649474679
590,123,3,1651449661
590,136,3,1656082356
590,104,3,1659044548
590,93,5,1660629285
590,223,4,1661621244
590,109,3,1664407955
590,141,4,1667344612
590,34,3,1668604141
590,169,5,1669986223
590,81,5,1670618683
590,111,1,1677551708
590,79,3,1678284629
590,5,3,1678492055
590,125,4,1683807556
590,39,4,1686537306
590,50,3,1687914980
590,102,2,1688631579
590,221,4,1689591404
590,195,5,1690771480
590,65,3,1690828659
590,45,3,1691589283
590,164,2,1692663565
590,166,4,1694164541
590,48,1,1694380597
590,173,4,1694531755
591,18,5,1600858335
591,52,4,1600990260
591,208,4,1606593239
591,76,2,1610659671
591,46,3,1611976083
591,104,4,1622124135
591,50,4,1627068643
591,139,3,1629579790
591,101,3,1631655191
591,221,2,1634792172
591,121,3,1635733215
591,154,2,1636769717
591,130,1,1640458854
591,223,1,1644358606
591,195,3,1645430556
591,175,4,1652850090
591,39,4,1659618533
591,17,3,1660325048
591,192,4,1675222325
591,87,4,1684610762
591,180,3,1687589376
591,41,4,1688184880
592,25,4,1600317400
592,57,4,1603002309
592,182,5,1603053809
592,160,4,1604892536
592,157,3,1606169201
592,238,4,1607660040
592,111,3,1610372290
592,104,5,1611351626
592,2,5,1611682110
592,79,4,1612854966
592,62,5,1613598724
592,221,5,1617203071
592,139,4,1618072914
592,81,5,1620957833
592,179,4,1621451011
592,151,2,1625656593
592,131,3,1630149243
592,110,4,1630579510
592,119,2,1636225508
592,49,3,1636667040
592,236,2,1637997717
592,168,5,1646996424
592,146,3,1647660934
592,95,5,1652398360
592,50,3,1652419811
592,15,3,1652837197
592,86,3,1657303136
592,190,3,1657382229
592,210,4,1659072543
592,199,4,1661521117
592,123,2,1661844378
592,39,5,1664205984
592,245,4,1664918084
592,89,4,1665823424
592,43,4,1678345731
592,93,4,1680759478
592,232,4,1682192690
592,27,4,1682897366
592,78,3,1683317940
592,198,3,1685717413
592,136,5,1692445300
592,154,4,1693587886
592,235,3,1693887849
593,123,2,1600985316
593,146,5,1602746542
593,136,5,1602844157
593,80,3,1603569083
593,109,3,1606728920
593,206,1,1607320905
593,198,4,1608717186
593,61,3,1608924259
593,184,4,1610701150
593,218,3,1612620693
593,64,3,1616235254
593,57,4,1616842121
593,39,4,1618410509
593,171,3,1620636285
593,157,3,1623901051
593,175,2,1624697783
593,192,3,1624749737
593,168,3,1625312189
593,125,2,1625367018
593,225,3,1626772519
593,242,3,1629562487
593,226,3,1631482037
593,89,5,1632892297
593,5,4,1633215556
593,52,2,1634290491
593,107,4,1635345558
593,79,5,1635590900
593,202,4,1636099133
593,9,4,1636215081
593,223,1,1637276853
593,6,2,1638378446
593,154,3,1638707453
593,221,4,1639384741
593,100,2,1639476921
593,30,5,1639786762
593,13,3,1641948017
593,193,3,1642105901
593,82,3,1643796012
593,104,2,1644035961
593,50,3,1644373872
593,128,2,1645317621
593,23,3,1646376166
593,18,3,1648317358
593,140,2,1649348237
593,249,2,1649993579
593,120,3,1650906290
593,182,5,1651137402
593,94,4,1651389150
593,195,3,1652796696
593,138,4,1653590966
593,244,2,1653995100
593,76,3,1654604093
593,240,4,1655405909
593,65,4,1655909662
593,81,4,1656683682
593,134,5,1656788860
593,115,2,1659496700
593,187,3,1660678014
593,2,3,1662714106
593,34,4,1664957767
593,21,4,1666395171
593,203,1,1669230756
593,188,4,1672157685
593,199,2,1673303249
593,180,4,1673489346
593,8,2,1677181341
593,102,3,1679921757
593,139,3,1680445455
593,93,3,1683703191
593,7,2,1684353740
593,210,4,1684623438
593,127,4,1685316288
593,47,2,1685550563
593,111,4,1685737779
593,46,2,1686086800
593,27,4,1686566190
593,155,2,1689228911
593,141,3,1689609886
593,235,3,1691583578
593,189,2,1691981005
593,70,2,1693815947
594,93,5,1600021710
594,12,3,1602131778
594,127,2,1603286207
594,14,4,1603958028
594,166,3,1605492365
594,72,3,1606585231
594,194,5,1607223094
594,112,4,1607287442
594,145,3,1608897373
594,168,4,1609237177
594,153,4,1615730716
594,210,4,1616662906
594,52,4,1617184520
594,195,5,1617647734
594,182,3,1618476680
594,57,4,1618568179
594,130,4,1623843909
594,18,5,1627705171
594,70,5,1629771411
594,136,4,1630528200
594,74,2,1634404866
594,188,4,1636476159
594,250,4,1636575312
594,156,3,1640164857
594,58,3,1640398853
594,187,4,1642465116
594,160,5,1646065256
594,249,3,1646787378
594,235,4,1649730833
594,99,2,1650210217
594,120,4,1650835024
594,175,4,1652781414
594,101,4,1657819085
594,218,4,1658845796
594,202,4,1659051297
594,80,4,1659388294
594,135,3,1659619953
594,180,3,1660105051
594,192,3,1661418363
594,154,2,1663204965
594,50,5,1663566455
594,232,5,1665321594
594,179,4,1669683609
594,206,4,1669924275
594,123,3,1670037738
594,141,3,1672245877
594,47,3,1673012706
594,28,3,1673661439
594,91,3,1674769811
594,221,5,1676088313
594,5,4,1676582953
594,39,4,1677882987
594,214,5,1677928654
594,236,3,1679065373
594,54,3,1679326765
594,102,2,1682023672
594,19,2,1682659498
594,205,4,1684740962
594,68,3,1687429628
594,111,3,1689419075
594,26,4,1689992931
594,37,3,1690948043
594,167,4,1694336561
595,39,4,1606467874
595,130,4,1607421764
595,192,3,1618542369
595,145,3,1619697993
595,41,4,1621867716
595,229,2,1644672909
595,185,3,1644957068
595,168,4,1657486709
595,136,2,1674730690
595,52,3,1676254557
595,210,5,1676980984
595,87,3,1681281164
595,61,3,1692171803
596,19,4,1608608076
596,50,3,1610188578
596,106,3,1613181982
596,52,2,1614146967
596,2,3,1619417561
596,123,3,1621811594
596,53,4,1634183192
596,5,4,1634518953
596,174,3,1635325362
596,144,3,1636440193
596,131,2,1637182256
596,39,3,1641951397
596,236,4,1642310515
596,238,2,1643131712
596,36,2,1645438939
596,47,1,1654984657
596,61,5,1670628882
596,24,4,1671034342
596,100,2,1672157363
596,136,4,1681054079
596,13,4,1681773322
596,230,4,1682975309
596,79,3,1686635118
596,140,2,1691208526
596,109,4,1694100208
597,58,2,1600040372
597,204,3,1600182976
597,76,2,1602034877
597,177,3,1602311238
597,132,3,1602537979
597,183,3,1603268049
597,232,1,1603861014
597,52,1,1604030889
597,211,2,1604674236
597,50,2,1604828314
597,37,3,1604895209
597,137,2,1605833101
597,102,4,1606998220
597,136,3,1607108924
597,51,2,1607544889
597,226,2,1609047802
597,26,4,1610439885
597,201,2,1611165450
597,111,3,1611463154
597,77,3,1611551537
597,249,3,1613914700
597,193,3,1614098998
597,54,3,1615810117
597,131,2,1617116426
597,178,4,1618574849
597,27,4,1619738264
597,160,3,1619802500
597,192,3,1620508907
597,250,2,1620870668
597,39,5,1622055707
597,213,2,1622127064
597,206,3,1623538335
597,163,2,1624083715
597,188,3,1625426688
597,62,2,1628251438
597,61,3,1628313762
597,125,4,1628353011
597,140,2,1628719871
597,173,3,1631003572
597,92,2,1631192900
597,114,3,1631950652
597,182,3,1632038651
597,79,4,1632312539
597,210,5,1632708800
597,167,3,1633104752
597,180,3,1634164269
597,123,3,1634831505
597,126,2,1635638024
597,23,3,1635981409
597,53,4,1636701938
597,212,2,1636758738
597,93,3,1638024166
597,221,4,1640963338
597,139,2,1641442808
597,101,2,1644304124
597,46,2,1645479402
597,195,4,1645712318
597,185,3,1646655252
597,223,2,1649508898
597,69,4,1650128892
597,3,2,1650533464
597,110,3,1651611526
597,214,4,1652060571
597,19,2,1652601668
597,155,3,1652813220
597,100,2,1653865526
597,244,2,1654454347
597,118,1,1654799493
597,86,1,1655103075
597,115,3,1657857498
597,138,3,1658475681
597,89,3,1658812707
597,13,2,1658944165
597,116,3,1660100447
597,168,4,1661327844
597,21,3,1662928850
597,87,3,1664329524
597,9,3,1664727045
597,130,3,1665219561
597,197,2,1665906668
597,154,4,1667139242
597,235,3,1667742328
597,56,3,1668160655
597,15,2,1668432199
597,107,1,1669535361
597,170,2,1669905145
597,141,2,1670928508
597,179,4,1672177513
597,143,2,1672538645
597,196,4,1673055262
597,145,3,1673516184
597,164,4,1674287140
597,242,2,1674883873
597,175,4,1675110702
597,174,4,1675727858
597,80,3,1678218379
597,200,5,1679410061
597,225,3,1681386891
597,157,2,1682484461
597,231,5,1684099978
597,190,1,1685303532
597,43,3,1687985395
597,31,2,1690135933
597,109,4,1690756344
597,47,1,1692576828
597,30,3,1692684979
597,68,4,1694603921
598,79,3,1601323262
598,85,5,1605161538
598,27,3,1620583076
598,111,3,1622056341
598,199,5,1625352993
598,36,3,1627967328
598,174,3,1632628812
598,48,2,1637889995
598,155,2,1637943149
598,2,5,1642070316
598,168,5,1644234846
598,61,5,1646442519
598,68,5,1648165527
598,142,2,1648303592
598,109,4,1651409959
598,136,3,1651818077
598,175,5,1652382188
598,235,3,1658117902
598,221,5,1659070018
598,201,3,1661153227
598,157,4,1667940607
598,45,2,1669222267
598,76,3,1670558015
598,4,2,1671421745
598,53,3,1677477345
598,244,5,1680363959
598,225,3,1684756409
598,190,2,1685696871
598,125,3,1686274615
598,202,3,1687970318
598,249,2,1688458915
598,39,5,1692577759
598,150,5,1694304395
599,168,4,1601356522
599,249,3,1613191322
599,221,4,1621476554
599,19,2,1624610439
599,153,4,1629798291
599,48,2,1636616255
599,27,3,1639668310
599,192,3,1660158446
599,247,3,1662864520
599,17,4,1669871757
599,225,4,1673823316
599,163,2,1685443432
600,193,2,1600130387
600,140,2,1600403850
600,249,3,1600536816
600,178,2,1600984718
600,100,3,1601427207
600,20,2,1601569160
600,88,5,1601716312
600,150,5,1601876572
600,12,2,1602181379
600,13,4,1602777002
600,15,3,1603577424
600,85,3,1604280907
600,40,2,1605641168
600,175,3,1605885621
600,146,5,1606332428
600,246,1,1609883397
600,241,1,1610925294
600,160,5,1611560097
600,70,2,1612924792
600,221,3,1614119000
600,131,2,1615581636
600,34,4,1615999089
600,81,5,1616013232
600,109,4,1616877407
600,6,3,1617009445
600,234,4,1617027453
600,141,4,1617257342
600,132,5,1617775237
600,2,4,1618957202
600,58,4,1619228638
600,188,3,1621474489
600,106,1,1622240321
600,32,3,1623517749
600,204,3,1624175301
600,5,2,1624839250
600,50,3,1627512331
600,189,3,1628950683
600,173,3,1629919491
600,123,3,1630880720
600,133,4,1632741128
600,93,3,1633627644
600,120,1,1635017969
600,142,3,1636018849
600,9,2,1637520292
600,86,2,1638129113
600,41,3,1638194081
600,96,3,1638941351
600,202,4,1640575815
600,62,3,1640970208
600,250,3,1642300977
600,46,3,1644123377
600,156,2,1644204079
600,136,5,1645097531
600,33,4,1646195700
600,190,2,1646341343
600,36,1,1646784897
600,177,3,1647334077
600,148,3,1650359250
600,61,4,1653699006
600,56,3,1654569112
600,243,4,1655525257
600,196,2,1655635616
600,125,4,1657410073
600,164,4,1657603965
600,115,3,1657939696
600,53,4,1658455834
600,231,5,1658639364
600,247,3,1659402623
600,98,2,1661369368
600,152,2,1661538457
600,101,2,1661714887
600,139,2,1662069128
600,79,5,1662249600
600,185,4,1663385475
600,171,3,1664840663
600,116,3,1665292003
600,11,3,1666378805
600,168,3,1666459484
600,229,2,1667239077
600,72,2,1668697693
600,155,3,1669461575
600,27,4,1669511905
600,235,2,1669945261
600,110,3,1670245978
600,198,2,1670444457
600,197,5,1670589131
600,181,2,1671513564
600,225,3,1672646335
600,39,4,1673992702
600,232,2,1674010364
600,104,4,1674335456
600,201,3,1674487489
600,121,3,1675505107
600,192,4,1675558614
600,214,2,1677316443
600,223,3,1679177970
600,236,4,1679392101
600,18,4,1680024026
600,52,3,1680287373
600,69,5,1680824434
600,180,2,1681124275
600,206,3,1681221896
600,218,3,1681555211
600,23,4,1682720403
600,170,3,1682759957
600,154,4,1684730249
600,68,4,1686784671
600,21,3,1687435917
600,179,4,1688429084
600,203,2,1689108749
600,127,4,1689161427
600,111,3,1689435639
600,210,2,1691078799
600,182,4,1691481091
600,99,2,1692619111
600,166,2,1693480816
600,195,3,1694555115
601,75,1,1600340820
601,130,5,1600809450
601,146,2,1601059972
601,188,4,1604928608
601,46,2,1605598264
601,213,2,1607671963
601,131,1,1611506398
601,223,4,1612678760
601,50,3,1614574653
601,118,4,1614764612
601,177,3,1615587748
601,39,4,1617491123
601,100,3,1617989552
601,13,2,1621388809
601,103,2,1621844996
601,22,2,1622863733
601,196,3,1624232724
601,201,2,1624542851
601,109,2,1625496082
601,5,2,1630230067
601,2,4,1632081730
601,77,4,1635533329
601,94,5,1635859963
601,235,4,1636816961
601,47,4,1637560835
601,110,5,1638226938
601,93,5,1638383921
601,139,2,1641849120
601,182,4,1642780668
601,187,3,1644315220
601,237,5,1644901004
601,225,3,1648106909
601,185,3,1655537959
601,154,3,1655687140
601,202,3,1662580980
601,192,5,1663715884
601,65,4,1664428636
601,136,4,1665497702
601,79,4,1666870287
601,179,4,1667232345
601,16,2,1668999426
601,18,5,1671758823
601,83,4,1672168713
601,85,4,1673036488
601,61,3,1677879427
601,104,4,1681525748
601,208,3,1687020629
601,218,4,1687303533
601,175,3,1690287058
601,241,2,1693449746
601,155,4,1693665216
602,4,2,1606373971
602,111,4,1608435278
602,100,3,1608879607
602,27,5,1610938116
602,2,5,1611874037
602,21,4,1611911944
602,206,3,1615761480
602,32,4,1618758102
602,104,5,1624579023
602,39,4,1628389990
602,173,4,1632642932
602,249,5,1633002750
602,131,3,1635103494
602,83,4,1635316459
602,123,4,1640068802
602,28,2,1642579349
602,155,3,1648010884
602,244,3,1654033276
602,128,3,1657869970
602,204,4,1658684536
602,219,2,1666060791
602,192,3,1666588450
602,109,3,1668984890
602,46,5,1671463735
602,198,3,1674958968
602,102,2,1676278868
602,26,4,1681625516
602,188,5,1687803664
602,18,5,1688748037
602,175,4,1689075110
603,79,4,1601027997
603,243,3,1607540039
603,132,3,1609899437
603,207,4,1611321320
603,225,3,1613236548
603,223,1,1615104063
603,164,3,1617526258
603,54,4,1618916401
603,85,5,1619220433
603,141,2,1621847471
603,188,2,1624473770
603,53,4,1628420700
603,249,5,1638048839
603,175,5,1640756644
603,111,5,1641750556
603,39,5,1644364549
603,13,4,1651811569
603,123,2,1652273607
603,236,3,1653977757
603,46,3,1655016806
603,69,3,1667156365
603,135,2,1669326158
603,109,3,1669519867
603,173,4,1672607531
603,93,3,1673418572
603,65,3,1680761312
603,192,3,1691362446
604,188,3,1600693899
604,141,3,1601677199
604,200,2,1601996145
604,52,3,1602026423
604,76,4,1603199012
604,232,5,1604112429
604,175,4,1605348467
604,185,3,1606020828
604,72,2,1607784399
604,230,4,1610092798
604,20,4,1611945161
604,209,3,1612064870
604,206,3,1612375135
604,109,4,1612723789
604,198,4,1612889975
604,234,3,1614829615
604,242,4,1615351277
604,160,5,1615629565
604,212,3,1616347804
604,89,4,1618320458
604,196,2,1619094929
604,153,4,1619468732
604,214,3,1620011799
604,4,4,1621056291
604,31,3,1621786294
604,93,5,1622881874
604,2,5,1626046696
604,155,3,1627095946
604,107,3,1628703836
604,125,3,1628837603
604,158,2,1629133624
604,126,4,1630129709
604,186,4,1635192310
604,87,4,1635245986
604,223,3,1635736529
604,61,5,1639253148
604,137,3,1639773441
604,190,1,1639933796
604,27,3,1640603624
604,111,2,1644137040
604,50,5,1646995746
604,192,2,1647145653
604,79,3,1647410576
604,97,4,1647598918
604,115,3,1648036046
604,22,2,1648102316
604,39,3,1648370772
604,140,2,1649435686
604,146,2,1650913303
604,10,4,1650941627
604,18,5,1651522471
604,113,2,1657103686
604,145,4,1659294384
604,154,3,1659309985
604,210,4,1661370100
604,173,3,1661501276
604,204,3,1663872027
604,235,3,1664223580
604,104,3,1667167275
604,174,3,1672206698
604,208,4,1673237917
604,21,2,1675897179
604,100,3,1675973802
604,68,4,1676039312
604,247,4,1679186260
604,65,4,1680501513
604,182,4,1681712519
604,34,2,1681779562
604,5,2,1682885207
604,30,3,1687337661
604,244,4,1688156986
604,85,4,1688242311
604,226,3,1688572588
604,57,3,1691972814
604,221,3,1694457643
605,232,4,1614253414
605,27,5,1621771752
605,168,3,1625661652
605,50,4,1628412773
605,226,3,1628970910
605,241,4,1632423231
605,121,2,1635887757
605,123,3,1638086876
605,195,5,1639431082
605,93,5,1647429784
605,79,3,1655733524
605,109,3,1656587594
605,46,3,1657419835
605,44,3,1657715403
605,116,3,1666600389
605,130,2,1668392728
605,153,4,1668500062
605,155,4,1672966988
605,13,2,1689187275
605,94,5,1691940895
606,180,3,1600242750
606,93,3,1600583543
606,137,4,1601213100
606,198,3,1601530250
606,43,5,1602457926
606,50,3,1603174573
606,9,3,1603307493
606,139,3,1603934840
606,116,3,1605506513
606,225,2,1607493644
606,5,4,1607599663
606,15,3,1607669433
606,130,4,1608587596
606,109,3,1609691256
606,196,3,1609744572
606,102,3,1610835452
606,69,4,1611151074
606,210,3,1611636908
606,100,3,1611847610
606,76,3,1612865335
606,189,3,1615283641
606,34,2,1615568359
606,52,4,1616049947
606,46,3,1617159467
606,112,4,1617916753
606,152,2,1620479431
606,206,2,1624206998
606,223,3,1624282665
606,157,1,1624371492
606,37,2,1625281903
606,171,2,1625552691
606,192,3,1631908872
606,125,3,1632892479
606,13,3,1635612506
606,175,5,1636463642
606,36,1,1637301505
606,97,4,1637744533
606,22,1,1639502083
606,48,4,1641698261
606,21,3,1641767502
606,18,3,1643878937
606,141,2,1645017771
606,19,3,1645746120
606,138,4,1646555105
606,12,2,1646709286
606,170,3,1648027919
606,10,3,1650398417
606,193,2,1651079372
606,94,4,1653673619
606,195,3,1656509094
606,190,2,1658093893
606,182,4,1658948507
606,179,3,1659330183
606,234,4,1659464743
606,47,1,1661544167
606,188,5,1663777848
606,250,2,1667182577
606,168,4,1667651271
606,111,3,1668283397
606,202,5,1669631716
606,185,4,1672010111
606,221,3,1672751088
606,104,3,1674695258
606,79,2,1675359184
606,14,4,1678102567
606,204,2,1679152464
606,244,3,1679805692
606,150,5,1681912061
606,27,5,1685133765
606,39,4,1685609902
606,154,4,1685864993
606,235,2,1687333122
606,83,3,1688049928
606,58,5,1688172191
606,110,4,1688631409
606,184,5,1690114641
606,26,3,1690220092
606,136,5,1692141459
606,246,3,1694131362
607,141,3,1606718085
607,15,2,1607383667
607,79,3,1607612605
607,175,3,1608046620
607,249,3,1611655036
607,182,4,1614199008
607,39,5,1615256355
607,223,2,1616819453
607,248,4,1617199369
607,128,2,1618218102
607,221,3,1619308725
607,139,3,1620516694
607,230,3,1622197584
607,154,4,1623171243
607,233,3,1631225382
607,53,5,1632514604
607,203,2,1633101279
607,247,3,1634778792
607,58,2,1634862634
607,50,3,1639939376
607,80,4,1640647921
607,196,4,1642668704
607,188,4,1646267002
607,117,3,1647010785
607,9,4,1647367687
607,6,2,1652195908
607,200,3,1652410530
607,76,2,1654744237
607,111,3,1654811258
607,18,3,1656348212
607,52,4,1656646229
607,179,4,1658932071
607,2,3,1659014280
607,224,5,1659859236
607,190,2,1661311215
607,136,2,1663615996
607,192,2,1664119550
607,47,2,1664692459
607,206,2,1667133056
607,208,4,1669397988
607,104,4,1671085117
607,93,4,1672015121
607,109,2,1674639206
607,125,3,1677445000
607,174,4,1682258796
607,198,5,1682786495
607,49,3,1683701172
607,5,3,1684038009
607,250,3,1685251369
607,155,2,1685272088
607,69,3,1685562617
607,27,3,1690419855
607,100,2,1692917606
607,21,3,1694208595
608,96,4,1600178126
608,153,5,1603303552
608,18,4,1606500091
608,141,4,1608474965
608,139,5,1610096048
608,203,2,1614636231
608,226,4,1616479718
608,39,4,1617254238
608,237,3,1618065698
608,89,3,1618783647
608,109,4,1618840065
608,137,5,1618955621
608,169,4,1622468315
608,135,4,1623045913
608,53,5,1624725764
608,136,5,1624974165
608,231,5,1625653182
608,97,5,1626772913
608,182,4,1631208183
608,235,5,1633297568
608,208,3,1633603517
608,5,5,1633791315
608,171,2,1636692669
608,196,5,1638090990
608,72,3,1638668926
608,106,1,1640309819
608,199,3,1640363520
608,74,5,1640890921
608,79,3,1641392701
608,175,3,1645398530
608,160,3,1652704216
608,190,3,1653582289
608,173,3,1653978065
608,214,2,1658487271
608,167,4,1659956467
608,210,5,1660262202
608,100,3,1666800990
608,174,5,1668826678
608,219,2,1671635052
608,45,5,1673257140
608,93,5,1673967018
608,123,5,1675344381
608,125,5,1676084414
608,202,5,1678048033
608,155,2,1678286086
608,222,4,1687992758
608,15,3,1688277171
608,234,5,1691606819
608,140,4,1692451761
609,80,2,1605841105
609,33,2,1606289405
609,27,3,1608815759
609,61,4,1608818181
609,232,3,1609625636
609,164,3,1609720334
609,182,4,1610572846
609,41,5,1617207492
609,54,4,1617940934
609,218,3,1618640668
609,58,2,1620058650
609,132,4,1621464657
609,100,1,1623658073
609,210,5,1623929849
609,18,4,1624035410
609,30,3,1628120578
609,46,2,1629549002
609,79,4,1629707159
609,250,3,1636770268
609,93,3,1637829438
609,5,4,1639794777
609,123,4,1641617193
609,192,5,1642234464
609,2,4,1642605425
609,104,2,1643817210
609,21,3,1645088460
609,146,4,1647300063
609,175,4,1651108209
609,103,2,1656197570
609,225,3,1656651535
609,106,2,1662203781
609,217,3,1666779734
609,40,3,1667836560
609,39,3,1669421314
609,75,4,1678402792
609,167,3,1679803862
609,26,4,1681066670
609,43,4,1688563692
609,130,2,1690247209
609,208,4,1690731401
609,184,2,1694127892
609,116,3,1694247936
610,98,3,1601454783
610,27,4,1601617900
610,171,2,1606722290
610,66,2,1607489113
610,107,3,1611753147
610,109,4,1612460199
610,173,3,1614164326
610,89,4,1622156983
610,35,3,1624102300
610,175,3,1626354421
610,14,2,1626910337
610,123,4,1634122886
610,56,2,1635423548
610,39,5,1638193113
610,18,3,1639416007
610,128,3,1645069151
610,247,3,1646395111
610,154,4,1646978322
610,13,3,1653696111
610,153,3,1666214787
610,7,4,1669146571
610,50,3,1669274949
610,188,4,1676615830
610,235,3,1680330780
610,24,5,1685096745
610,110,4,1686588581
611,244,3,1603014183
611,61,5,1603103635
611,21,3,1603144042
611,18,3,1605172204
611,72,2,1605867514
611,130,2,1605876616
611,100,2,1606461290
611,140,2,1607319536
611,175,4,1607834905
611,14,3,1613817832
611,224,3,1616578523
611,2,4,1616903406
611,102,3,1617248552
611,226,3,1617326570
611,82,3,1617341798
611,15,2,1619963309
611,93,4,1620713450
611,137,4,1622895913
611,83,3,1626091981
611,196,3,1626222748
611,13,4,1628018912
611,199,3,1628492027
611,150,4,1630799756
611,202,3,1631107284
611,50,4,1631260047
611,209,2,1632087030
611,58,5,1632137781
611,124,4,1632165884
611,53,3,1633507229
611,125,4,1635265262
611,107,4,1635967945
611,237,4,1636979498
611,182,5,1638304764
611,71,3,1638581785
611,248,2,1638825426
611,210,3,1639746047
611,46,2,1641643673
611,33,4,1642490038
611,144,3,1642613831
611,4,2,1644030586
611,214,3,1645248686
611,138,5,1645317925
611,45,2,1647616797
611,186,3,1648287554
611,79,4,1648555783
611,212,2,1650049314
611,223,2,1651843930
611,10,4,1652464652
611,173,4,1653749181
611,189,3,1654100537
611,247,1,1655455495
611,166,3,1657351705
611,232,3,1657445067
611,120,3,1658595461
611,243,3,1661348590
611,54,2,1661815751
611,123,3,1662013470
611,27,5,1663338397
611,177,4,1664299164
611,52,2,1668600189
611,198,3,1669323012
611,160,5,1671111567
611,43,5,1671805525
611,229,3,1672110497
611,206,2,1673256383
611,68,4,1673720070
611,154,4,1675570151
611,97,4,1679092050
611,190,3,1679113984
611,109,3,1679535004
611,192,2,1680041816
611,203,3,1680073325
611,81,4,1680082478
611,238,2,1680241727
611,141,2,1680519477
611,200,2,1681812733
611,188,3,1683151790
611,36,3,1683487242
611,136,5,1686359806
611,236,5,1687520459
611,39,4,1687673102
611,111,3,1687990280
611,88,5,1689523276
611,151,3,1694489113
612,218,3,1603849399
612,236,2,1611731019
612,24,2,1619916546
612,188,3,1625776221
612,169,3,1630315938
612,68,3,1640360196
612,175,4,1643981441
612,125,3,1648459995
612,203,3,1649410580
612,44,4,1653261727
612,192,5,1663950778
612,43,4,1673205784
612,136,4,1674895457
612,193,2,1675533531
612,232,3,1681740625
612,96,2,1687805506
612,145,4,1691736197
613,112,3,1603150465
613,154,5,1604311894
613,175,4,1610382912
613,52,4,1617445439
613,68,3,1632869735
613,183,3,1633222309
613,130,2,1651122100
613,10,5,1655885415
613,58,3,1659004396
613,188,4,1680186033
613,182,5,1680830605
614,141,4,1600561160
614,148,1,1603257177
614,201,2,1609024109
614,110,3,1609134111
614,221,3,1609414512
614,210,4,1612391758
614,111,3,1612758576
614,250,2,1614322972
614,175,5,1614578568
614,192,3,1616929811
614,245,3,1621611713
614,79,3,1622267477
614,94,2,1624212565
614,206,2,1624407478
614,155,3,1626694374
614,139,3,1626884956
614,168,3,1627434533
614,185,4,1627588955
614,54,2,1627679760
614,241,1,1627933673
614,93,2,1628913881
614,52,2,1629153599
614,50,3,1631142445
614,26,2,1633328737
614,187,4,1633684283
614,40,2,1634320821
614,121,5,1634790980
614,131,3,1641802337
614,80,2,1643331366
614,136,4,1644549577
614,249,4,1645588273
614,127,4,1649557305
614,134,4,1652927210
614,198,3,1654250252
614,218,3,1655851497
614,69,5,1656317978
614,130,2,1657649790
614,5,2,1662499569
614,225,4,1662943441
614,209,3,1663354731
614,173,3,1664148724
614,154,3,1670408036
614,188,3,1672268629
614,18,4,1672302155
614,180,3,1672481357
614,27,4,1673362365
614,105,2,1673721302
614,184,3,1675471360
614,81,3,1677946930
614,2,4,1678910836
614,232,5,1679183699
614,115,4,1679409259
614,208,4,1680942575
614,39,4,1681868996
614,176,4,1682365015
614,182,3,1686478047
614,13,3,1688804851
614,230,4,1688894676
614,125,3,1690792959
614,190,1,1693287148
614,195,3,1693849343
615,82,2,1600178759
615,162,3,1600909801
615,20,4,1603070564
615,87,3,1604615804
615,141,3,1606826396
615,201,1,1606961504
615,5,3,1607272479
615,43,5,1608615259
615,21,3,1608837099
615,154,3,1610862646
615,212,2,1610981335
615,3,1,1612031340
615,93,3,1612428170
615,168,3,1614675381
615,47,2,1616317015
615,79,5,1621380011
615,146,4,1621909434
615,27,4,1625805808
615,83,2,1629856054
615,188,4,1630548111
615,109,4,1631107564
615,14,3,1632871025
615,78,2,1633870532
615,107,3,1636979047
615,39,4,1637792485
615,97,3,1640217942
615,132,4,1643084033
615,232,3,1643504507
615,52,4,1644196293
615,74,3,1644811509
615,152,3,1644983315
615,131,2,1647251278
615,175,4,1647287278
615,169,4,1650240924
615,223,3,1653372391
615,249,3,1655576072
615,202,4,1657425132
615,243,2,1658148143
615,140,2,1659142576
615,61,4,1660121508
615,50,3,1660985760
615,9,3,1664080701
615,31,1,1664128632
615,155,2,1664181126
615,193,3,1664224636
615,226,3,1669601531
615,53,5,1672429568
615,130,2,1677448850
615,46,3,1680875377
615,184,5,1683626665
615,68,4,1684727177
615,98,3,1685057823
615,18,4,1686512973
615,182,4,1686537851
615,192,4,1693110069
616,50,5,1602899050
616,104,4,1612303727
616,136,4,1613084675
616,206,4,1617025339
616,76,4,1617622501
616,100,3,1618730935
616,221,3,1620383909
616,214,5,1621705790
616,84,2,1623451212
616,123,3,1629575604
616,115,3,1634805818
616,226,3,1636867932
616,230,4,1636901642
616,152,3,1639781958
616,155,4,1641436122
616,174,3,1641455781
616,192,5,1643413540
616,124,4,1645943478
616,94,5,1646494127
616,138,4,1646575775
616,19,2,1646860748
616,190,2,1648683892
616,196,3,1651723707
616,82,2,1653847180
616,47,3,1655008322
616,168,4,1655676725
616,169,2,1661923443
616,126,5,1664853739
616,72,3,1664973030
616,6,2,1665098531
616,203,1,1670092934
616,175,4,1670464779
616,106,2,1670793661
616,18,4,1670839289
616,102,2,1672762286
616,140,2,1674032233
616,188,3,1675723832
616,225,5,1677021290
616,27,3,1679165817
616,244,4,1679743941
616,39,3,1687449500
616,157,3,1687898509
616,5,4,1690178032
616,248,2,1692769991
616,79,3,1693514143
617,203,4,1600375893
617,79,3,1600859355
617,198,2,1602583793
617,83,5,1603236137
617,100,2,1603333351
617,136,5,1606326922
617,25,4,1606651776
617,94,4,1607287011
617,46,4,1608843661
617,157,3,1613820350
617,250,4,1616784441
617,142,4,1618247351
617,115,2,1621053424
617,93,5,1621218610
617,39,4,1623382259
617,196,4,1624245677
617,61,4,1626470062
617,146,4,1626886475
617,166,3,1627457040
617,134,5,1628960723
617,21,4,1636679161
617,188,5,1637339793
617,232,3,1638581466
617,68,5,1638758995
617,144,5,1644923892
617,89,5,1645351499
617,225,4,1647165270
617,175,3,1647453579
617,28,3,1648323867
617,5,3,1653500845
617,138,5,1655979464
617,41,4,1659181180
617,130,2,1659195062
617,206,3,1665385690
617,27,5,1667254768
617,162,4,1670347880
617,199,4,1670988085
617,47,4,1671657158
617,238,4,1674014253
617,171,3,1674821338
617,202,5,1675654315
617,40,3,1676661254
617,48,4,1677803898
617,243,5,1680485168
617,3,2,1681784382
617,15,3,1683290563
617,101,2,1684003688
617,155,2,1684408541
617,76,2,1685036551
617,50,3,1686769397
617,102,3,1690069780
617,107,3,1693253669
618,130,3,1604633845
618,145,4,1606676526
618,18,5,1607096485
618,37,3,1621568357
618,193,4,1621744454
618,225,3,1628836499
618,140,4,1631533964
618,232,3,1642001908
618,39,4,1642966147
618,181,1,1647285920
618,46,4,1649367638
618,183,1,1650216111
618,223,3,1650430041
618,188,5,1651895420
618,7,4,1652010241
618,195,3,1652628436
618,109,2,1652892376
618,127,4,1657378183
618,19,2,1664020401
618,5,5,1664531478
618,90,3,1668174441
618,221,2,1675539648
618,243,4,1680860298
618,68,5,1694147235
619,27,4,1602918516
619,52,4,1606812123
619,14,3,1607464822
619,175,3,1608364251
619,193,3,1608557312
619,241,2,1611071970
619,250,4,1611609360
619,226,4,1611993772
619,184,3,1612526145
619,13,2,1614153524
619,153,2,1615503479
619,157,3,1621628775
619,123,1,1623606319
619,218,3,1624414552
619,71,3,1625942916
619,76,3,1627528144
619,41,4,1631487455
619,225,2,1632429097
619,206,5,1632785263
619,66,3,1635318783
619,125,3,1636474962
619,7,4,1636508298
619,100,4,1638535429
619,166,3,1639761706
619,109,3,1642577747
619,136,3,1644128677
619,146,5,1648083452
619,131,5,1650784209
619,85,3,1650921387
619,77,4,1652174037
619,39,4,1652948689
619,202,4,1653333819
619,18,3,1653669094
619,106,1,1653882237
619,9,5,1656765626
619,168,3,1660388012
619,210,5,1662606366
619,57,5,1665935746
619,79,3,1666491588
619,130,2,1668229786
619,5,5,1668286619
619,93,4,1668990261
619,192,3,1670141448
619,95,4,1670248613
619,140,2,1670515590
619,137,2,1671175057
619,33,4,1672130360
619,154,4,1672209482
619,134,4,1672569547
619,170,4,1672805008
619,133,4,1672863148
619,111,3,1672925757
619,182,3,1674828871
619,119,4,1677120207
619,235,3,1679500412
619,186,2,1681382893
619,167,2,1681921442
619,234,3,1682035489
619,104,3,1682128898
619,114,3,1683248376
619,78,2,1683402924
619,188,3,1684163151
619,72,5,1685005500
619,121,3,1687380852
619,81,3,1688274221
619,214,3,1691786816
619,223,2,1692346334
619,65,5,1692955651
620,53,4,1602020119
620,39,5,1602188520
620,111,2,1605039244
620,246,3,1609069722
620,48,3,1610152383
620,179,5,1612051686
620,14,3,1613119973
620,210,3,1615686989
620,94,2,1618843908
620,127,4,1622698698
620,81,5,1623640917
620,225,3,1624451931
620,153,5,1625188568
620,223,2,1626833414
620,188,3,1628838807
620,152,3,1630651059
620,249,2,1633071691
620,183,5,1633873905
620,9,3,1639395116
620,93,4,1640526186
620,21,1,1641122138
620,36,3,1643001166
620,235,3,1652501045
620,193,4,1653234320
620,65,3,1653717851
620,132,2,1656830375
620,85,5,1659070058
620,100,3,1662131836
620,27,3,1662413632
620,206,5,1666795807
620,149,4,1668833253
620,160,4,1671587160
620,175,5,1675587474
620,97,4,1676158346
620,101,4,1676355878
620,199,3,1679832553
620,245,3,1683024197
620,17,4,1686002508
620,221,5,1689367990
620,50,4,1692054891
621,68,3,1601694879
621,249,3,1602800529
621,123,3,1603400431
621,195,3,1604124468
621,79,2,1612222293
621,5,3,1612522767
621,109,4,1617215148
621,130,2,1622847682
621,39,3,1624033878
621,250,3,1626911093
621,2,4,1628266322
621,18,3,1628431613
621,44,3,1629177833
621,52,3,1633306712
621,88,5,1633721300
621,154,3,1636275310
621,56,2,1643150418
621,182,3,1659714160
621,27,1,1660425190
621,127,2,1669976266
621,139,3,1670053914
621,141,4,1680271526
621,192,3,1684990653
621,173,3,1693152104
622,132,3,1603753347
622,80,2,1608359467
622,166,4,1609030166
622,225,2,1609927339
622,249,4,1616932088
622,48,4,1618731855
622,206,3,1623738116
622,46,3,1623812715
622,37,3,1631119311
622,39,3,1640695301
622,82,2,1643381199
622,154,2,1644590843
622,250,4,1656277570
622,109,4,1656918593
622,65,4,1658447261
622,104,4,1661661450
622,140,1,1663334245
622,208,4,1665897625
622,153,3,1674990039
622,168,3,1679168349
622,4,4,1680807022
622,137,3,1682997081
622,79,4,1688947161
623,39,3,1600415585
623,116,3,1602074142
623,154,5,1602371101
623,230,3,1603734510
623,12,2,1603786714
623,231,5,1605247960
623,101,1,1605649443
623,57,3,1605787757
623,137,5,1605919991
623,136,5,1606085122
623,214,3,1606637884
623,88,5,1607414129
623,9,4,1608151289
623,13,5,1609211180
623,35,4,1610353236
623,27,5,1610696197
623,93,3,1610741983
623,132,4,1610932483
623,186,4,1611222458
623,109,5,1611495683
623,53,3,1613053754
623,218,2,1613110078
623,138,4,1613351959
623,33,3,1613772285
623,169,3,1615756522
623,192,5,1617191465
623,5,3,1620063317
623,249,2,1620217878
623,140,1,1620532340
623,243,3,1622178477
623,244,2,1622994392
623,150,4,1623253197
623,145,4,1623433191
623,123,2,1626870897
623,104,3,1628705276
623,184,4,1629904311
623,94,4,1631024862
623,242,3,1631725496
623,100,3,1632213538
623,30,4,1633073780
623,156,3,1633432594
623,203,3,1634373317
623,241,1,1635242071
623,173,3,1637172770
623,46,3,1638620744
623,87,3,1638693036
623,61,5,1638982995
623,18,3,1638987451
623,250,4,1639866245
623,158,3,1641603967
623,190,1,1642689231
623,161,3,1642808234
623,199,3,1643891044
623,23,4,1644028517
623,3,2,1644672352
623,66,2,1644675153
623,105,3,1645021360
623,110,4,1645088890
623,235,4,1645214067
623,21,2,1646435015
623,168,4,1646774964
623,225,2,1647755596
623,134,5,1648147544
623,139,2,1648533873
623,68,3,1648824669
623,41,3,1649503423
623,65,3,1649818481
623,160,3,1651107903
623,216,3,1651270958
623,79,5,1653294505
623,86,2,1653680961
623,71,3,1654679848
623,43,5,1655398275
623,130,3,1655594779
623,179,3,1656149964
623,10,4,1656699628
623,157,3,1656724078
623,181,3,1656786808
623,226,3,1658396600
623,85,5,1658410438
623,50,4,1658463656
623,208,4,1658595364
623,97,3,1659498553
623,155,4,1662686526
623,7,3,1662891187
623,152,5,1664468231
623,223,2,1664533588
623,210,3,1664834770
623,24,4,1665131290
623,20,3,1668042556
623,72,4,1668156037
623,171,2,1668432157
623,206,3,1668555112
623,248,2,1668920929
623,197,4,1669859260
623,236,4,1670737436
623,70,3,1671205088
623,62,5,1671531990
623,48,3,1673156422
623,229,2,1673580566
623,126,4,1673748720
623,125,3,1675442138
623,162,4,1675471340
623,124,5,1677438598
623,127,4,1681940619
623,28,3,1683180053
623,195,5,1683408421
623,182,5,1683437688
623,49,3,1683540734
623,177,3,1683855290
623,89,4,1684069716
623,76,2,1684175161
623,52,2,1685323323
623,188,4,1685825616
623,47,1,1686056101
623,175,5,1686885501
623,232,4,1686920190
623,59,1,1686928464
623,111,3,1689372824
623,178,3,1690031071
623,103,4,1692293240
623,64,4,1692906885
623,166,4,1693176389
623,102,2,1693466952
623,56,4,1693737981
624,62,4,1608775812
624,155,3,1609191340
624,120,2,1612028014
624,168,3,1620918161
624,218,2,1655406108
624,52,3,1662530532
624,60,5,1668622270
624,36,1,1671691576
624,66,3,1675792026
625,199,3,1600716512
625,168,4,1604790077
625,244,3,1609002603
625,27,5,1609016336
625,61,3,1610588022
625,46,2,1611149626
625,7,1,1611544875
625,13,2,1612834816
625,225,3,1613029711
625,210,4,1616031068
625,204,3,1617575101
625,100,3,1618987299
625,250,2,1620527079
625,59,4,1620923496
625,152,3,1627174785
625,106,1,1627826799
625,223,2,1628559402
625,93,3,1628687187
625,140,2,1631571962
625,242,2,1635321975
625,179,3,1635815647
625,16,2,1636277457
625,50,3,1638325727
625,15,3,1639896996
625,36,2,1640635368
625,218,4,1642537204
625,6,1,1644064124
625,146,4,1644945480
625,85,3,1645630809
625,39,4,1648703508
625,154,3,1650496778
625,249,3,1653596845
625,231,4,1659051102
625,52,3,1664183050
625,2,3,1664928278
625,153,3,1667822555
625,109,3,1668184309
625,30,3,1669637283
625,206,2,1669646043
625,79,3,1669672891
625,28,2,1670251091
625,141,2,1671170208
625,173,3,1673094821
625,175,3,1674238551
625,236,3,1674584192
625,230,3,1675049872
625,139,3,1675154990
625,180,3,1676901226
625,123,3,1676919613
625,58,1,1677968724
625,198,5,1679308292
625,160,5,1681373357
625,130,3,1683693429
625,200,3,1684595119
625,75,3,1685091796
625,41,4,1689856198
625,40,4,1690515495
625,32,2,1690844224
625,89,5,1692474456
625,188,4,1693181625
625,72,4,1693326187
625,192,4,1693474874
626,195,3,1631033516
626,79,3,1631325870
626,225,3,1640142232
626,52,2,1642017967
626,153,4,1645524351
626,123,2,1657459983
626,175,4,1669592144
626,39,4,1669754173
626,202,3,1676134025
626,100,2,1681108319
626,132,4,1681353057
626,179,4,1691125385
627,39,2,1602220526
627,86,2,1609619207
627,109,3,1610089723
627,175,3,1611016096
627,46,3,1611800753
627,60,4,1614048875
627,225,5,1615439486
627,190,1,1615804495
627,27,4,1616405912
627,140,2,1617174525
627,174,3,1618856301
627,134,3,1625410035
627,235,3,1629261319
627,107,2,1633222999
627,154,5,1634658859
627,163,3,1638044863
627,21,3,1639508537
627,204,4,1644370964
627,18,5,1645685314
627,192,5,1647473392
627,210,3,1649486337
627,13,3,1651236862
627,236,3,1653569948
627,139,4,1664277278
627,202,4,1665327251
627,182,4,1674138970
627,223,3,1674409180
627,41,4,1674927897
627,188,3,1675053996
627,198,3,1678008136
627,25,5,1679590792
627,125,3,1681117489
627,155,5,1683871735
627,206,4,1685756507
627,91,3,1692149144
627,64,3,1694282177
628,237,4,1604146609
628,236,4,1606719699
628,128,3,1619840249
628,214,2,1624485731
628,157,2,1624923395
628,53,2,1629121372
628,124,5,1633169690
628,249,4,1633794640
628,79,5,1633848094
628,210,4,1643470404
628,31,4,1647731465
628,27,5,1652674012
628,160,4,1653468085
628,50,2,1656388260
628,244,3,1657163900
628,76,2,1659135925
628,56,3,1659165310
628,146,5,1665301364
628,125,4,1678239315
628,39,3,1681532930
628,5,3,1683418353
628,188,3,1683467666
628,245,4,1684372233
628,225,3,1684745380
628,68,3,1686023169
628,175,5,1687204171
628,187,3,1687549289
629,116,3,1622600731
629,93,5,1622747787
629,18,5,1626373077
629,200,3,1642072585
629,66,4,1644103134
629,185,3,1649012933
629,46,3,1660677996
629,169,4,1668580536
629,25,4,1669887703
629,107,3,1670206162
629,20,4,1670466494
629,226,2,1691254032
630,136,5,1600703951
630,221,5,1603944337
630,249,3,1604899040
630,128,2,1605007055
630,248,2,1607523801
630,48,1,1610934042
630,100,5,1611181924
630,232,3,1611477223
630,18,4,1613276709
630,107,4,1614094116
630,192,4,1617125509
630,191,4,1619796527
630,85,4,1619804236
630,198,3,1620446009
630,54,2,1622046219
630,30,4,1622183019
630,98,3,1622693188
630,174,3,1626576898
630,66,2,1627703805
630,168,3,1628416392
630,200,2,1635121868
630,123,3,1636240733
630,162,2,1636733278
630,70,3,1637362866
630,125,2,1638200129
630,166,3,1643176905
630,35,2,1644551310
630,158,3,1646492159
630,61,5,1648313419
630,13,3,1651464809
630,246,3,1653980202
630,139,3,1654108508
630,185,3,1655652463
630,79,4,1658914750
630,241,2,1660258662
630,52,4,1660687487
630,50,3,1662456800
630,210,5,1662940636
630,39,5,1668888618
630,140,4,1669001165
630,188,3,1674191415
630,229,4,1675149777
630,214,4,1675638633
630,238,2,1675785661
630,27,5,1680225716
630,94,5,1681668808
630,134,3,1682202736
630,199,3,1686412032
630,9,4,1690592077
630,175,4,1692514505
630,225,3,1693760630
630,155,3,1693870685
631,188,4,1601681097
631,154,5,1602837314
631,102,3,1608129873
631,34,3,1610640759
631,235,3,1614973934
631,127,5,1618685411
631,45,4,1623494457
631,61,5,1642468174
631,50,5,1659954371
631,136,3,1661701855
631,175,5,1663260713
631,168,5,1664326539
631,221,5,1666939893
631,125,4,1671345163
631,39,5,1672753002
631,250,2,1674543128
631,167,3,1675253786
631,5,3,1680733214
631,153,4,1686392589
631,79,3,1690733550
631,104,5,1694146562
632,154,1,1606562224
632,188,3,1635664089
632,50,2,1648359178
632,155,3,1654064249
632,206,3,1658464127
632,147,3,1666331766
632,54,3,1668004811
632,192,4,1674195436
632,140,1,1679068400
632,68,5,1683016581
633,35,4,1601003793
633,39,4,1602093606
633,138,4,1602929740
633,187,3,1604161369
633,215,3,1605058331
633,13,3,1605489888
633,132,4,1607563736
633,199,3,1608467090
633,111,3,1609458407
633,72,3,1609745030
633,27,5,1610891150
633,80,3,1611961518
633,208,4,1613151807
633,110,4,1615076775
633,121,3,1617671459
633,155,4,1618805544
633,245,3,1618848399
633,109,3,1619060551
633,85,4,1620603772
633,249,3,1620604807
633,180,4,1620623623
633,47,2,1621092024
633,100,3,1622224754
633,240,3,1622834870
633,2,4,1622939882
633,52,4,1626922244
633,242,3,1627080803
633,61,4,1627673997
633,174,4,1628620501
633,5,3,1630175930
633,203,2,1634512054
633,237,4,1635686178
633,89,4,1637197339
633,20,3,1637510353
633,83,5,1638523419
633,107,2,1638927245
633,157,3,1639311714
633,43,3,1639752275
633,56,2,1639892474
633,118,5,1642398996
633,221,4,1644269749
633,235,3,1644981363
633,238,3,1646750554
633,62,3,1648907902
633,127,2,1650727676
633,169,3,1652387010
633,182,4,1652519747
633,18,3,1655196138
633,222,1,1655302357
633,69,5,1657587487
633,31,1,1659191350
633,79,3,1661722420
633,229,3,1663312567
633,53,3,1667100319
633,232,3,1667413409
633,33,3,1668498459
633,136,4,1669238548
633,4,3,1671812809
633,93,4,1672195627
633,234,2,1672622436
633,204,2,1673920554
633,192,5,1676125727
633,206,4,1677774233
633,125,4,1679352408
633,123,3,1682379220
633,244,3,1685319900
633,34,3,1685510154
633,210,3,1688853073
633,247,3,1689054016
633,236,3,1690383644
633,36,2,1690753823
633,97,4,1691011895
633,94,5,1691236136
633,156,3,1693893272
633,195,4,1694401164
634,15,4,1601533772
634,71,3,1602227037
634,107,3,1603734563
634,39,3,1605684824
634,222,4,1606167459
634,165,2,1606662112
634,167,4,1606817558
634,61,3,1606946558
634,123,4,1607096373
634,236,2,1607105478
634,109,3,1607135989
634,50,3,1607192538
634,166,3,1609075469
634,72,3,1609127224
634,47,1,1611289034
634,153,3,1612599654
634,30,3,1615139764
634,169,4,1615204318
634,138,3,1615781173
634,183,3,1616245217
634,48,4,1618734219
634,185,5,1619042754
634,232,4,1619904664
634,126,3,1620025524
634,40,3,1620996671
634,100,1,1621853431
634,244,3,1625128563
634,198,4,1626181663
634,132,3,1629470628
634,141,2,1630585247
634,175,3,1631973237
634,41,4,1637215850
634,21,3,1637721705
634,162,1,1638588518
634,5,3,1638812545
634,62,3,1639373203
634,22,2,1639778404
634,154,4,1642254521
634,237,3,1643102488
634,223,3,1643803528
634,118,4,1644510844
634,208,4,1645559021
634,133,3,1645889953
634,117,3,1649119151
634,27,4,1650590885
634,139,4,1650773493
634,157,2,1650941618
634,43,5,1651146970
634,196,3,1651619340
634,9,2,1651660907
634,25,4,1652246974
634,206,3,1652349496
634,144,4,1653104454
634,2,3,1653775211
634,238,2,1654644080
634,156,2,1655009808
634,101,2,1655032728
634,234,3,1655474919
634,140,1,1656337110
634,235,5,1656593605
634,17,2,1657785779
634,20,3,1659030098
634,225,3,1659080636
634,174,3,1662181103
634,86,1,1663060299
634,108,2,1663747433
634,188,4,1663878313
634,210,4,1664383520
634,209,3,1664664600
634,53,4,1666511688
634,184,3,1667870558
634,112,3,1669085062
634,128,3,1669199554
634,8,1,1669909261
634,18,3,1672495101
634,149,2,1673338633
634,79,4,1676216282
634,125,4,1676867550
634,221,2,1678187481
634,85,5,1679179168
634,136,3,1679248394
634,187,3,1679613484
634,46,3,1680277366
634,65,3,1681965642
634,249,3,1682886691
634,201,3,1684284794
634,192,4,1685023192
634,130,3,1685090562
634,13,2,1688210272
634,127,2,1690138389
634,111,4,1690551565
634,186,4,1690756470
634,203,1,1691384187
634,124,4,1691651420
634,170,3,1693455524
634,93,5,1693826545
635,48,4,1600037631
635,221,2,1600264528
635,222,4,1600711316
635,76,4,1601283919
635,50,4,1603704607
635,173,3,1604594861
635,204,3,1604719148
635,188,4,1607326385
635,46,4,1608451916
635,24,4,1611148001
635,250,3,1611377547
635,61,4,1613647394
635,164,3,1615800467
635,9,3,1615997113
635,163,3,1618067102
635,38,5,1619292461
635,56,5,1620357768
635,94,4,1622478613
635,175,4,1622681478
635,195,4,1623743269
635,192,4,1627547981
635,223,4,1628850871
635,103,4,1630247825
635,128,2,1630290311
635,65,4,1631756752
635,10,5,1632037817
635,52,3,1635054074
635,33,3,1635437254
635,23,3,1635984629
635,39,4,1636374976
635,249,4,1636806935
635,141,3,1637369025
635,79,4,1639635766
635,107,3,1643127184
635,226,4,1643515782
635,140,3,1644396705
635,214,3,1645138538
635,152,3,1646620397
635,87,4,1647626022
635,154,5,1648950216
635,177,5,1650017789
635,121,3,1650525775
635,236,3,1651306270
635,198,2,1651655225
635,18,4,1652643054
635,125,5,1653707707
635,162,3,1654685540
635,160,3,1655073345
635,232,4,1655494678
635,28,4,1656871943
635,93,4,1657164597
635,54,3,1657687426
635,132,4,1658000426
635,139,5,1658298388
635,247,2,1658980324
635,241,4,1659139613
635,212,2,1660000503
635,27,4,1661278204
635,85,3,1662176791
635,235,4,1663296209
635,205,4,1664598380
635,229,3,1664694952
635,153,3,1664820973
635,233,5,1665562779
635,83,4,1665885287
635,111,4,1666094276
635,131,4,1669223328
635,116,4,1670110462
635,196,4,1670354105
635,91,3,1670704978
635,41,4,1670907885
635,75,4,1671553687
635,225,3,1672089117
635,5,5,1672839939
635,109,3,1673408248
635,123,5,1673692391
635,124,5,1674019117
635,130,2,1674546246
635,168,5,1675577318
635,104,3,1676124784
635,100,2,1676140853
635,53,4,1676806493
635,47,4,1677736389
635,13,2,1677979129
635,143,3,1679371575
635,88,5,1679898762
635,155,4,1679952166
635,206,3,1681355019
635,105,3,1683496959
635,86,3,1683823758
635,167,3,1686383299
635,43,4,1688440175
635,182,5,1690476066
635,200,3,1691074850
635,35,3,1692489518
635,44,4,1692742545
635,127,4,1693097501
635,201,3,1693272128
635,106,1,1693341649
636,9,3,1601498543
636,15,5,1602247103
636,210,3,1602482550
636,21,5,1604500095
636,199,4,1609050210
636,225,4,1610174602
636,249,3,1611187074
636,110,5,1615208314
636,22,4,1616578632
636,102,2,1616728292
636,120,3,1621181921
636,244,4,1623854033
636,236,1,1624010407
636,126,4,1627039211
636,109,4,1630020329
636,223,5,1630161379
636,39,4,1630995040
636,79,2,1631524457
636,82,2,1633890210
636,52,3,1638397746
636,188,4,1639008236
636,248,3,1640756507
636,89,3,1641489245
636,154,2,1644093085
636,155,4,1649007154
636,202,3,1649095882
636,19,2,1650635213
636,105,1,1654222691
636,2,5,1655376055
636,145,3,1655878455
636,76,4,1658486879
636,125,3,1660449982
636,27,3,1668460325
636,118,2,1669814447
636,141,4,1672559651
636,175,4,1674665361
636,206,3,1674860294
636,18,4,1677183697
636,111,1,1678332474
636,129,3,1680237469
636,157,2,1682720343
636,208,3,1684269101
636,85,3,1684643812
636,68,3,1686839971
636,172,2,1688674791
636,4,3,1690702911
636,13,2,1691921888
636,107,3,1692988144
636,123,3,1694492592
637,109,3,1601273369
637,41,3,1610285615
637,18,4,1612054793
637,221,4,1614087254
637,68,4,1617778135
637,107,2,1619785867
637,188,3,1623134631
637,193,4,1635505420
637,96,5,1639686189
637,184,2,1640325843
637,175,5,1641810511
637,100,3,1644438313
637,232,3,1644955020
637,11,3,1647047940
637,235,4,1647660052
637,93,3,1648176741
637,183,3,1650544733
637,39,5,1651917597
637,53,4,1656776761
637,52,5,1659269404
637,98,3,1662492814
637,50,4,1666128179
637,65,5,1667536679
637,33,3,1667806071
637,43,4,1669093953
637,210,4,1675416552
637,229,3,1687830730
637,79,4,1690577026
637,61,5,1692388837
637,206,4,1693809714
637,27,5,1694264872
638,41,5,1602263621
638,89,3,1602390031
638,204,3,1603041731
638,206,3,1605578889
638,175,3,1606678498
638,128,2,1606883368
638,223,2,1606966151
638,185,3,1610685910
638,132,3,1612051406
638,200,4,1612367577
638,94,3,1612604795
638,88,4,1615602826
638,48,3,1615607972
638,143,4,1615830353
638,80,3,1616315288
638,69,4,1616653277
638,165,3,1617514693
638,183,3,1618385332
638,130,2,1619232393
638,40,3,1619425314
638,188,2,1620808272
638,208,4,1621621101
638,13,3,1622150127
638,210,3,1623342055
638,53,3,1624378756
638,17,4,1624683345
638,93,3,1625721348
638,242,1,1626279448
638,184,3,1631039269
638,38,4,1631347139
638,159,2,1633134712
638,192,3,1634572806
638,117,2,1635791759
638,157,1,1636615476
638,121,4,1637258179
638,152,3,1637517324
638,113,2,1638372852
638,39,3,1640896908
638,30,3,1641113313
638,79,3,1641180820
638,229,3,1641282159
638,230,3,1642874009
638,244,3,1643565901
638,5,2,1646907040
638,76,3,1649091705
638,221,3,1650254604
638,182,4,1653990693
638,236,3,1655731945
638,140,3,1656854123
638,179,3,1658174271
638,27,3,1658398867
638,26,3,1659168026
638,111,2,1659570449
638,154,2,1659806912
638,193,2,1660504681
638,77,3,1661340020
638,139,4,1662179624
638,198,2,1666429974
638,213,3,1666466040
638,70,3,1666715624
638,250,2,1669895836
638,52,2,1669955865
638,203,3,1670631583
638,43,4,1670701027
638,9,4,1671092250
638,46,3,1671630853
638,21,4,1674440741
638,47,1,1675623349
638,100,2,1678326268
638,138,3,1680353529
638,2,5,1681643402
638,15,4,1681971616
638,156,2,1683392808
638,187,5,1684743017
638,172,3,1684849717
638,109,3,1685718852
638,106,3,1686072330
638,123,3,1686265703
638,36,1,1686657633
638,120,2,1686875157
638,71,2,1687199713
638,86,2,1687412790
638,54,1,1689832922
638,61,4,1691651360
638,104,4,1693348127
638,153,3,1693352158
638,91,3,1693797806
639,138,4,1600104666
639,181,2,1600929294
639,227,2,1601601282
639,247,4,1602925976
639,49,3,1604087911
639,68,5,1605987630
639,39,4,1607038629
639,191,2,1607685768
639,139,3,1607734306
639,244,3,1612440527
639,5,3,1613016062
639,24,3,1614641025
639,236,3,1615100326
639,248,3,1615650641
639,26,3,1617770690
639,126,2,1617918403
639,25,4,1619260504
639,72,2,1620078886
639,15,3,1620337690
639,55,4,1620383650
639,81,4,1620388104
639,53,4,1620640631
639,79,4,1620849908
639,65,4,1621582762
639,100,4,1623956986
639,250,3,1624417116
639,231,4,1624747666
639,50,4,1626472709
639,206,2,1626718544
639,185,5,1627275047
639,196,2,1628234844
639,27,2,1628458830
639,221,4,1628834085
639,86,3,1629712920
639,225,3,1630219875
639,173,3,1630264625
639,47,1,1631389534
639,69,4,1631469815
639,4,4,1631802438
639,238,2,1632212269
639,249,3,1634267234
639,219,2,1634577474
639,21,4,1634684039
639,123,3,1634687005
639,54,4,1635090028
639,195,4,1636094807
639,148,2,1636415267
639,155,3,1636607412
639,130,2,1637523242
639,13,2,1638162969
639,168,4,1638939211
639,152,2,1638984189
639,223,3,1639996230
639,48,2,1641943701
639,154,3,1643550396
639,188,4,1646458467
639,88,3,1647187502
639,167,1,1647561561
639,210,5,1648547275
639,62,4,1648565587
639,117,2,1650571836
639,12,2,1650800258
639,153,3,1651899716
639,74,2,1653503331
639,131,3,1653558249
639,56,4,1653703286
639,235,3,1653900576
639,102,4,1655553627
639,78,2,1655693726
639,175,3,1655819019
639,109,5,1656048337
639,243,3,1656470516
639,64,2,1656629812
639,140,1,1656809814
639,106,3,1657295557
639,184,4,1657836221
639,2,4,1661091706
639,229,3,1662875483
639,116,3,1663505113
639,159,2,1663647736
639,3,2,1664077431
639,192,3,1668641378
639,22,2,1670158982
639,129,3,1670281914
639,141,3,1670764619
639,18,4,1671261325
639,30,3,1672021196
639,111,2,1672111197
639,101,2,1673249928
639,35,4,1674136768
639,23,2,1674509052
639,52,3,1675644093
639,104,2,1676064070
639,94,4,1678760631
639,41,4,1679734429
639,132,2,1684623306
639,34,3,1686180315
639,226,2,1686725963
639,233,3,1688040301
639,166,4,1689170221
639,157,3,1691208739
639,9,3,1692944601
639,89,3,1693008557
639,103,2,1694354211
640,15,5,1600770280
640,237,5,1601392706
640,79,4,1602814856
640,21,4,1603171414
640,110,3,1607430995
640,239,4,1607855224
640,66,3,1608079050
640,41,4,1608944375
640,2,5,1609396001
640,93,5,1609670855
640,43,3,1609956381
640,236,2,1609992050
640,184,3,1615531847
640,48,4,1616523167
640,190,2,1618660623
640,138,4,1621710299
640,89,3,1622023600
640,123,4,1624309409
640,238,3,1624518200
640,76,4,1625381704
640,61,4,1625607772
640,109,3,1625717295
640,160,5,1626064965
640,36,2,1630937316
640,168,4,1634111530
640,176,4,1634133307
640,14,3,1635894650
640,131,3,1637522290
640,188,5,1637695680
640,173,5,1640416530
640,210,4,1641724218
640,23,4,1641821151
640,137,3,1641980966
640,69,5,1642479533
640,20,4,1642631077
640,136,5,1643682425
640,13,2,1644438007
640,171,2,1646924369
640,198,4,1647313079
640,152,2,1647489369
640,53,5,1647747825
640,125,5,1649197965
640,52,3,1649985585
640,177,5,1650207435
640,211,5,1650581870
640,244,4,1651315655
640,154,4,1653616835
640,196,5,1655668800
640,73,3,1656539545
640,40,4,1657252859
640,97,5,1657453565
640,247,3,1660457564
640,249,3,1660501807
640,226,3,1660690702
640,115,3,1660766705
640,225,2,1662627404
640,100,4,1663687943
640,105,4,1664749373
640,183,3,1664912371
640,231,4,1665981756
640,221,4,1666422736
640,39,5,1666716505
640,230,4,1667390767
640,111,4,1667798826
640,235,3,1668807616
640,5,5,1672419346
640,194,3,1673091697
640,174,5,1674118334
640,18,5,1674446879
640,250,3,1675336378
640,206,4,1675471772
640,132,5,1675626430
640,182,5,1678396146
640,31,3,1678836930
640,65,3,1679747292
640,139,4,1680448499
640,175,4,1681460735
640,208,4,1684594103
640,140,3,1684990298
640,130,3,1686541446
640,192,3,1687200320
640,54,3,1688848729
640,145,4,1689797003
640,86,2,1689948219
640,68,5,1690163814
640,6,4,1690800351
640,10,3,1690963048
640,232,5,1693170515
640,81,4,1693245356
640,28,5,1694312189
641,164,2,1607959613
641,247,2,1617833979
641,2,4,1627812742
641,175,2,1638108787
641,245,4,1643413592
641,125,3,1647008733
641,123,2,1648348673
641,79,5,1656071862
641,109,4,1666589538
641,52,3,1667548947
641,132,4,1667960054
641,39,5,1667985813
641,100,3,1669829198
641,93,3,1671554207
641,168,4,1680649018
641,76,3,1691707590
642,187,3,1602995974
642,194,3,1603685589
642,48,3,1604629010
642,94,4,1606072523
642,210,3,1609362592
642,46,3,1609723558
642,79,4,1609911175
642,192,3,1610954675
642,126,5,1611603648
642,5,4,1611608034
642,24,5,1611762981
642,52,3,1611826830
642,86,2,1611871667
642,110,2,1614205795
642,139,3,1616188508
642,123,3,1616840356
642,61,5,1619515228
642,106,1,1619544630
642,100,3,1619854229
642,81,5,1626736428
642,201,3,1629051785
642,18,3,1631284763
642,191,3,1631745653
642,225,4,1634753853
642,56,3,1637113052
642,116,3,1638819432
642,138,3,1641468184
642,208,4,1642719808
642,115,3,1642949651
642,132,5,1643517469
642,2,4,1648345604
642,165,3,1648667753
642,130,2,1649717737
642,184,4,1650985801
642,101,3,1651839822
642,70,2,1652554080
642,13,4,1655049876
642,249,4,1657773002
642,27,5,1659298025
642,8,3,1662501253
642,182,5,1663714430
642,93,3,1665093423
642,127,4,1667238942
642,175,4,1668792495
642,21,2,1671811246
642,188,3,1672364006
642,37,3,1677863280
642,153,3,1682868836
642,111,3,1684489395
642,146,5,1686468380
642,39,3,1694428368
643,6,4,1601192764
643,21,2,1601895878
643,204,3,1604458977
643,39,4,1608651685
643,175,3,1608949821
643,244,3,1609310321
643,109,4,1609317825
643,152,5,1610317862
643,69,5,1610753109
643,8,3,1612154907
643,57,3,1616159012
643,118,3,1616194696
643,93,4,1619731615
643,31,3,1620451819
643,15,2,1625310653
643,72,2,1635829782
643,210,3,1636910897
643,140,2,1638181375
643,46,3,1640176704
643,79,4,1646008199
643,86,2,1646856309
643,52,3,1647184908
643,124,3,1647654205
643,226,4,1652205090
643,83,2,1652351647
643,218,3,1657697311
643,169,2,1658307805
643,241,1,1659724340
643,249,3,1661303280
643,136,5,1661597580
643,188,3,1666070192
643,236,2,1666467287
643,250,4,1673772246
643,130,3,1674183705
643,101,3,1674563597
643,48,3,1676241470
643,160,3,1678584623
643,154,4,1679620500
643,145,5,1681675747
643,206,3,1682535472
643,97,3,1682581223
643,223,2,1683266221
643,209,4,1684431109
643,144,4,1684905197
643,180,3,1688429743
643,185,5,1689002463
643,125,2,1690651224
643,229,4,1691677445
643,202,5,1694441757
644,70,3,1614948810
644,66,3,1615304621
644,155,3,1625826043
644,206,5,1634339744
644,192,4,1642268407
644,53,3,1642542191
644,102,2,1661928266
644,54,3,1684136487
644,201,5,1687174259
645,54,3,1602330071
645,184,5,1603404571
645,41,4,1608565162
645,175,5,1610474785
645,249,3,1612092544
645,62,2,1614205710
645,31,3,1619069763
645,89,5,1619940652
645,83,2,1620194653
645,46,4,1623372693
645,225,3,1624544409
645,160,4,1625174248
645,125,4,1627634084
645,206,2,1628374531
645,244,4,1629248355
645,50,4,1631561620
645,122,4,1631588355
645,166,4,1632695973
645,226,3,1636548422
645,18,4,1639795855
645,64,3,1640305065
645,141,1,1642778721
645,21,2,1643517167
645,223,2,1644148446
645,35,2,1644938348
645,56,4,1646468948
645,27,4,1649585198
645,29,2,1649981029
645,47,3,1651175710
645,222,2,1652020510
645,30,4,1653035911
645,86,2,1653840011
645,138,5,1657497779
645,103,2,1658270399
645,79,5,1658910892
645,221,4,1659343943
645,48,2,1663679622
645,193,2,1667319248
645,94,5,1670238478
645,61,3,1672712093
645,152,3,1673255411
645,209,2,1674092715
645,198,5,1675061620
645,39,5,1675503148
645,132,5,1679864681
645,100,3,1682356289
645,210,4,1687941333
645,185,5,1690326326
645,72,3,1694384835
645,155,2,1694414845
646,250,4,1600351018
646,112,2,1600496751
646,235,3,1602970699
646,87,3,1603783234
646,111,3,1605004968
646,208,5,1605273032
646,140,3,1605917658
646,93,3,1606245778
646,105,2,1608997429
646,203,3,1609667209
646,19,3,1609970682
646,124,3,1610123694
646,237,3,1610598041
646,190,1,1610646099
646,198,2,1612091579
646,199,3,1614285475
646,39,4,1614537208
646,137,4,1615173840
646,195,5,1615279707
646,184,5,1615383424
646,194,3,1615565879
646,11,4,1615857108
646,120,4,1616706315
646,221,3,1616856685
646,34,5,1618131571
646,249,2,1618180639
646,102,2,1618834342
646,243,2,1619694302
646,139,4,1620174692
646,41,5,1624824009
646,202,5,1627924412
646,192,5,1627955116
646,99,3,1628243471
646,16,3,1628399218
646,172,3,1629763280
646,46,2,1630305017
646,123,3,1632078056
646,27,5,1632850763
646,15,4,1633467175
646,175,4,1634508080
646,76,3,1635164316
646,193,3,1636575202
646,116,2,1637308323
646,196,3,1637926092
646,160,3,1639538130
646,241,1,1639844788
646,10,5,1641826533
646,170,2,1642123456
646,145,5,1642541468
646,36,2,1642593987
646,231,5,1643289136
646,168,3,1644448916
646,28,4,1645406982
646,89,3,1646913629
646,24,5,1647359965
646,125,2,1648017862
646,224,4,1651482170
646,219,2,1651789656
646,122,4,1652166887
646,136,5,1652253301
646,94,5,1652549705
646,68,4,1652649376
646,52,3,1653888150
646,150,5,1653913719
646,212,3,1654735601
646,233,4,1654768112
646,157,3,1654807125
646,81,5,1655182894
646,225,3,1655351143
646,9,5,1655492472
646,128,2,1655646815
646,56,4,1655956086
646,127,3,1656472141
646,229,3,1657027413
646,201,4,1657562510
646,167,4,1657835545
646,130,2,1660519861
646,69,5,1661500491
646,50,3,1661877891
646,51,3,1664219320
646,107,3,1665471954
646,141,3,1666507812
646,115,2,1666958527
646,176,4,1667024359
646,18,3,1668134693
646,223,2,1669311221
646,14,3,1670864979
646,80,2,1673107950
646,197,3,1673246553
646,153,4,1673403549
646,210,3,1673608225
646,54,3,1674539984
646,100,3,1674714940
646,31,4,1675309342
646,85,5,1677510542
646,21,3,1677791389
646,2,5,1677946812
646,218,2,1678799416
646,5,4,1679496324
646,43,5,1680406390
646,109,4,1682245396
646,155,3,1682692134
646,152,3,1684584964
646,200,3,1685681033
646,244,3,1686425070
646,169,2,1686574188
646,166,2,1687120306
646,246,3,1687126730
646,247,3,1687227149
646,154,5,1687830888
646,65,4,1687849032
646,13,4,1688506661
646,206,2,1690556071
646,134,5,1690964944
646,131,4,1691535810
646,79,3,1692218767
646,232,4,1692786618
646,104,3,1693026335
646,188,4,1693224413
646,113,2,1693438115
646,143,3,1694156182
647,168,3,1602445064
647,102,2,1606403638
647,123,3,1607477239
647,157,3,1610428470
647,38,2,1613052749
647,234,3,1613168374
647,92,2,1614717645
647,48,3,1615495022
647,80,4,1616833390
647,13,2,1617186795
647,27,3,1617286951
647,206,5,1619167910
647,193,3,1620737984
647,229,2,1622904306
647,45,2,1624730508
647,221,5,1627605289
647,109,3,1633761883
647,196,4,1634654976
647,97,4,1635195834
647,145,4,1635833893
647,116,3,1636043255
647,71,4,1636262632
647,203,2,1636280757
647,182,5,1637101770
647,224,3,1637907852
647,93,4,1638285664
647,106,2,1638625403
647,2,4,1639410928
647,184,2,1642428476
647,160,4,1644398802
647,235,2,1647088799
647,46,3,1647541330
647,76,2,1648519425
647,242,4,1650088838
647,39,4,1650949936
647,179,4,1651656211
647,34,3,1653428783
647,94,5,1654217859
647,154,3,1654973518
647,9,5,1656647814
647,136,5,1658010577
647,204,3,1662577370
647,187,4,1662994884
647,225,3,1666729755
647,137,3,1666852665
647,61,4,1668803097
647,18,3,1668823987
647,75,3,1672220584
647,159,2,1674130648
647,50,3,1674481027
647,166,3,1674661124
647,208,4,1679294352
647,79,2,1681746650
647,21,3,1681750386
647,5,4,1684888549
647,140,4,1684985444
647,176,4,1687819386
647,52,3,1687979618
647,100,5,1688989964
647,43,3,1689142145
647,192,4,1689974018
647,188,4,1693102442
647,210,5,1694030962
647,40,2,1694424807
648,196,3,1600222403
648,240,5,1600352119
648,155,3,1600452204
648,85,5,1600902409
648,184,2,1602030845
648,225,2,1604041265
648,123,3,1604523576
648,218,3,1604672620
648,59,3,1605122859
648,136,5,1607163203
648,129,1,1608691569
648,192,2,1610369470
648,229,2,1611321074
648,250,3,1611347250
648,97,3,1612166810
648,110,3,1612423066
648,78,3,1612624029
648,141,2,1615111069
648,143,4,1616134679
648,186,5,1616192351
648,175,3,1617132717
648,80,4,1617423076
648,69,5,1618596822
648,157,2,1618959278
648,88,4,1619073668
648,243,1,1619098410
648,238,2,1619540699
648,33,4,1619926990
648,70,4,1621260655
648,109,4,1621821387
648,249,4,1621954478
648,13,2,1622168614
648,45,2,1623353954
648,126,4,1623751292
648,48,3,1624997847
648,79,4,1625093597
648,132,2,1625329708
648,21,2,1625831889
648,100,3,1626630688
648,222,3,1627774437
648,17,4,1628094631
648,190,2,1628710275
648,36,1,1630647979
648,199,3,1630794570
648,103,2,1632268795
648,188,4,1635889805
648,30,3,1638420246
648,26,3,1641386159
648,180,3,1641804116
648,163,4,1642566821
648,148,3,1642762048
648,39,4,1644286361
648,24,4,1646376952
648,154,2,1650454193
648,230,4,1650850929
648,130,3,1651996471
648,106,1,1652585301
648,111,3,1652929681
648,206,4,1653147316
648,41,4,1653524489
648,160,4,1653681900
648,197,2,1653845565
648,86,3,1654609301
648,226,5,1654886375
648,203,1,1657461600
648,9,5,1660691314
648,50,3,1665645585
648,221,5,1665671529
648,76,2,1666877775
648,52,3,1666989779
648,200,3,1667965227
648,167,3,1673068631
648,93,4,1673710620
648,47,3,1675294624
648,46,3,1676781604
648,115,2,1677214641
648,27,3,1678161147
648,232,4,1678993163
648,210,5,1679370006
648,235,4,1679464603
648,94,5,1679739180
648,54,3,1680990959
648,134,5,1681265778
648,53,4,1681335422
648,194,2,1681480509
648,43,3,1687163078
648,98,3,1687846178
648,185,4,1688171201
648,125,2,1691384329
648,34,3,1692661896
648,214,3,1692809564
649,186,4,1600555868
649,100,3,1607195039
649,62,3,1609264030
649,175,4,1613083373
649,18,4,1614767840
649,102,2,1615852077
649,118,4,1620411390
649,221,3,1624461808
649,154,3,1625155524
649,166,1,1627808814
649,79,3,1631012205
649,185,4,1636522917
649,210,4,1636527138
649,125,3,1638490583
649,34,3,1641635461
649,50,2,1642258453
649,5,3,1650674741
649,178,1,1652279279
649,184,3,1653255908
649,56,3,1655864152
649,168,3,1657648475
649,21,4,1658458060
649,110,5,1659728851
649,75,3,1662186146
649,137,3,1662783209
649,198,2,1665355731
649,174,4,1665671636
649,36,1,1668797891
649,245,4,1672534311
649,188,4,1672860949
649,202,4,1673609942
649,148,3,1675659736
649,41,5,1680509952
649,249,3,1681410628
649,136,4,1685504605
649,250,4,1690856529
649,111,2,1690955321
649,225,2,1691110166
649,153,3,1691119121
649,161,4,1691662201
649,157,3,1694046850
650,184,2,1603293539
650,63,3,1604178685
650,10,3,1606760276
650,188,3,1611319239
650,27,5,1613997897
650,181,2,1615712179
650,123,4,1619331723
650,238,1,1623254630
650,174,3,1626012911
650,210,5,1631592519
650,200,3,1631864995
650,232,5,1632329340
650,41,4,1639139417
650,192,4,1642456658
650,14,3,1643047442
650,139,2,1643548604
650,102,4,1646164338
650,76,2,1648587595
650,154,3,1649520057
650,45,1,1658321705
650,5,5,1661305382
650,225,3,1662004747
650,89,3,1668868541
650,17,4,1669393417
650,65,2,1670305606
650,36,2,1671175590
650,25,4,1675034833
650,46,5,1675483024
650,145,3,1676105728
650,105,4,1682817713
650,185,3,1682912775
650,215,3,1686213142
650,58,2,1687835224
650,30,3,1688452900
650,140,3,1690807151
650,56,2,1692191069
650,175,3,1693465928
651,48,4,1600766140
651,32,3,1600848827
651,33,3,1600963041
651,214,3,1603349702
651,164,3,1606602971
651,152,2,1607266062
651,107,2,1610721078
651,137,3,1613851830
651,192,4,1614312007
651,184,3,1620051755
651,226,4,1621000360
651,46,3,1621352723
651,21,3,1621937339
651,237,3,1623853265
651,174,4,1624506416
651,140,2,1624545103
651,193,2,1626306438
651,104,4,1628128262
651,100,2,1630161085
651,150,3,1631451199
651,210,3,1637508682
651,118,2,1637896899
651,136,3,1639953411
651,249,4,1640612957
651,182,4,1640767776
651,17,2,1642920086
651,154,3,1644117537
651,39,3,1647716714
651,13,3,1649451770
651,243,3,1649501332
651,5,3,1650155455
651,175,4,1650352173
651,110,4,1651852663
651,65,3,1652885852
651,8,2,1654297670
651,79,2,1654885179
651,61,3,1655696796
651,26,5,1661088470
651,130,3,1663939431
651,160,4,1665835390
651,55,3,1667607090
651,188,4,1668479332
651,123,1,1670073724
651,232,4,1671114090
651,57,3,1672002774
651,185,5,1674086399
651,109,4,1677501073
651,10,4,1677850445
651,244,4,1677905700
651,94,4,1678671578
651,43,3,1680116119
651,117,3,1682907493
651,28,3,1683196715
651,202,3,1684594263
651,139,2,1684915892
651,50,2,1686472572
651,224,3,1688993224
651,124,3,1690439233
652,61,4,1600279405
652,109,2,1600919644
652,223,3,1601756835
652,154,2,1608401946
652,69,5,1609913760
652,134,5,1611048946
652,68,5,1612678915
652,140,5,1616810414
652,141,2,1617829388
652,232,2,1623402022
652,177,3,1634698657
652,233,5,1641710243
652,226,4,1648881557
652,175,4,1649362595
652,19,5,1653497781
652,168,4,1655195459
652,32,1,1658088648
652,225,3,1658220377
652,77,2,1658567697
652,123,3,1660187811
652,174,3,1691975587
652,75,4,1693439487
652,39,4,1694482520
653,209,1,1604582202
653,231,3,1609729654
653,225,4,1610865777
653,210,4,1611191883
653,250,4,1613542965
653,50,4,1620014298
653,101,2,1621640539
653,21,3,1627161962
653,100,4,1639454283
653,106,1,1640793020
653,39,3,1642149043
653,74,3,1663984741
653,52,4,1667709493
653,128,3,1668062028
653,137,4,1675363410
653,61,4,1682510304
653,48,4,1686665052
654,132,3,1601095340
654,109,2,1601273692
654,184,2,1601461805
654,210,3,1602228516
654,85,5,1602427321
654,226,3,1604002698
654,192,3,1605017360
654,247,2,1606762528
654,150,5,1607422358
654,39,4,1608351306
654,82,2,1608979799
654,235,4,1610093587
654,18,5,1612151218
654,110,4,1613369802
654,80,3,1614380444
654,229,4,1615062184
654,50,4,1616252010
654,54,2,1617132264
654,139,4,1620607343
654,221,3,1621267959
654,15,3,1622557191
654,156,2,1622569646
654,94,4,1623908872
654,107,3,1625708667
654,100,3,1627742278
654,151,2,1628110426
654,138,4,1629552119
654,218,2,1630778079
654,93,2,1631485361
654,66,2,1631707844
654,5,4,1631780011
654,89,4,1632014907
654,188,5,1633581851
654,27,4,1637205753
654,193,3,1638892976
654,154,4,1640669097
654,241,3,1642996844
654,79,5,1644322998
654,2,3,1644605525
654,130,3,1647178097
654,182,3,1648090833
654,16,1,1648213571
654,249,3,1648214958
654,175,5,1648306205
654,106,2,1649008339
654,223,2,1649132705
654,25,4,1653535113
654,76,2,1654785522
654,198,2,1655053929
654,11,4,1655476432
654,120,2,1657696017
654,36,4,1657702833
654,61,5,1658780187
654,46,2,1662053770
654,168,5,1662316141
654,123,3,1662407667
654,41,4,1664485439
654,211,3,1665084937
654,191,2,1665195325
654,136,4,1666558526
654,142,2,1667418550
654,208,3,1669823579
654,232,3,1670961348
654,13,4,1672463096
654,43,4,1672958883
654,87,3,1674705318
654,206,4,1674718234
654,125,3,1675174154
654,53,3,1677388301
654,166,5,1677914262
654,209,4,1678844451
654,33,4,1679857394
654,95,2,1680624598
654,31,3,1680750141
654,9,4,1685930705
654,158,2,1687503307
654,88,4,1690823395
654,146,2,1694341155
655,155,3,1603010989
655,86,2,1604098354
655,8,1,1606323040
655,140,3,1606729632
655,32,4,1606973834
655,83,4,1608862414
655,182,5,1610520768
655,100,2,1610621246
655,188,5,1611055507
655,47,5,1611891545
655,125,5,1612926345
655,79,3,1614600362
655,154,3,1617046883
655,85,2,1619081149
655,123,3,1619338984
655,192,2,1619435729
655,94,4,1619943773
655,111,3,1621773855
655,168,5,1622629717
655,148,4,1625335890
655,107,3,1625561594
655,53,5,1625581187
655,52,4,1626179286
655,22,3,1629694680
655,206,3,1630503732
655,70,4,1631376629
655,21,5,1632258481
655,102,3,1634111451
655,235,2,1635462401
655,196,4,1640850869
655,164,2,1642082632
655,232,5,1642131634
655,128,2,1644540791
655,219,2,1645735016
655,27,5,1646528166
655,207,5,1649306322
655,48,5,1649328527
655,250,5,1653038370
655,39,3,1653623465
655,12,3,1656574118
655,97,5,1658102248
655,104,4,1658143124
655,56,5,1658361761
655,204,4,1661491737
655,130,4,1661955374
655,184,3,1663589569
655,225,3,1664923648
655,127,3,1667738158
655,58,4,1667899877
655,10,4,1668448358
655,93,5,1668966929
655,109,2,1669530332
655,174,5,1670066349
655,223,4,1670492494
655,160,3,1671874020
655,5,5,1672540582
655,187,3,1673251785
655,6,2,1673757452
655,65,3,1678093880
655,54,3,1679839328
655,76,5,1681285776
655,167,2,1681888371
655,137,3,1681937316
655,115,3,1682283153
655,177,4,1682963665
655,175,4,1684182697
655,157,3,1685292357
655,46,5,1685490229
655,205,3,1687531859
655,209,4,1688896219
655,136,4,1689577084
655,80,5,1689628096
655,244,4,1690129858
655,103,3,1690188031
655,18,3,1690367788
655,210,5,1691758102
655,81,5,1692671541
655,226,3,1693383743
655,170,3,1693871450
656,234,2,1602122616
656,169,4,1602573361
656,68,2,1606707983
656,46,3,1610234547
656,174,4,1611762661
656,130,3,1613475210
656,175,4,1617756581
656,48,3,1622481186
656,18,3,1644122834
656,225,3,1647884496
656,94,3,1650703058
656,131,1,1653102519
656,173,2,1653133159
656,166,4,1653668874
656,136,5,1668494515
656,236,3,1671723645
656,85,4,1672507799
656,109,3,1692638274
656,98,2,1693905978
656,133,3,1693963092
657,168,3,1600473091
657,154,5,1601279072
657,27,5,1601845990
657,52,3,1601859068
657,100,3,1602216867
657,24,3,1603883866
657,50,2,1607030604
657,72,3,1610948096
657,120,3,1613934526
657,176,3,1614918490
657,175,4,1615003636
657,177,3,1615613983
657,21,5,1616749741
657,199,4,1618370852
657,47,4,1618499459
657,28,3,1619761278
657,96,2,1620373816
657,64,4,1620956992
657,143,3,1621990235
657,56,4,1624129265
657,141,2,1629493700
657,131,2,1629601247
657,108,4,1631347344
657,32,3,1631830878
657,75,3,1633587520
657,116,5,1633999294
657,136,4,1634606862
657,76,2,1641682663
657,23,1,1641735970
657,221,3,1643934914
657,94,3,1643955701
657,93,5,1644651941
657,49,4,1645187268
657,13,4,1648236931
657,92,3,1649422855
657,9,4,1649513870
657,79,3,1649908176
657,109,3,1649959529
657,192,1,1651097743
657,166,4,1651232135
657,104,4,1651563644
657,158,4,1653331523
657,140,5,1654580949
657,5,4,1655078418
657,182,5,1655763988
657,19,4,1657455673
657,232,2,1658781071
657,39,3,1659087637
657,37,1,1660075516
657,62,2,1660829994
657,210,5,1661934106
657,6,2,1662982670
657,218,3,1664689407
657,125,5,1666019148
657,173,3,1667440588
657,206,3,1667693715
657,36,4,1670208319
657,111,4,1670551244
657,134,3,1671215172
657,18,5,1672565946
657,89,3,1672578697
657,188,5,1674230709
657,225,3,1674643287
657,229,2,1677804438
657,200,2,1680545908
657,249,4,1682445658
657,157,2,1683523507
657,61,3,1690954350
657,214,3,1691014004
657,69,5,1694001195
658,85,5,1604323753
658,52,5,1605282734
658,218,3,1606510557
658,132,3,1606774615
658,110,4,1607083530
658,65,5,1607574505
658,206,3,1611545128
658,100,1,1619895889
658,140,1,1621526044
658,185,2,1626574958
658,244,5,1630783992
658,13,3,1631504919
658,192,3,1636070652
658,68,4,1637415374
658,18,5,1638296376
658,50,3,1639166143
658,77,5,1642002109
658,107,4,1643479459
658,94,4,1644696032
658,123,3,1644949492
658,249,3,1646477797
658,16,2,1648785805
658,136,3,1653297355
658,104,4,1653591921
658,188,4,1657038645
658,93,4,1660368635
658,111,3,1663863846
658,39,5,1664290783
658,79,4,1666545340
658,70,4,1667195437
658,164,2,1670498405
658,108,2,1670715691
658,247,3,1673368579
658,180,3,1680035859
658,35,4,1683901231
658,153,4,1684980913
658,214,3,1690326586
659,50,4,1601129741
659,158,3,1601314608
659,111,4,1606335657
659,109,1,1608679274
659,210,3,1610499575
659,221,3,1613652392
659,21,3,1614657503
659,192,3,1618961602
659,107,2,1622923204
659,100,1,1624347626
659,143,2,1626743681
659,146,4,1626912207
659,85,2,1630752705
659,244,4,1642038811
659,22,2,1643276988
659,83,3,1643537094
659,140,1,1646464427
659,70,5,1647210110
659,175,3,1650579407
659,132,3,1650885147
659,56,3,1652127553
659,139,4,1653437985
659,188,3,1653931431
659,14,2,1655751403
659,249,2,1657352263
659,246,2,1659894614
659,53,3,1661002223
659,124,3,1663654103
659,26,4,1666626825
659,46,3,1667754630
659,24,3,1668378080
659,145,4,1669670934
659,235,4,1670362657
659,87,5,1670859420
659,154,4,1678172372
659,55,2,1678793856
659,184,3,1678853435
659,155,4,1678990413
659,39,4,1679686297
659,79,3,1683878480
659,27,3,1685165709
659,6,3,1685551581
659,5,2,1686111998
659,48,4,1688438393
660,39,5,1600516784
660,93,4,1600577073
660,154,2,1604942610
660,87,3,1605206483
660,85,3,1609718737
660,50,3,1609828368
660,238,1,1614446946
660,61,4,1615597745
660,88,5,1616886835
660,240,3,1620193304
660,80,3,1620402920
660,109,4,1620776034
660,190,1,1621953628
660,229,2,1622341498
660,192,3,1622590736
660,124,3,1624088764
660,181,2,1625069801
660,53,3,1629502064
660,152,3,1633277119
660,247,4,1635099060
660,198,3,1637614944
660,134,4,1637685767
660,125,3,1637975223
660,27,3,1640078550
660,17,4,1640530257
660,19,3,1640580381
660,2,3,1645405348
660,15,3,1650006280
660,236,2,1651297959
660,164,4,1651919470
660,235,2,1652212360
660,102,5,1653711268
660,83,2,1659106745
660,182,4,1663149344
660,183,2,1663704966
660,186,2,1665681319
660,58,1,1670163658
660,130,2,1671137712
660,18,2,1673596767
660,218,3,1675820537
660,100,3,1677502784
660,52,3,1678547811
660,5,2,1680068397
660,168,3,1688200953
660,249,3,1689311761
660,139,2,1689438620
660,166,3,1693644093
660,79,3,1693736460
661,203,4,1604175204
661,116,2,1604547137
661,36,1,1606341875
661,225,3,1606558967
661,154,3,1607457766
661,54,3,1607640163
661,23,3,1612084738
661,93,3,1612633987
661,111,3,1613162530
661,226,2,1615151213
661,155,3,1615412692
661,199,3,1615799812
661,132,3,1615854838
661,244,3,1616567356
661,61,4,1617873788
661,18,4,1618101093
661,101,3,1618323944
661,125,3,1619204933
661,9,5,1622919822
661,123,3,1622997795
661,152,4,1624343843
661,219,2,1625539734
661,39,4,1626143901
661,137,5,1627192632
661,72,2,1628952911
661,249,3,1629424715
661,237,4,1630875161
661,139,4,1631478572
661,46,2,1631794929
661,232,4,1631876433
661,185,4,1633684121
661,44,4,1635417028
661,43,3,1636521387
661,202,5,1637347975
661,53,3,1638822682
661,3,2,1641754972
661,133,2,1642001243
661,159,2,1643854399
661,208,3,1644675408
661,130,3,1646220332
661,183,2,1646357288
661,4,4,1647142891
661,175,4,1650684112
661,143,2,1652504172
661,66,3,1655690734
661,13,4,1656086741
661,206,4,1659914157
661,157,3,1661791945
661,50,3,1664967753
661,109,5,1665148787
661,188,4,1666975362
661,182,5,1668839810
661,102,2,1673331192
661,94,4,1674220159
661,192,3,1676350922
661,79,2,1676550480
661,229,4,1677789742
661,52,3,1678258437
661,198,5,1678548818
661,27,4,1679998465
661,178,4,1680013161
661,136,4,1680558836
661,21,3,1680803768
661,162,4,1691191610
661,246,3,1691747307
661,127,5,1693036876
661,131,2,1693109931
662,111,3,1605157443
662,68,3,1605527639
662,52,4,1607882303
662,164,2,1607937320
662,175,4,1608037920
662,74,1,1609780926
662,43,4,1612464035
662,131,2,1614251352
662,125,4,1616921410
662,34,4,1617998194
662,168,4,1622114953
662,192,3,1624067325
662,141,3,1625088951
662,140,3,1625208019
662,79,4,1625241695
662,103,2,1629054224
662,232,2,1630746068
662,137,4,1631025983
662,39,4,1632190483
662,56,3,1632950550
662,138,3,1634737618
662,136,4,1646568747
662,236,3,1647873893
662,188,3,1655930888
662,225,3,1658152747
662,250,2,1659768724
662,15,3,1662613050
662,180,3,1663265851
662,76,1,1663796084
662,58,2,1664072973
662,7,3,1664555389
662,55,3,1666507858
662,85,4,1667121884
662,229,3,1667407512
662,242,2,1667677167
662,226,4,1670254197
662,235,4,1671055958
662,246,2,1675483333
662,48,3,1675948830
662,217,3,1677192323
662,152,2,1677861987
662,105,3,1678420966
662,170,4,1686095194
662,123,3,1688634006
662,93,3,1689582028
662,109,5,1692619145
662,249,2,1693414394
663,38,3,1602701743
663,128,3,1602712794
663,81,5,1602726143
663,50,4,1602873070
663,185,4,1604786863
663,10,3,1605791022
663,54,3,1606538045
663,138,4,1608207735
663,46,4,1610842596
663,8,4,1611426584
663,16,1,1611450174
663,224,4,1612137662
663,3,3,1612250981
663,177,3,1614146814
663,194,4,1618859968
663,250,3,1619425763
663,136,2,1621735604
663,93,5,1623949702
663,202,4,1628287692
663,242,4,1628400281
663,192,3,1629489083
663,131,3,1631493179
663,110,4,1632703630
663,246,3,1632873229
663,188,3,1634868943
663,102,4,1635130197
663,5,5,1635211490
663,229,3,1637197808
663,187,5,1637740348
663,65,3,1637897418
663,87,4,1637985185
663,186,3,1641120650
663,94,5,1641583479
663,76,4,1641902001
663,220,4,1643041864
663,174,4,1643283234
663,39,4,1643797761
663,232,5,1644109567
663,82,3,1645570588
663,134,4,1645586259
663,18,4,1647253549
663,21,3,1647315402
663,143,3,1650939754
663,89,4,1651161796
663,153,4,1652621310
663,98,3,1653418657
663,210,5,1654200025
663,86,2,1654362107
663,113,2,1655003962
663,182,5,1656858818
663,34,3,1657070994
663,152,2,1658573344
663,184,4,1659032285
663,33,4,1659491866
663,58,3,1659911833
663,166,3,1660373244
663,237,3,1661119866
663,30,4,1661415198
663,226,5,1663546695
663,15,3,1664335883
663,140,2,1664454446
663,139,2,1665866251
663,79,4,1667381172
663,52,3,1667394607
663,173,4,1670166497
663,109,3,1670625484
663,208,3,1673589215
663,249,4,1674631431
663,213,3,1674792157
663,175,4,1675127191
663,189,4,1676720583
663,116,2,1677573384
663,195,5,1678644325
663,125,5,1680001379
663,206,5,1680363569
663,37,2,1680515810
663,35,3,1681367635
663,9,4,1683678837
663,221,5,1685252396
663,130,3,1689312445
663,159,3,1689724777
663,62,4,1691138495
663,243,3,1691804199
663,162,2,1692395213
663,53,4,1693576270
664,39,3,1600594108
664,18,3,1601341848
664,139,2,1602210287
664,162,4,1604464414
664,236,2,1606324370
664,80,3,1609958563
664,61,4,1613882183
664,154,4,1614115968
664,20,4,1614304237
664,3,2,1614929938
664,79,2,1615654571
664,65,3,1617922785
664,27,5,1621898117
664,145,3,1629549609
664,130,3,1630513999
664,168,5,1631246246
664,218,4,1633468423
664,123,4,1635282315
664,204,2,1637626060
664,210,3,1639037225
664,50,3,1640100327
664,100,2,1641714570
664,97,3,1645167820
664,198,2,1646579129
664,5,3,1651288888
664,182,5,1652785100
664,82,4,1657758102
664,243,4,1658105222
664,53,3,1658814241
664,34,4,1665293263
664,184,2,1667494209
664,155,2,1670427571
664,183,3,1671713522
664,188,3,1672111350
664,93,5,1680474542
664,187,2,1682929342
664,63,1,1683135505
664,244,3,1684885073
664,159,3,1688047463
664,225,5,1688197896
664,54,3,1688912786
664,206,4,1689653480
665,175,3,1602921841
665,188,3,1604693999
665,46,4,1607770316
665,225,2,1607916266
665,199,3,1608567452
665,168,2,1608967777
665,111,3,1610654770
665,209,4,1612267584
665,27,4,1613497874
665,76,2,1615248738
665,39,4,1616043794
665,130,1,1617058959
665,150,3,1618509333
665,5,4,1619962152
665,248,3,1620628317
665,50,3,1620798124
665,193,3,1621831704
665,230,4,1623055658
665,182,3,1623841998
665,128,3,1627527810
665,244,5,1633195784
665,13,2,1636929575
665,61,4,1637241594
665,132,3,1638181141
665,100,5,1640349105
665,184,2,1642036604
665,155,2,1642411792
665,45,4,1644846168
665,141,3,1646000287
665,198,3,1648310139
665,24,4,1655335406
665,79,4,1656314065
665,221,4,1659942284
665,173,5,1660663217
665,204,3,1660880795
665,121,3,1660971462
665,200,4,1661699658
665,9,4,1663929579
665,196,3,1666928705
665,192,2,1672215337
665,123,2,1675898322
665,154,3,1677695517
665,109,3,1677746205
665,47,2,1681462410
665,85,5,1684014241
665,235,3,1684838702
665,102,2,1686703675
665,18,4,1691560491
665,54,3,1691628956
665,210,5,1692764849
665,180,3,1694356063
666,134,4,1600455792
666,39,4,1605856803
666,192,5,1621107257
666,30,5,1621818007
666,130,5,1627825651
666,79,5,1634308840
666,93,5,1638255219
666,195,3,1638580305
666,188,4,1639638154
666,247,2,1642063518
666,193,2,1655153873
666,180,4,1680752418
666,139,3,1680910336
666,132,5,1681525681
666,208,4,1685303792
667,233,5,1600388011
667,31,4,1601624994
667,199,4,1602633801
667,89,4,1603493760
667,101,3,1605160455
667,66,2,1605896279
667,18,5,1606185532
667,21,2,1607192174
667,28,4,1610552909
667,221,5,1613347820
667,180,5,1615620479
667,69,3,1616268495
667,64,5,1617934179
667,92,4,1620374094
667,191,2,1620960568
667,160,4,1621234094
667,146,4,1622427405
667,5,5,1622673951
667,243,5,1623810814
667,192,5,1624216779
667,115,3,1624485189
667,72,3,1624778525
667,175,5,1625121429
667,48,4,1625210029
667,196,4,1628343203
667,37,5,1628690953
667,57,3,1629231288
667,36,3,1629636578
667,17,5,1629827723
667,41,4,1630854201
667,137,4,1631215852
667,104,4,1631515088
667,47,3,1632263026
667,93,5,1633071553
667,141,4,1633934667
667,193,4,1634785432
667,185,4,1636091489
667,188,5,1637689186
667,129,2,1639400964
667,122,5,1639457236
667,173,4,1639530145
667,154,5,1641477258
667,80,4,1642247116
667,79,3,1642465213
667,4,5,1642615083
667,174,5,1642686185
667,58,2,1642968527
667,42,5,1643074402
667,113,4,1643900113
667,56,4,1644277306
667,27,4,1645212422
667,166,3,1645368584
667,214,2,1645395684
667,131,2,1646474787
667,9,5,1647445501
667,109,4,1647625565
667,163,4,1648394438
667,230,4,1649539328
667,206,3,1649923334
667,2,5,1649984332
667,210,5,1650217056
667,190,3,1654978512
667,86,3,1655453183
667,12,1,1656391468
667,130,2,1656717698
667,235,4,1657235832
667,134,5,1657365782
667,249,5,1657707151
667,123,5,1658395261
667,125,5,1658862371
667,145,4,1659365384
667,225,3,1660073832
667,150,5,1660295499
667,236,2,1660763112
667,76,3,1660890491
667,172,2,1661400952
667,250,5,1661518634
667,8,2,1661664665
667,107,2,1662979950
667,205,4,1663597015
667,100,2,1665330941
667,97,5,1666362286
667,52,3,1666582935
667,13,5,1667373404
667,19,4,1668413102
667,155,2,1669983996
667,223,2,1670482539
667,244,3,1670828145
667,74,2,1671827173
667,201,3,1672099586
667,182,4,1673755794
667,34,3,1674459240
667,111,5,1674686901
667,148,2,1675456952
667,65,3,1676373315
667,232,3,1676507211
667,132,5,1677140692
667,224,5,1678175124
667,50,2,1679139451
667,156,2,1680017426
667,43,4,1680823439
667,39,3,1681235706
667,229,2,1682765230
667,102,3,1683170580
667,54,5,1683925165
667,127,4,1684755269
667,139,4,1687998389
667,200,3,1688654007
667,136,5,1688917436
667,26,4,1689057743
667,140,4,1690889371
667,168,4,1692551898
667,237,4,1693428369
667,15,5,1694489446
668,69,4,1602132803
668,154,2,1602336830
668,137,3,1606122673
668,66,2,1606184000
668,165,4,1606435330
668,131,5,1606743468
668,206,3,1607539518
668,148,2,1609078428
668,182,5,1610201536
668,229,3,1612549904
668,130,2,1613096146
668,54,4,1617688967
668,93,4,1620525314
668,225,4,1620988929
668,243,3,1621499154
668,153,3,1622193891
668,48,1,1625814530
668,247,2,1626341440
668,128,3,1627682408
668,155,2,1627912292
668,205,3,1628203578
668,164,4,1629837727
668,195,4,1632052356
668,52,2,1632911935
668,46,1,1633343607
668,27,5,1637123971
668,244,2,1640135347
668,61,5,1642952208
668,111,2,1643492467
668,189,3,1644008198
668,2,5,1646217205
668,100,1,1646386813
668,21,3,1647331014
668,150,5,1648205277
668,174,3,1648807008
668,28,3,1649823236
668,109,2,1650151441
668,5,3,1651432892
668,188,3,1656581407
668,250,2,1656635067
668,18,4,1661413970
668,166,3,1661433966
668,185,4,1662498230
668,16,1,1665376815
668,13,2,1668487340
668,173,3,1669725095
668,39,3,1671405011
668,184,4,1671410426
668,79,5,1672133226
668,151,1,1674520269
668,241,1,1678973438
668,127,4,1681305245
668,175,4,1682211455
668,221,3,1685472000
668,102,3,1688431260
668,162,3,1688890324
668,50,4,1694164092
669,93,3,1600473629
669,50,3,1601518182
669,111,3,1603590214
669,175,4,1604444895
669,119,3,1605766777
669,67,2,1606638549
669,127,2,1607349269
669,140,1,1607464617
669,44,3,1608806106
669,47,1,1612835806
669,9,4,1615664296
669,100,3,1618925209
669,64,2,1621033809
669,12,2,1622721189
669,46,3,1624878920
669,94,4,1627112502
669,167,4,1631468583
669,125,3,1631519171
669,160,4,1631919984
669,79,3,1634053668
669,195,4,1635393011
669,136,3,1636312156
669,10,5,1637590469
669,221,3,1637889000
669,107,3,1640130661
669,206,3,1641325315
669,52,3,1642620260
669,196,3,1643547741
669,188,4,1644024475
669,72,3,1646245046
669,68,5,1648474476
669,132,2,1648857314
669,203,2,1649130629
669,210,5,1651260773
669,61,4,1651438936
669,31,2,1651740231
669,246,3,1653788591
669,130,3,1654285240
669,211,3,1656286795
669,153,3,1659669042
669,146,5,1660664118
669,54,3,1662405619
669,208,3,1662942375
669,194,3,1664476270
669,168,3,1667731206
669,123,3,1669014463
669,34,4,1669551726
669,39,5,1671147374
669,249,2,1671678929
669,199,3,1671845205
669,187,3,1672053731
669,26,4,1673303347
669,154,4,1676180798
669,36,1,1677329426
669,21,4,1680956877
669,45,2,1681400856
669,80,4,1681479323
669,139,3,1681695894
669,82,3,1685215278
669,18,4,1685358306
669,98,3,1686898410
669,141,3,1688727575
669,184,2,1690501279
669,190,1,1693267684
669,200,3,1693747913
669,181,2,1693767892
670,244,4,1605500249
670,50,4,1611712740
670,21,3,1615704487
670,123,2,1624257574
670,216,4,1639882793
670,63,2,1640268458
670,168,4,1640431909
670,193,4,1640916633
670,175,4,1648863307
670,139,3,1660669898
670,4,4,1661228717
670,39,3,1683123755
671,111,4,1604666650
671,94,5,1607737172
671,39,3,1608940186
671,249,4,1614875893
671,125,2,1623640485
671,53,3,1631968530
671,154,3,1637576822
671,175,4,1654940414
671,132,3,1655708475
671,48,2,1656203340
671,59,3,1661450325
671,192,3,1669200835
671,85,3,1673866938
671,79,3,1679024856
671,5,5,1683713592
671,235,2,1686255706
672,144,5,1600067061
672,206,3,1601707208
672,218,3,1602872912
672,120,2,1603216206
672,50,4,1603770834
672,25,4,1604191285
672,106,2,1605872933
672,53,5,1606758888
672,155,3,1608277569
672,27,5,1610929977
672,79,4,1611271426
672,2,4,1615528778
672,249,4,1616173083
672,133,5,1617309042
672,73,4,1618622503
672,39,5,1619438629
672,123,3,1620079130
672,182,4,1621258772
672,229,2,1621328004
672,135,4,1621968620
672,103,4,1627726950
672,147,5,1632263514
672,210,3,1636696303
672,188,3,1636935327
672,225,3,1638831802
672,152,2,1639520488
672,21,4,1640692890
672,87,3,1642343580
672,94,2,1642629320
672,48,3,1642917007
672,32,3,1643244142
672,197,2,1643973582
672,9,3,1644238328
672,89,3,1644400726
672,134,4,1646529305
672,132,5,1646922026
672,80,3,1647222029
672,145,3,1647969724
672,125,5,1648798436
672,238,3,1649290377
672,241,1,1649955708
672,164,2,1650261546
672,16,1,1651204450
672,130,3,1652662565
672,93,5,1653779792
672,46,4,1657512363
672,190,4,1657598857
672,136,3,1658215542
672,234,4,1659857962
672,140,3,1660415989
672,100,3,1661399275
672,18,3,1663292163
672,175,3,1663874700
672,153,5,1665163259
672,154,4,1665171684
672,13,3,1666104871
672,81,4,1666990073
672,157,4,1667185765
672,85,4,1668338084
672,109,4,1670599828
672,139,3,1673374806
672,57,3,1675324241
672,146,4,1675640292
672,160,4,1682782190
672,199,4,1684252627
672,150,4,1684931819
672,235,3,1687145760
672,232,3,1690550602
672,45,5,1692064989
672,236,2,1694321029
673,192,5,1600591831
673,168,4,1601218623
673,230,3,1601799369
673,72,3,1604463544
673,221,4,1606317880
673,214,4,1606655197
673,79,4,1609383900
673,26,5,1609449562
673,206,5,1617380787
673,100,2,1618482971
673,48,3,1622503037
673,102,2,1624286114
673,39,4,1627865168
673,175,3,1634684293
673,132,4,1637377800
673,225,4,1641605027
673,198,2,1643252309
673,68,5,1644247119
673,154,2,1644798613
673,190,1,1645218636
673,236,4,1648875415
673,101,3,1651066049
673,242,2,1652662557
673,50,3,1654236479
673,210,2,1654590529
673,197,3,1654973669
673,232,4,1661568451
673,123,3,1670870924
673,2,4,1671427387
673,243,5,1672921306
673,27,5,1673073133
673,89,5,1673298060
673,41,4,1678038907
673,109,2,1681315677
673,188,3,1682097429
673,145,4,1683394055
673,53,3,1686420644
673,229,2,1688139177
673,93,4,1693424050
674,39,4,1610761530
674,192,3,1611997529
674,230,3,1615848403
674,175,5,1616298917
674,173,3,1634986303
674,225,2,1655114346
674,68,4,1657604832
674,5,3,1674133632
674,241,2,1682510777
675,54,3,1601834444
675,157,3,1602116605
675,247,3,1602843740
675,85,5,1602920235
675,18,5,1605288923
675,221,5,1605333673
675,193,3,1606896814
675,182,3,1610512843
675,235,4,1611864928
675,104,3,1612441472
675,250,5,1614325503
675,15,4,1617295363
675,136,4,1618382790
675,210,2,1619970933
675,27,5,1623866344
675,97,4,1623984500
675,28,3,1627866117
675,169,4,1629190617
675,185,4,1629307186
675,244,3,1629347221
675,225,4,1630005770
675,32,2,1633094056
675,133,2,1633760251
675,223,2,1636183919
675,192,5,1637219249
675,102,3,1638231830
675,94,4,1638519305
675,61,5,1639613189
675,40,3,1644578147
675,16,1,1646971574
675,93,3,1651365805
675,79,3,1652433390
675,208,2,1653255272
675,100,3,1653308833
675,141,2,1653991256
675,50,3,1654145650
675,48,2,1655681324
675,171,2,1656191453
675,21,4,1657039226
675,198,3,1657292637
675,139,4,1657641896
675,130,3,1658651468
675,123,3,1659248379
675,39,5,1661589435
675,122,5,1661906286
675,25,5,1662789381
675,125,3,1663776190
675,179,3,1663934057
675,155,3,1666483436
675,107,3,1666925108
675,189,2,1667725517
675,36,3,1668420439
675,188,3,1669954110
675,76,4,1670295859
675,245,3,1671685059
675,111,2,1672217737
675,137,5,1674029021
675,237,5,1674068304
675,233,5,1675390262
675,82,2,1675703072
675,64,5,1675813086
675,103,3,1678478007
675,158,3,1681550026
675,204,1,1682119050
675,145,4,1682980988
675,218,4,1683385732
675,13,4,1684345178
675,207,5,1685189592
675,175,5,1686720051
675,206,5,1687598358
675,160,5,1689741477
675,109,3,1690250503
675,81,5,1691378243
675,154,4,1692904294
676,46,5,1602868194
676,109,2,1603346355
676,182,5,1604184075
676,61,4,1609080827
676,235,4,1613769099
676,225,3,1614803873
676,241,1,1615834114
676,154,4,1622267629
676,2,5,1622861232
676,168,3,1623933598
676,218,4,1632032589
676,93,4,1633777262
676,125,4,1633860080
676,98,2,1634320178
676,224,5,1635080805
676,13,3,1635333796
676,206,3,1639540484
676,79,4,1641768076
676,156,2,1642332764
676,136,2,1644200911
676,74,4,1645899396
676,24,3,1645996629
676,21,5,1648696972
676,69,3,1650597680
676,15,5,1652516813
676,85,4,1653348995
676,94,3,1655323758
676,47,2,1656548407
676,139,5,1657047027
676,39,4,1658556695
676,209,5,1660672377
676,130,2,1660876325
676,185,5,1661329243
676,86,4,1663756290
676,188,5,1671955101
676,123,4,1672372677
676,77,3,1689350931
676,48,5,1690298205
676,135,4,1693770232
676,184,3,1694544141
677,109,3,1600614851
677,58,3,1600855887
677,127,5,1601636413
677,126,5,1601956396
677,39,4,1602514206
677,35,3,1607794041
677,111,4,1608506310
677,74,5,1610158316
677,250,3,1612046082
677,5,5,1612615314
677,79,4,1612685609
677,50,3,1613496454
677,203,2,1616269793
677,154,5,1616583332
677,153,4,1617423887
677,182,4,1618544093
677,226,4,1619234280
677,117,4,1621873909
677,225,3,1622229146
677,165,4,1622711161
677,238,4,1622715417
677,34,4,1623309563
677,46,5,1623336587
677,18,4,1625693199
677,82,3,1628047059
677,208,2,1628255642
677,56,4,1630955802
677,168,5,1631067344
677,243,5,1632339810
677,102,4,1633512376
677,30,2,1633690225
677,244,4,1633830511
677,53,5,1635701942
677,132,5,1639474574
677,100,3,1640284828
677,76,3,1640749146
677,86,3,1641791459
677,232,3,1641851155
677,166,3,1642730801
677,157,2,1645732032
677,21,3,1647622180
677,19,5,1648962601
677,139,5,1650256096
677,65,4,1650603538
677,97,4,1652670648
677,229,3,1653309278
677,27,5,1654147029
677,210,5,1654395695
677,93,4,1655884309
677,246,4,1660647027
677,70,5,1661148582
677,85,4,1661907424
677,48,5,1662790147
677,47,3,1665090921
677,59,3,1666630978
677,42,4,1667459109
677,249,4,1667494856
677,121,4,1670304089
677,202,5,1670602233
677,175,4,1671645736
677,71,3,1671960028
677,81,3,1676003437
677,136,4,1676087090
677,184,3,1678433708
677,188,4,1681497230
677,236,2,1681662827
677,140,4,1681664771
677,241,1,1684393864
677,138,5,1684890189
677,13,3,1685377518
677,205,5,1685584082
677,196,3,1685744155
677,160,3,1686991232
677,52,2,1689446159
677,164,3,1689712012
677,235,3,1689930363
677,221,4,1690286749
677,131,3,1691708769
677,14,4,1691991549
677,125,4,1692963575
677,61,3,1694212639
678,182,5,1601738785
678,106,2,1605863195
678,232,3,1607999778
678,244,3,1609482844
678,145,5,1611254159
678,229,2,1612895530
678,225,3,1617492989
678,156,3,1619028986
678,146,4,1620000017
678,85,4,1620131370
678,10,3,1620453530
678,198,2,1624257888
678,174,5,1632368210
678,123,4,1633270284
678,175,4,1637720928
678,109,4,1638795367
678,195,5,1639631206
678,50,4,1641884655
678,22,4,1641964845
678,128,3,1644701973
678,39,4,1648588428
678,27,5,1650433086
678,93,5,1653513256
678,154,4,1655029554
678,219,1,1656635061
678,32,3,1657009017
678,36,3,1658502246
678,25,4,1660250086
678,167,3,1662215300
678,13,2,1664078959
678,23,4,1666678354
678,223,2,1667944575
678,33,3,1668118220
678,113,3,1669687366
678,140,4,1670061985
678,112,5,1670479945
678,188,4,1673471713
678,136,4,1675092383
678,76,1,1681724171
678,249,5,1689379500
678,242,4,1691359956
678,201,2,1694219982
679,15,5,1600431867
679,195,3,1603551579
679,79,4,1605603457
679,241,2,1609197138
679,130,2,1609267514
679,28,3,1610175619
679,123,4,1613077319
679,236,2,1614867268
679,192,4,1616323297
679,188,4,1622944993
679,150,3,1623028569
679,111,5,1628407736
679,70,4,1629250156
679,47,4,1629946696
679,210,4,1630941173
679,181,2,1631504170
679,186,4,1631908980
679,249,3,1632190218
679,175,4,1633958614
679,209,4,1634081129
679,180,5,1635265220
679,154,5,1636319296
679,52,5,1636598834
679,206,2,1637429125
679,225,3,1639487248
679,31,2,1640226475
679,198,4,1640530000
679,223,1,1642908509
679,36,3,1643128200
679,33,4,1643592250
679,100,2,1647927021
679,166,2,1649205935
679,140,3,1662599028
679,248,2,1665731164
679,178,4,1666698223
679,145,4,1667110394
679,232,3,1667790019
679,27,5,1670944162
679,97,4,1671883094
679,89,4,1672636008
679,72,3,1676509274
679,61,3,1676830375
679,196,4,1679544289
679,39,5,1682591391
679,231,3,1683680031
679,22,2,1686783079
679,137,2,1687739789
679,59,3,1688921838
679,138,5,1691008308
679,50,4,1694303170
680,36,3,1601541460
680,28,3,1602232837
680,210,5,1602407421
680,249,4,1607710270
680,80,3,1609422187
680,138,5,1611711292
680,201,3,1614019140
680,192,3,1614488567
680,206,4,1614790116
680,202,5,1614828663
680,232,4,1615084899
680,171,3,1617897409
680,235,4,1618253785
680,48,5,1620365154
680,93,4,1621090747
680,86,3,1621340962
680,152,2,1622548936
680,198,3,1623100044
680,168,4,1623312132
680,76,3,1623487902
680,213,3,1625170558
680,40,3,1625977382
680,181,3,1627789992
680,53,4,1629635774
680,9,3,1629938587
680,65,3,1630691928
680,27,4,1632202116
680,35,3,1633342521
680,20,4,1634700047
680,136,3,1636107827
680,124,5,1636789560
680,21,3,1637629859
680,39,4,1637915254
680,34,5,1640228124
680,54,3,1640637438
680,101,2,1641038060
680,169,3,1644372778
680,236,2,1647832241
680,184,3,1648483796
680,237,4,1648528612
680,145,4,1650976538
680,89,2,1651399670
680,109,3,1651847432
680,187,2,1653966004
680,120,2,1655263966
680,220,5,1656832572
680,50,3,1656914201
680,130,3,1657737396
680,17,4,1657908783
680,247,2,1659573639
680,244,3,1661651645
680,193,4,1665231700
680,226,3,1666796698
680,199,5,1668176031
680,154,4,1669774378
680,123,5,1671223306
680,125,4,1673585232
680,47,3,1673655052
680,250,2,1676801229
680,100,1,1677198961
680,176,1,1677255680
680,134,4,1678184029
680,175,4,1678919603
680,32,3,1680299452
680,61,4,1680703089
680,7,4,1682122320
680,180,5,1684747294
680,188,5,1685483944
680,234,4,1686102185
680,5,5,1687935188
680,104,3,1688390651
680,146,3,1690474510
680,33,4,1691443866
680,190,3,1691785969
680,55,3,1692573038
680,25,4,1692930398
680,69,5,1693770893
681,18,2,1603006797
681,190,1,1603639613
681,175,3,1606877349
681,210,4,1615008421
681,21,3,1615855115
681,133,4,1620404195
681,39,3,1622084231
681,128,4,1622403681
681,65,3,1623966835
681,111,3,1628343104
681,10,3,1632555660
681,134,4,1638802779
681,234,4,1658852681
681,53,4,1665710854
681,188,3,1666284554
681,3,3,1676282836
681,36,1,1676719435
681,93,3,1678300039
681,27,4,1679357606
682,39,5,1615907479
682,13,3,1615912963
682,171,2,1625117918
682,242,2,1633062380
682,216,3,1638727862
682,232,4,1643748716
682,86,2,1645411478
682,179,3,1650603891
682,5,3,1654237243
682,65,4,1657242517
682,28,4,1663583580
682,210,4,1666429503
682,61,4,1667509623
682,6,3,1667949645
682,132,3,1675968932
682,154,3,1693673425
683,190,1,1600437141
683,82,3,1605620490
683,157,2,1606319795
683,237,5,1609971195
683,123,4,1610015527
683,210,3,1623935424
683,197,3,1630443737
683,164,3,1631040339
683,193,3,1632179400
683,184,3,1634781317
683,79,3,1639762343
683,182,3,1643517859
683,39,4,1644497891
683,235,2,1645778149
683,9,3,1645860386
683,196,1,1647806548
683,85,4,1650904191
683,115,3,1651491290
683,226,3,1652078280
683,48,4,1661543913
683,130,3,1665352610
683,27,4,1665960440
683,52,3,1667444280
683,199,3,1672626025
683,100,3,1678371813
683,145,4,1681809520
683,87,2,1685738903
683,120,4,1686214405
683,143,2,1689553574
683,175,4,1693677320
684,192,3,1601501970
684,98,2,1602554722
684,80,2,1606881586
684,170,4,1609226350
684,155,3,1610984090
684,181,2,1610984386
684,178,1,1611245524
684,234,3,1613190498
684,223,2,1613364675
684,204,1,1613581333
684,139,4,1615313883
684,193,2,1616627073
684,93,3,1617282133
684,79,3,1617587182
684,130,3,1619628953
684,175,5,1621742255
684,19,3,1622898709
684,179,3,1625572090
684,219,2,1630769110
684,235,3,1633626036
684,18,4,1635097831
684,171,4,1635448268
684,140,1,1637818258
684,174,3,1638850588
684,190,2,1640216694
684,21,2,1640302483
684,197,2,1640767025
684,52,4,1641011529
684,210,4,1642664654
684,153,3,1643946566
684,128,2,1644590077
684,88,4,1646345859
684,100,2,1646915974
684,109,3,1649017585
684,243,3,1650558471
684,27,3,1652112867
684,41,5,1652132961
684,237,4,1653629284
684,17,4,1657780871
684,135,1,1659923998
684,46,3,1661960021
684,125,2,1663271900
684,76,1,1663741252
684,198,3,1664889637
684,225,2,1665045587
684,95,2,1666194657
684,48,2,1667316728
684,141,3,1668046204
684,136,4,1668853660
684,244,2,1669306986
684,208,4,1669940031
684,188,4,1677547536
684,202,3,1678624851
684,229,3,1681952319
684,13,2,1682339083
684,8,1,1684268049
684,39,4,1685174017
684,203,1,1690082561
684,50,3,1691927287
684,132,3,1692361356
684,26,3,1694482722
685,168,4,1620638966
685,46,3,1622093173
685,206,5,1623700946
685,103,2,1624288892
685,128,2,1628596201
685,52,2,1630530342
685,13,3,1632089113
685,183,4,1641901091
685,188,4,1653081096
685,39,3,1676191377
685,48,3,1679383473
685,27,5,1690212549
686,69,5,1607626047
686,111,3,1607770568
686,141,3,1612032333
686,80,4,1632882494
686,212,3,1633005681
686,221,5,1641875207
686,50,3,1642259177
686,109,2,1646930067
686,121,4,1646940220
686,148,3,1653899174
686,79,4,1661360606
686,89,3,1674016817
686,204,4,1677896166
686,249,2,1678170331
686,188,3,1683219154
687,154,2,1600038721
687,115,3,1600438510
687,45,3,1600877957
687,125,5,1602445178
687,93,4,1602728885
687,175,4,1604290158
687,86,1,1606387649
687,85,4,1607800181
687,21,3,1609920304
687,27,3,1616191883
687,113,2,1618559907
687,206,3,1620866972
687,65,4,1621282011
687,176,3,1621616090
687,130,2,1623311616
687,97,3,1628293492
687,235,3,1628998487
687,236,3,1629290025
687,210,2,1629698480
687,103,2,1631033411
687,68,3,1632100376
687,50,4,1636119676
687,250,3,1638065289
687,169,2,1640721121
687,5,3,1641431421
687,69,3,1643057362
687,193,5,1645546254
687,61,2,1647238772
687,160,4,1647261365
687,225,2,1647476569
687,9,3,1649492898
687,249,3,1649529134
687,168,4,1651052056
687,192,4,1656329247
687,18,4,1656774395
687,39,4,1660553524
687,14,4,1664517695
687,46,3,1664640814
687,123,3,1668989019
687,80,3,1669151908
687,232,5,1671660306
687,76,5,1673757271
687,52,3,1674977296
687,219,1,1675992008
687,33,4,1676092501
687,81,5,1676814644
687,91,3,1677490415
687,96,2,1679098043
687,79,3,1679847338
687,188,4,1679883698
687,15,3,1679911969
687,30,3,1682901079
687,157,2,1684381290
687,227,3,1689476221
687,40,4,1689787060
687,171,4,1690273114
687,100,2,1691003890
687,195,4,1691118599
687,184,3,1692016940
688,155,2,1601545251
688,130,1,1602074761
688,69,4,1602664756
688,100,2,1603369485
688,211,2,1604704069
688,193,3,1605149526
688,61,2,1605426994
688,111,3,1606603286
688,116,2,1619005434
688,94,4,1623217563
688,168,4,1623959892
688,190,2,1627714631
688,188,5,1629933150
688,225,2,1629947414
688,87,2,1640921999
688,139,2,1646629626
688,13,3,1648794164
688,18,4,1657955178
688,175,4,1657982398
688,28,3,1658451723
688,39,2,1662503997
688,198,4,1663333993
688,187,4,1663846643
688,230,3,1665500824
688,145,4,1666766671
688,48,2,1672421412
688,15,3,1677796448
688,157,3,1688497507
688,79,3,1690111183
688,240,2,1694087207
689,249,5,1602197700
689,208,3,1602579772
689,175,2,1605616891
689,225,3,1606773157
689,39,3,1614413720
689,210,5,1614545999
689,180,5,1615732163
689,93,5,1615822906
689,2,4,1620672767
689,5,4,1620781733
689,140,3,1621998519
689,132,5,1623981737
689,201,2,1625178081
689,195,4,1626439438
689,36,3,1634083459
689,19,3,1635860699
689,184,3,1637006609
689,79,3,1637619800
689,110,4,1641149330
689,146,3,1644817321
689,162,3,1647572602
689,154,5,1648437073
689,46,5,1649233275
689,168,4,1653532816
689,28,4,1655139686
689,100,3,1664810129
689,76,2,1668417452
689,182,5,1670038846
689,190,4,1676407978
689,105,1,1680255312
689,145,4,1687307102
689,104,5,1690009963
689,186,3,1691255696
689,53,5,1691958557
690,178,3,1607850293
690,130,3,1636449962
690,249,3,1639551214
690,120,3,1646084220
690,223,3,1647966184
690,102,4,1654726310
690,175,3,1657836459
690,13,1,1660269014
690,184,5,1662540930
690,100,2,1682807836
690,39,3,1691403040
691,166,5,1609593298
691,140,3,1611933999
691,52,5,1612338278
691,107,3,1614921914
691,53,5,1616216315
691,13,4,1616310140
691,223,2,1619662073
691,202,4,1619962102
691,199,4,1626349008
691,94,4,1627730023
691,27,5,1629632489
691,190,4,1636769697
691,45,4,1639211629
691,39,5,1641365949
691,200,5,1643930305
691,181,4,1647496899
691,19,3,1648120862
691,21,4,1652488198
691,78,4,1660224184
691,111,3,1661231745
691,160,3,1664068930
691,168,5,1664577372
691,141,4,1671703994
691,235,4,1672232745
691,10,2,1687065210
691,124,5,1694043731
692,125,3,1600888024
692,136,4,1601800792
692,225,3,1601916947
692,100,3,1607541662
692,50,5,1608897294
692,33,1,1609747734
692,154,3,1613987557
692,30,2,1615033356
692,192,3,1615827397
692,175,3,1616285712
692,79,2,1619939317
692,18,5,1620537861
692,249,3,1624570184
692,139,3,1630774283
692,185,5,1631251444
692,111,2,1632218926
692,130,2,1632442473
692,36,2,1636285432
692,140,1,1637499987
692,52,3,1637744406
692,142,2,1638642951
692,13,3,1641566821
692,66,4,1642349631
692,188,5,1643040122
692,131,3,1643952067
692,93,4,1656497433
692,218,2,1656550338
692,32,4,1659874411
692,191,3,1664896656
692,39,2,1667984721
692,193,4,1669754078
692,27,3,1671050145
692,165,4,1671353486
692,174,4,1674120162
692,202,5,1674138563
692,215,3,1681990163
692,5,3,1682492644
692,216,2,1687416561
692,23,2,1692919891
692,106,1,1692926045
692,10,4,1694060778
693,109,4,1601251771
693,130,2,1602704667
693,32,3,1602908669
693,210,4,1603964982
693,180,3,1606506026
693,188,3,1615227169
693,139,3,1616054656
693,27,4,1616559800
693,246,3,1617230996
693,244,5,1617752461
693,123,3,1619105472
693,69,4,1619115726
693,125,3,1619241170
693,33,3,1619914404
693,104,2,1621077771
693,175,5,1623489480
693,120,4,1623947789
693,101,2,1624360722
693,240,2,1625701871
693,39,4,1626286377
693,221,3,1628911045
693,53,4,1629430293
693,103,4,1629676076
693,3,1,1630954897
693,65,5,1631552790
693,50,3,1633406103
693,133,2,1634274135
693,26,3,1634736034
693,47,4,1636048527
693,154,4,1636451491
693,100,2,1636809505
693,43,4,1637728005
693,37,2,1637887288
693,192,3,1640091992
693,81,5,1641261268
693,140,1,1641340162
693,79,5,1641386474
693,242,3,1641458315
693,18,5,1644730001
693,107,3,1645200818
693,181,2,1645333791
693,223,3,1654433922
693,111,2,1655988921
693,174,3,1657979785
693,6,2,1658434291
693,204,2,1658725709
693,250,2,1658801400
693,206,4,1659882874
693,5,1,1660271647
693,22,4,1661303024
693,118,3,1661917965
693,249,3,1662299022
693,155,3,1663098365
693,145,4,1663861585
693,241,2,1665112244
693,226,3,1666673562
693,146,2,1669526173
693,93,3,1672609808
693,58,3,1672750131
693,8,5,1672855990
693,162,3,1673304954
693,62,3,1673911246
693,13,4,1676461025
693,148,3,1680217832
693,156,3,1681230229
693,72,3,1683923616
693,229,5,1684981642
693,54,3,1686312413
693,102,3,1689858441
693,56,3,1692193655
694,111,3,1600875424
694,250,3,1606812574
694,225,3,1607942256
694,123,3,1611116293
694,70,4,1615577421
694,39,4,1615881468
694,21,3,1617687886
694,206,3,1619349731
694,46,3,1620006341
694,210,3,1626738525
694,50,2,1636743135
694,163,3,1637237561
694,25,5,1647029633
694,134,5,1652389971
694,138,4,1653480723
694,102,3,1657707083
694,185,3,1664750300
694,125,3,1667674822
694,175,3,1670587888
694,188,5,1673483937
694,27,4,1674795465
694,132,5,1675654705
694,157,1,1677992936
694,199,3,1681337360
694,192,3,1683138768
694,180,2,1683508554
694,107,3,1685508763
694,139,3,1688527569
694,14,3,1690157023
694,5,3,1690523707
695,218,3,1601788949
695,109,4,1602438598
695,235,2,1602661998
695,198,2,1605422491
695,27,4,1607159531
695,14,4,1610297973
695,199,2,1610907959
695,141,3,1615490035
695,139,2,1615717805
695,88,4,1616111092
695,140,1,1616431037
695,221,2,1617827542
695,86,2,1619046708
695,145,3,1619425835
695,243,4,1619469195
695,130,1,1621495141
695,30,3,1624568385
695,39,3,1624695587
695,123,3,1624698786
695,236,2,1624883472
695,99,1,1625566388
695,52,4,1626790198
695,53,3,1629596603
695,46,3,1630746406
695,21,4,1630829782
695,125,3,1632927948
695,175,4,1633927258
695,118,4,1634149572
695,36,1,1634188139
695,234,3,1634812335
695,89,4,1635640860
695,223,2,1635844500
695,65,3,1636680621
695,201,2,1637484299
695,210,5,1637594410
695,72,3,1638977055
695,195,3,1639319876
695,98,4,1639469547
695,3,3,1640744601
695,150,4,1642246040
695,206,2,1645204095
695,157,3,1648074027
695,54,2,1648487063
695,162,3,1649061179
695,247,4,1649951354
695,179,4,1650000471
695,190,1,1651257599
695,5,2,1651780243
695,167,4,1653078234
695,136,4,1654022358
695,22,1,1654255646
695,2,4,1655274562
695,94,4,1656358856
695,75,3,1656961203
695,249,4,1659894896
695,128,3,1661350196
695,166,4,1665412879
695,225,3,1665666132
695,229,2,1668435675
695,9,3,1668941865
695,80,4,1669190605
695,182,3,1669699324
695,79,2,1670250274
695,192,3,1670305414
695,250,3,1670839988
695,155,2,1671118647
695,102,4,1671357331
695,64,3,1671892311
695,31,1,1671947737
695,18,3,1674153143
695,184,3,1674394665
695,188,2,1674631828
695,174,4,1674826579
695,241,2,1676279344
695,111,2,1676315884
695,104,2,1677275507
695,17,4,1677975190
695,50,2,1679450200
695,93,2,1680008924
695,28,2,1681031384
695,237,3,1682740274
695,173,2,1683328192
695,137,3,1685120657
695,232,2,1686025427
695,100,3,1687270530
695,26,4,1688430081
695,135,3,1689026466
695,15,3,1689222490
695,154,3,1689336876
695,69,3,1690000000
695,178,3,1690615169
695,163,2,1694488146
696,56,4,1600000183
696,193,3,1614693275
696,76,2,1614996044
696,5,4,1619898179
696,178,2,1624213477
696,43,3,1627782392
696,78,1,1630064841
696,68,2,1631666872
696,186,3,1635310542
696,100,2,1637031256
696,18,3,1637426884
696,175,3,1640665707
696,111,2,1650030140
696,53,4,1653302405
696,39,4,1653548220
696,214,2,1654056811
696,86,1,1658220404
696,210,5,1658685120
696,50,3,1663710370
696,27,4,1663743618
696,97,3,1671697732
696,174,3,1676672662
696,79,3,1678031912
696,131,3,1687812386
696,232,3,1689209739
696,185,4,1689374485
696,226,3,1692057250
697,80,4,1601068570
697,82,2,1601954780
697,39,4,1602174751
697,69,3,1603374447
697,13,2,1607754469
697,93,4,1608794667
697,236,4,1610795969
697,33,3,1628787712
697,5,3,1631480645
697,107,3,1631571487
697,100,2,1638792766
697,19,2,1643786087
697,24,4,1645181836
697,45,3,1650720355
697,35,4,1652489938
697,34,3,1660774396
697,136,3,1661916412
697,223,2,1663323754
697,138,4,1663786052
697,53,5,1672389693
697,27,4,1675395701
697,183,4,1676209397
697,154,3,1682843940
698,174,4,1601132511
698,27,5,1602701945
698,30,3,1603754286
698,18,2,1604230735
698,210,3,1605646235
698,182,3,1606074294
698,9,4,1607475737
698,39,2,1609153577
698,204,3,1610105598
698,184,3,1610689714
698,46,3,1611644527
698,10,4,1611946841
698,110,4,1613518446
698,140,4,1613750046
698,156,1,1613966371
698,132,3,1615244075
698,59,3,1615705282
698,57,5,1616089433
698,221,5,1616386744
698,32,4,1616903960
698,73,4,1618572022
698,235,2,1619545209
698,173,4,1620190568
698,193,2,1620295830
698,53,4,1620454265
698,139,2,1621062372
698,207,3,1621201563
698,21,3,1622247019
698,131,3,1624859631
698,81,4,1625045636
698,230,5,1625074464
698,52,4,1625181637
698,164,5,1625419614
698,19,3,1625810883
698,79,4,1626381838
698,65,2,1627691899
698,93,4,1627942167
698,247,4,1628221044
698,175,3,1628564674
698,244,4,1630222521
698,157,5,1630659539
698,201,4,1630851354
698,202,3,1631037983
698,4,2,1631486509
698,107,1,1631689551
698,214,4,1631727401
698,179,2,1631911224
698,5,4,1631926999
698,250,2,1634604959
698,143,5,1635013391
698,34,2,1636013197
698,89,4,1636140099
698,188,4,1637359503
698,154,3,1637775147
698,170,4,1638297433
698,83,2,1639470984
698,229,2,1641869546
698,236,3,1643374608
698,33,5,1644410898
698,195,3,1645596480
698,48,5,1646059031
698,225,4,1646840463
698,159,2,1648224062
698,86,1,1649537906
698,208,4,1652072568
698,241,2,1653205533
698,166,3,1653442577
698,169,5,1654192953
698,2,4,1654771192
698,51,2,1654952390
698,115,4,1656182215
698,153,3,1658824615
698,185,4,1661801433
698,123,2,1663845473
698,8,2,1664320857
698,109,2,1664565434
698,206,5,1665379881
698,56,4,1666183665
698,17,4,1668211045
698,141,4,1669106839
698,198,4,1669701877
698,61,5,1670824806
698,50,2,1670923583
698,97,2,1671164909
698,58,2,1671186854
698,24,5,1676970940
698,192,4,1677206762
698,7,4,1678924622
698,35,2,1680502226
698,100,3,1683044158
698,130,3,1683193451
698,145,3,1686061131
698,226,5,1686065822
698,85,4,1688726215
698,116,4,1690214012
698,136,5,1690701099
698,223,2,1691150128
698,37,2,1692565460
698,167,3,1692822155
698,111,4,1693032381
699,93,3,1601371110
699,188,3,1605509747
699,182,4,1610417483
699,154,4,1610999078
699,5,4,1611753908
699,37,3,1612392619
699,41,5,1615346053
699,185,5,1616789219
699,86,2,1617050050
699,242,2,1620269486
699,50,3,1620627076
699,173,3,1621920804
699,126,3,1629547815
699,136,4,1629860548
699,85,3,1632600188
699,184,3,1636713883
699,52,2,1639298068
699,145,4,1644536307
699,89,4,1644802709
699,166,3,1645607749
699,232,3,1647557935
699,179,3,1650821016
699,100,2,1651430498
699,139,3,1658013544
699,80,2,1659175981
699,170,3,1664200259
699,53,3,1669790459
699,233,4,1672586453
699,13,2,1673217674
699,68,5,1674011438
699,39,4,1675675133
699,241,1,1677916412
699,40,3,1679910473
699,27,5,1681991175
699,220,4,1687440642
699,175,4,1690688302
700,65,3,1604684395
700,125,2,1610410404
700,158,3,1614661034
700,40,3,1618643990
700,210,4,1627044469
700,36,1,1627351297
700,26,2,1635564358
700,229,3,1636067911
700,244,4,1638502797
700,188,4,1639953685
700,250,2,1641976258
700,100,2,1643256579
700,138,3,1645286144
700,85,4,1646391331
700,232,3,1649925257
700,25,5,1650960370
700,50,3,1654011743
700,27,3,1656609738
700,131,1,1657880087
700,175,3,1661606120
700,162,3,1666298137
700,86,3,1669426255
700,157,2,1674655623
700,218,3,1678598434
700,39,4,1678621450
700,21,5,1680816320
700,150,5,1681984269
700,111,3,1687850467
700,136,3,1688489140
700,8,4,1689112137
700,5,3,1689305808
700,18,5,1691631947
700,97,3,1692172637
700,13,2,1692717245
701,93,5,1606487671
701,166,3,1610919626
701,55,2,1613602804
701,125,4,1619837462
701,27,4,1620431160
701,206,2,1620435194
701,140,3,1625620003
701,82,2,1632961289
701,154,2,1633422831
701,175,4,1644086570
701,193,4,1645642213
701,173,3,1646076788
701,123,2,1647779789
701,15,3,1647786349
701,232,5,1650414796
701,39,4,1651230066
701,188,4,1653183570
701,46,3,1658732908
701,182,3,1659981717
701,109,3,1664338927
701,136,5,1668582503
701,79,3,1670417095
701,86,2,1671315678
701,89,3,1677136190
701,218,3,1682043711
701,18,4,1688968029
702,190,1,1600838538
702,180,4,1601538325
702,249,3,1603106179
702,234,2,1606353279
702,81,5,1606366200
702,182,3,1607492832
702,109,3,1608693527
702,154,3,1610173926
702,13,3,1610509591
702,235,3,1611226111
702,226,3,1611537634
702,168,4,1615346211
702,2,5,1619484878
702,79,3,1620141132
702,125,3,1620519668
702,250,3,1620607611
702,24,5,1622224356
702,188,4,1622708595
702,221,2,1622836424
702,8,2,1623324498
702,27,3,1624573525
702,145,2,1625317606
702,175,4,1628800174
702,165,3,1628954674
702,100,3,1629612958
702,94,4,1630395145
702,167,2,1630499002
702,225,3,1633824346
702,219,5,1635118619
702,155,4,1635519424
702,198,3,1636218831
702,216,2,1637175707
702,85,5,1640928148
702,169,3,1640971867
702,93,5,1642927917
702,246,2,1644312772
702,18,5,1645983934
702,130,4,1646038657
702,50,4,1646810328
702,14,3,1646953429
702,28,2,1647173993
702,230,3,1648180129
702,136,3,1648349997
702,21,2,1648355874
702,164,3,1649256178
702,236,3,1649864799
702,53,3,1655094338
702,171,4,1655509307
702,43,2,1655544907
702,206,3,1656565306
702,223,5,1656996098
702,16,1,1657258025
702,107,1,1658667591
702,174,3,1659628845
702,148,2,1659728055
702,224,4,1659788777
702,102,3,1659980307
702,89,3,1660500400
702,69,4,1663547154
702,200,2,1664156433
702,56,3,1664721237
702,150,4,1665470753
702,116,3,1665803029
702,72,4,1666993130
702,146,5,1668346013
702,54,5,1669455392
702,218,4,1670882238
702,5,3,1672435104
702,141,3,1672860910
702,121,4,1673489993
702,242,4,1674888203
702,80,5,1676066617
702,46,3,1676705079
702,123,3,1676946196
702,244,3,1677962487
702,193,4,1678322683
702,140,2,1678328217
702,185,4,1681960118
702,184,2,1682009128
702,63,2,1682098952
702,192,3,1682401813
702,127,3,1683609796
702,210,4,1684454486
702,120,4,1685606620
702,30,3,1685791749
702,39,4,1687451073
702,214,3,1688636286
702,137,3,1690869053
702,204,3,1693844841
703,98,3,1600060466
703,214,3,1601743592
703,76,2,1602355027
703,152,5,1603258708
703,93,4,1604009894
703,229,4,1604731956
703,225,3,1605805067
703,62,2,1606494352
703,248,4,1610430033
703,2,4,1611759189
703,13,5,1612757896
703,112,5,1614282518
703,139,3,1614813436
703,244,4,1615321913
703,226,4,1615842870
703,39,5,1616330567
703,178,3,1616394532
703,85,5,1618323860
703,115,1,1621237067
703,206,4,1621614270
703,86,2,1625408956
703,58,3,1625435054
703,27,3,1627565022
703,57,4,1627876702
703,205,3,1631632132
703,249,4,1633563702
703,102,3,1633749839
703,236,2,1634884692
703,140,1,1635091432
703,54,3,1635322641
703,36,3,1635975646
703,120,3,1637042397
703,198,4,1637789980
703,79,5,1640468106
703,41,3,1640735751
703,154,4,1643039553
703,52,3,1644165120
703,223,3,1646091752
703,123,3,1646635089
703,192,3,1646785119
703,61,5,1647051394
703,25,4,1649836250
703,210,4,1652161343
703,125,2,1654493697
703,48,3,1656162668
703,100,2,1657844097
703,234,3,1659462168
703,127,1,1662491825
703,5,3,1663308200
703,174,3,1664778737
703,63,4,1665000026
703,193,3,1666335474
703,175,4,1666399258
703,184,2,1667419793
703,35,4,1667605509
703,164,4,1668240761
703,188,2,1670187022
703,77,4,1672765200
703,130,2,1673659834
703,104,4,1675574348
703,32,4,1675942394
703,144,2,1677499964
703,53,2,1679338628
703,109,1,1680183705
703,18,5,1682619781
703,179,3,1684004873
703,111,2,1684917382
703,107,2,1690037358
703,136,3,1691471856
703,168,5,1692726177
703,50,3,1692765047
703,128,3,1693695083
703,199,4,1694041124
703,21,2,1694061077
704,232,4,1602542468
704,9,5,1604107137
704,3,3,1608055974
704,124,3,1611191317
704,175,4,1612215106
704,31,2,1628659545
704,143,5,1630349073
704,180,4,1635826218
704,177,2,1638239674
704,140,5,1640815486
704,154,3,1643113116
704,148,3,1644717288
704,5,4,1647209195
704,48,4,1649874889
704,136,4,1658693742
704,237,3,1660073718
704,39,5,1660802698
704,235,4,1664646945
704,249,5,1665583932
704,188,4,1665840870
704,72,5,1667696996
704,248,3,1680799937
704,206,5,1694291903
705,196,2,1601551802
705,249,3,1602429496
705,123,3,1603219413
705,79,3,1610954185
705,128,3,1616213233
705,58,1,1617764973
705,190,2,1619643889
705,229,4,1621544638
705,206,3,1625585722
705,192,3,1628642193
705,81,5,1629961827
705,141,2,1630309064
705,140,2,1633485101
705,30,3,1635918113
705,65,4,1638530391
705,122,5,1644072507
705,168,4,1644961966
705,187,3,1647138580
705,154,3,1650880362
705,188,3,1652530218
705,202,4,1656147506
705,94,4,1657078043
705,50,3,1660313424
705,19,2,1660356118
705,214,3,1661461480
705,2,5,1663162969
705,7,4,1665428196
705,15,2,1667345470
705,27,4,1667504183
705,109,2,1668438923
705,235,5,1670755019
705,210,3,1672516960
705,107,2,1682860136
705,9,5,1684742750
705,18,2,1686280511
705,39,4,1690325943
705,104,4,1691348933
705,175,3,1691616716
705,232,2,1694118976
706,235,3,1600353847
706,58,1,1600471103
706,93,2,1602567601
706,145,3,1610288802
706,89,3,1626150984
706,61,3,1627973248
706,79,3,1632477316
706,232,4,1634076720
706,54,2,1638614446
706,39,5,1638760158
706,2,4,1643884906
706,53,3,1644028790
706,188,4,1645951896
706,130,2,1648346942
706,123,4,1649184007
706,62,3,1657402547
706,109,3,1663613124
706,5,5,1665079282
706,75,2,1668922333
706,136,4,1671624915
706,85,4,1672146165
706,192,4,1673720285
706,69,2,1673773185
706,47,1,1677690946
706,65,3,1678602209
706,122,4,1679615092
706,120,4,1679766800
706,14,3,1680151821
706,148,2,1680695784
706,27,3,1684496121
706,175,3,1691907686
707,210,4,1626272449
707,121,3,1628762300
707,145,3,1638018318
707,30,4,1642223015
707,175,3,1646887784
707,27,5,1649504912
707,104,4,1649588681
707,186,4,1652202159
707,184,3,1652831836
707,39,3,1655509595
707,141,3,1662202122
707,244,3,1668649753
707,127,3,1671013531
707,52,3,1671568876
707,79,3,1671959473
707,199,3,1677154421
707,188,5,1677723905
707,120,3,1679327604
707,93,5,1687221108
707,109,3,1693390793
707,225,2,1693863966
707,31,3,1694528623
708,18,2,1606999926
708,123,3,1610930278
708,107,3,1611335646
708,102,3,1612634166
708,111,3,1614936281
708,139,2,1616876614
708,72,3,1619153048
708,50,4,1623382748
708,188,4,1624019496
708,117,1,1624140112
708,88,3,1624469359
708,109,3,1625292631
708,154,4,1626170886
708,240,3,1633117032
708,140,1,1638498629
708,192,5,1640947048
708,39,5,1645633019
708,206,4,1646354548
708,46,1,1650330917
708,193,3,1654404376
708,110,2,1659835983
708,27,3,1660489282
708,155,4,1665383955
708,246,2,1666237283
708,58,2,1666501713
708,242,3,1667744571
708,175,4,1670908863
708,238,3,1672851347
708,100,3,1676495237
708,249,3,1678852514
708,204,3,1684546655
709,39,2,1600810841
709,85,4,1608259007
709,175,4,1615738827
709,130,3,1616318271
709,142,4,1620243361
709,188,5,1621493471
709,218,4,1625020370
709,138,5,1629257593
709,232,4,1631075469
709,79,2,1635621717
709,123,4,1638878526
709,174,5,1641100082
709,21,5,1648141741
709,204,3,1649941699
709,221,3,1650081060
709,100,2,1651090859
709,50,3,1651697743
709,18,5,1652433085
709,132,4,1655022731
709,55,3,1657294971
709,193,3,1659701593
709,157,4,1660558120
709,125,4,1663520886
709,140,2,1666903304
709,168,4,1668096567
709,86,3,1670244423
709,65,3,1691275955
709,160,5,1692335329
710,52,5,1600497513
710,228,3,1600548983
710,48,3,1600675897
710,79,2,1601481166
710,68,4,1602461094
710,39,4,1602473020
710,128,3,1606734545
710,166,4,1608014485
710,214,3,1610282813
710,221,2,1610954696
710,199,3,1611621665
710,101,3,1612529503
710,109,4,1616409681
710,25,3,1617740003
710,123,4,1617996225
710,111,3,1618249053
710,85,4,1618848612
710,76,3,1619047368
710,30,3,1620528947
710,18,4,1622123250
710,103,2,1623912197
710,141,3,1624228027
710,216,3,1624998784
710,13,2,1625425192
710,94,5,1625622679
710,34,3,1626446435
710,46,3,1626562779
710,130,3,1629240537
710,229,3,1629762439
710,169,4,1630214634
710,235,3,1631444892
710,106,2,1633932370
710,154,4,1634352538
710,249,5,1635736440
710,203,1,1637338671
710,41,5,1637869639
710,93,3,1639089858
710,165,4,1640921415
710,140,4,1641410202
710,125,3,1642988742
710,36,1,1644185236
710,72,4,1648226978
710,168,4,1648249497
710,100,4,1649074195
710,33,4,1650148956
710,139,2,1650684736
710,5,3,1651153836
710,232,4,1651950520
710,155,1,1651980740
710,21,3,1654733979
710,27,3,1654902305
710,26,2,1655527985
710,163,2,1655590716
710,195,3,1658312188
710,134,3,1659373545
710,189,3,1660781944
710,210,5,1661164576
710,236,1,1661865228
710,180,2,1667576194
710,153,3,1669273897
710,206,2,1670493491
710,107,2,1671431871
710,4,4,1675144079
710,188,2,1675394156
710,136,4,1675497507
710,198,3,1676128989
710,152,2,1676416361
710,223,4,1678738069
710,116,3,1679383473
710,220,5,1681717154
710,175,3,1682623025
710,204,3,1685370013
710,225,3,1685468820
710,117,2,1686487572
710,47,2,1687011413
710,28,4,1689537044
710,209,2,1689542327
710,246,2,1689563588
710,192,4,1689567714
710,226,3,1693994584
711,120,1,1603347160
711,41,3,1604698262
711,65,3,1605424447
711,100,3,1605740181
711,21,4,1605831897
711,139,3,1606160846
711,167,2,1606191573
711,123,3,1606780212
711,249,4,1607862867
711,198,3,1613437513
711,186,3,1614833568
711,79,3,1618165842
711,233,4,1618217591
711,116,2,1618908146
711,235,3,1620804020
711,241,3,1621657209
711,111,3,1622272669
711,107,3,1622889835
711,80,4,1622925240
711,130,3,1623299386
711,89,3,1623385822
711,230,3,1623478455
711,141,2,1624596173
711,101,4,1625343638
711,27,4,1625409272
711,5,3,1625821196
711,39,4,1626282312
711,166,3,1627282859
711,219,3,1628133819
711,87,3,1630854775
711,154,3,1631160475
711,109,3,1631554115
711,47,3,1631668154
711,2,5,1632685104
711,192,4,1635206872
711,25,3,1641998007
711,127,3,1643614726
711,136,3,1643856372
711,125,4,1645620384
711,185,3,1647226357
711,124,4,1649001365
711,188,3,1651335026
711,195,4,1655981720
711,102,4,1659628616
711,175,4,1660747155
711,96,3,1661263448
711,246,2,1662656931
711,152,3,1663846394
711,20,3,1664947068
711,54,2,1667897356
711,225,3,1668109668
711,155,3,1670760123
711,30,3,1671186852
711,77,3,1672407574
711,76,2,1675054320
711,50,5,1676041574
711,210,3,1677040341
711,75,2,1680034230
711,62,4,1683323869
711,244,4,1685348524
711,173,4,1685475135
711,193,4,1685738941
711,93,5,1686117981
711,190,3,1687350742
711,151,2,1688301599
711,153,5,1691140532
711,52,3,1691191719
711,242,2,1691234899
711,97,3,1693513396
712,76,4,1606799566
712,27,4,1607654602
712,166,2,1613913024
712,184,3,1615659738
712,156,2,1616129431
712,100,3,1617743621
712,188,5,1618043330
712,41,4,1618379907
712,231,5,1620961081
712,219,1,1630214288
712,107,2,1631825220
712,187,3,1635301506
712,21,2,1638804390
712,175,3,1640123124
712,105,3,1642505647
712,6,3,1642922533
712,210,2,1644273136
712,226,3,1652615852
712,235,4,1659285829
712,225,5,1663362079
712,139,2,1665215420
712,2,4,1671661389
712,123,2,1675887387
712,111,3,1679770978
712,5,3,1681023497
712,93,4,1682952049
712,26,2,1685615116
712,192,4,1685967221
712,186,4,1686906567
712,39,5,1687168890
712,232,2,1688188721
712,40,2,1688817900
712,43,2,1691335852
712,154,2,1691979911
713,199,4,1600324387
713,56,4,1602663401
713,185,3,1610871780
713,6,3,1616904448
713,50,4,1618300831
713,168,4,1619531995
713,208,5,1623685691
713,52,3,1626174453
713,18,2,1631602856
713,232,3,1637580484
713,20,2,1638342316
713,13,3,1638446604
713,153,3,1638626944
713,39,4,1638910124
713,210,3,1640627415
713,166,2,1641939895
713,66,3,1642571398
713,184,4,1648352480
713,131,3,1650094894
713,230,4,1657150333
713,79,5,1666355797
713,93,3,1667674601
713,25,4,1672894355
713,130,3,1676257047
713,241,2,1684645500
713,175,3,1685151964
713,123,3,1690580895
713,109,5,1690621891
713,85,5,1692053724
714,223,4,1601599845
714,146,3,1604529656
714,209,3,1605052989
714,102,4,1607361044
714,123,2,1611134657
714,198,4,1611174894
714,140,2,1611844018
714,188,3,1612517069
714,58,4,1612581140
714,85,3,1616368160
714,122,2,1620366648
714,203,2,1620805043
714,182,3,1621611973
714,9,5,1621732556
714,86,1,1622250274
714,109,4,1626220703
714,39,4,1628703889
714,50,4,1631182394
714,132,3,1632625448
714,210,5,1634303335
714,175,4,1636694849
714,157,2,1644675730
714,173,2,1645261549
714,153,3,1647846897
714,174,3,1648955174
714,76,3,1652827091
714,225,2,1653365515
714,193,4,1653713807
714,52,3,1655671528
714,18,5,1657238296
714,79,3,1657240694
714,4,3,1657392396
714,111,3,1661039433
714,164,3,1662476160
714,93,5,1663178419
714,249,5,1666587832
714,77,4,1666594653
714,25,4,1668510543
714,143,4,1669379846
714,155,4,1669698783
714,230,3,1671797740
714,181,3,1674691766
714,139,3,1674739545
714,57,3,1680489593
714,247,4,1681899815
714,104,4,1682832087
714,100,2,1683427290
714,48,3,1684398201
714,137,3,1684505049
714,68,3,1684589213
714,46,3,1685006116
714,136,4,1685030917
714,81,5,1690492154
714,130,2,1691456154
714,5,3,1692239749
715,175,3,1605804630
715,109,5,1608068989
715,225,2,1610209275
715,192,4,1615294202
715,64,2,1615914523
715,244,4,1617962484
715,100,3,1627720147
715,48,3,1629385734
715,210,3,1630490030
715,118,5,1636124835
715,39,3,1639943721
715,226,3,1640543467
715,65,3,1641538670
715,249,4,1646824603
715,229,3,1647870355
715,47,2,1655340684
715,193,4,1659802617
715,199,2,1660059271
715,189,3,1662180278
715,27,5,1667962843
715,188,3,1671239584
715,190,1,1672412859
715,154,4,1675959270
715,246,4,1679447737
715,130,1,1694598279
716,236,2,1601856129
716,193,3,1607543539
716,46,2,1607706376
716,229,4,1610220748
716,52,3,1610941234
716,230,3,1610976928
716,27,5,1612433756
716,5,4,1616199333
716,145,3,1616916305
716,80,3,1621480099
716,91,3,1622196397
716,174,3,1622783565
716,206,3,1623683588
716,143,2,1626629178
716,61,4,1628785479
716,160,4,1628951435
716,247,2,1629566080
716,72,3,1630002549
716,45,2,1631545570
716,202,3,1634089520
716,19,3,1641552675
716,50,3,1644495539
716,169,4,1648464445
716,109,3,1649806438
716,116,3,1650422244
716,235,4,1653294335
716,225,3,1654918952
716,79,3,1655445734
716,139,2,1657619760
716,125,3,1659562164
716,100,2,1663983715
716,201,2,1664101063
716,93,4,1665159328
716,141,4,1666370863
716,175,3,1666932574
716,190,1,1667639205
716,123,2,1669414792
716,13,3,1669549291
716,75,2,1672300318
716,53,5,1672868076
716,188,3,1675042471
716,184,2,1676797390
716,226,4,1679183888
716,182,4,1681295016
716,152,3,1682223929
716,186,4,1682553389
716,104,3,1683012440
716,210,3,1684425769
716,94,3,1686069870
716,232,5,1686361942
716,154,2,1687209272
716,24,3,1688103094
716,39,2,1689259749
716,51,3,1689351638
716,221,3,1691963524
716,238,3,1693293553
716,244,3,1693900937
717,85,4,1600353079
717,58,3,1603766219
717,235,3,1604971939
717,199,2,1605167115
717,184,2,1605270239
717,188,5,1605852084
717,132,3,1606729480
717,71,3,1607632023
717,2,3,1608126991
717,249,4,1609956656
717,61,4,1611141979
717,250,5,1612849953
717,81,4,1613648640
717,24,4,1619563494
717,236,3,1622933187
717,79,2,1623836144
717,47,2,1629191935
717,100,3,1635677555
717,140,1,1637261789
717,248,3,1642734200
717,21,2,1645768054
717,127,3,1652846682
717,50,3,1653850317
717,204,3,1654501417
717,53,5,1655396347
717,52,3,1656029235
717,206,4,1657785972
717,115,3,1659355116
717,210,4,1660714099
717,223,3,1662980545
717,148,3,1666957811
717,48,2,1670946612
717,222,3,1672626954
717,175,3,1673905725
717,162,4,1675356323
717,225,4,1678191987
717,30,2,1680965203
717,46,2,1684066819
717,39,4,1690172001
717,180,3,1690331905
718,54,3,1609760848
718,154,3,1613112171
718,2,4,1616825408
718,85,2,1617739868
718,39,4,1619770858
718,65,3,1621853965
718,78,2,1633189100
718,27,5,1635180488
718,174,3,1642895486
718,175,3,1650911686
718,22,2,1659280521
718,249,4,1665023560
718,199,2,1666037075
718,28,4,1666497238
718,190,1,1668040587
718,56,3,1689013771
719,168,4,1603952317
719,164,3,1609769393
719,210,3,1614402551
719,217,2,1615090604
719,68,3,1618513380
719,135,3,1623885638
719,175,3,1626342443
719,28,2,1637393581
719,123,2,1640158367
719,79,3,1649178307
719,76,3,1649453232
719,188,4,1652792601
719,139,2,1659056914
719,125,4,1660884439
719,109,3,1661909031
719,192,5,1662369164
719,39,4,1671268107
719,85,5,1673136569
719,61,3,1679818055
719,250,5,1686686641
719,118,4,1689627499
719,100,4,1691587581
719,229,2,1692104179
720,180,3,1600851426
720,206,4,1603437812
720,132,3,1606224281
720,179,4,1607083168
720,30,3,1607140325
720,48,2,1607812938
720,150,4,1609551510
720,15,3,1612951313
720,234,4,1613080728
720,16,1,1614659467
720,21,2,1617906566
720,142,3,1618348050
720,154,3,1620537469
720,59,3,1621234576
720,160,4,1621652419
720,221,3,1621970392
720,100,3,1623521946
720,42,2,1624166211
720,202,4,1625016590
720,246,2,1625364755
720,134,5,1625368837
720,27,5,1628635291
720,130,3,1629746883
720,235,3,1630405241
720,193,4,1630405473
720,8,1,1631513313
720,152,2,1631750381
720,207,5,1631821611
720,101,3,1631826227
720,155,2,1631872463
720,72,3,1631875476
720,58,3,1631989337
720,250,3,1632193132
720,36,2,1632612297
720,28,2,1635192567
720,201,3,1635804895
720,92,3,1642536904
720,182,2,1642663005
720,241,2,1643304938
720,110,3,1644372613
720,64,3,1646144829
720,153,2,1646194504
720,35,2,1646997167
720,198,3,1650356524
720,123,4,1651500558
720,56,2,1652403468
720,116,3,1652592815
720,44,3,1653896023
720,26,4,1656023975
720,89,4,1658361821
720,131,3,1658557626
720,228,2,1659726921
720,232,4,1659887368
720,125,4,1660706626
720,85,4,1660900717
720,54,4,1661014930
720,39,4,1661052405
720,247,3,1661684868
720,157,2,1663702642
720,145,4,1665760988
720,13,3,1667542874
720,168,4,1668054187
720,237,5,1671069872
720,43,2,1672435507
720,219,1,1672599332
720,2,5,1674011331
720,79,3,1674285456
720,61,5,1674942135
720,5,3,1675058958
720,174,3,1675597191
720,188,3,1676980742
720,40,3,1677057223
720,226,4,1677102974
720,167,4,1677163307
720,94,5,1677188492
720,47,2,1678422257
720,173,3,1679408060
720,50,4,1679922266
720,208,3,1680157383
720,225,4,1681147619
720,52,4,1682466818
720,210,3,1682811075
720,231,4,1683577748
720,18,2,1684740517
720,175,3,1685252649
720,124,2,1686211975
720,244,2,1687033075
720,177,3,1687452285
720,156,2,1688017239
720,117,2,1690516454
720,86,1,1691887770
720,139,2,1692807092
720,192,5,1693710414
720,111,2,1693765879
720,136,3,1693824100
721,177,4,1605429596
721,188,4,1610276104
721,86,2,1611178176
721,93,3,1612478927
721,245,2,1617534016
721,244,5,1618117137
721,39,5,1619020122
721,226,3,1620195031
721,145,3,1623050132
721,194,2,1625556339
721,130,3,1628557700
721,19,3,1630038164
721,154,4,1630971435
721,179,5,1637664342
721,182,4,1644015446
721,111,3,1648012093
721,211,4,1648843688
721,56,3,1649051447
721,214,2,1650121831
721,243,4,1650787592
721,69,5,1652980209
721,100,3,1653161783
721,206,4,1655350205
721,192,4,1658918094
721,184,2,1660317009
721,140,2,1664118696
721,77,4,1665557376
721,176,3,1669155325
721,133,5,1671509935
721,148,3,1672350513
721,5,5,1676117109
721,27,3,1676230614
721,79,4,1682178609
721,125,3,1688687213
721,175,5,1691240967
722,193,3,1604030708
722,225,3,1604371884
722,19,3,1605134055
722,120,3,1606324338
722,35,2,1606668395
722,141,4,1606697556
722,18,3,1607006093
722,93,3,1607373732
722,140,2,1610289308
722,237,4,1610493282
722,130,2,1610644625
722,101,1,1610761858
722,107,2,1611716926
722,45,4,1614363718
722,168,3,1614724312
722,69,5,1616400114
722,188,4,1621344722
722,47,1,1622915204
722,9,4,1623286880
722,49,4,1624804418
722,57,3,1625165866
722,177,2,1625753315
722,139,3,1626502090
722,46,3,1626891548
722,68,4,1627816068
722,150,3,1630152946
722,21,4,1632425744
722,164,3,1635194125
722,98,3,1635702486
722,215,3,1635829396
722,27,4,1636134872
722,129,2,1636863787
722,117,2,1637083887
722,192,4,1637575260
722,204,2,1638203352
722,76,3,1638601626
722,135,2,1640334936
722,72,4,1641843433
722,195,3,1641967075
722,210,3,1642670042
722,5,3,1644670631
722,162,2,1645432856
722,158,1,1645582075
722,152,2,1646933050
722,175,3,1647745987
722,205,2,1648552525
722,235,4,1653299074
722,186,4,1653504851
722,169,4,1653583036
722,80,3,1654324379
722,161,4,1654635539
722,4,2,1655351204
722,156,3,1655394038
722,244,2,1656136588
722,50,2,1657390268
722,181,3,1658586001
722,15,3,1658944341
722,184,3,1659106095
722,247,2,1659870858
722,172,2,1660231632
722,243,2,1660864914
722,136,4,1661861942
722,157,2,1662281127
722,123,3,1663328138
722,54,3,1665540225
722,174,4,1665847562
722,146,3,1665907626
722,145,4,1666155803
722,2,4,1666990685
722,75,3,1668930908
722,61,4,1671563765
722,64,3,1672286876
722,137,4,1672289148
722,115,1,1673126001
722,114,2,1673557950
722,153,3,1674882239
722,249,4,1675239986
722,79,3,1675753468
722,53,5,1675783383
722,223,3,1676955952
722,201,3,1676989723
722,233,4,1677663258
722,196,3,1678963087
722,39,3,1681233283
722,100,3,1681457803
722,182,4,1682403106
722,85,4,1682849605
722,16,1,1685785453
722,128,4,1686972485
722,109,3,1689556812
722,198,5,1689622020
722,224,5,1690304473
722,24,3,1690554985
722,229,3,1691292870
722,232,3,1691893924
722,138,5,1692007199
722,154,2,1692352199
722,206,2,1693084478
722,155,3,1693320721
722,170,3,1694468225
723,182,4,1603352292
723,54,3,1603517150
723,210,3,1612165291
723,5,3,1612331707
723,154,4,1617833563
723,198,3,1625725995
723,136,3,1626780603
723,39,5,1634191919
723,94,5,1638369952
723,208,3,1642402796
723,103,3,1645589825
723,80,3,1646348716
723,79,4,1649621430
723,109,4,1663047777
723,191,1,1663260287
723,74,3,1664917805
723,235,2,1670322811
723,123,4,1672147356
723,214,2,1674177776
723,127,3,1674739172
723,175,5,1684884355
723,202,4,1686050474
723,132,3,1687645704
723,33,3,1689849092
723,193,2,1691372840
723,76,3,1693747395
724,106,2,1602331666
724,50,2,1605417911
724,249,5,1605763160
724,39,4,1608251722
724,52,3,1609572596
724,13,4,1611402394
724,188,4,1613164332
724,244,2,1615311581
724,128,3,1616608495
724,205,5,1617500518
724,53,5,1617725205
724,21,4,1620894885
724,224,5,1621865035
724,175,3,1622500478
724,104,3,1624864243
724,243,5,1627589995
724,27,5,1628590747
724,69,5,1630344240
724,45,4,1630814192
724,61,5,1633344380
724,200,2,1635111971
724,79,3,1642537744
724,214,3,1642987142
724,145,3,1644075361
724,126,3,1644339637
724,111,4,1645581575
724,59,4,1649872184
724,168,3,1650179801
724,8,2,1651238331
724,130,2,1651273086
724,109,3,1654308943
724,93,5,1655583099
724,63,3,1658775503
724,56,4,1661282199
724,100,2,1661671234
724,36,2,1669395448
724,235,2,1671640657
724,191,3,1671962595
724,212,2,1672875272
724,115,2,1675415986
724,123,3,1678147805
724,47,3,1679240529
724,193,5,1685273870
724,210,5,1687103303
724,182,5,1691417841
724,28,4,1694210335
725,249,4,1600489812
725,6,2,1600504308
725,219,1,1601583903
725,80,3,1602113615
725,121,4,1604297131
725,223,3,1604607593
725,192,3,1605124611
725,115,2,1605243648
725,232,2,1606342456
725,127,5,1607002909
725,152,3,1607080766
725,159,2,1607709379
725,241,1,1608301597
725,42,3,1608436108
725,89,4,1608579402
725,209,3,1610150895
725,25,4,1610202497
725,53,3,1610718882
725,48,5,1611149290
725,46,2,1611443677
725,36,1,1611827401
725,185,5,1612249396
725,65,3,1612361210
725,160,3,1612533988
725,93,3,1613009707
725,30,5,1613328723
725,75,4,1613775033
725,225,2,1614210444
725,19,2,1614320107
725,4,2,1615982677
725,183,4,1616124567
725,13,2,1616131957
725,100,2,1616949225
725,140,3,1617421310
725,165,5,1617514042
725,54,3,1618735965
725,224,3,1619713459
725,250,3,1620187777
725,190,2,1620224326
725,50,3,1620325003
725,137,3,1622161065
725,132,5,1623048994
725,167,4,1625450608
725,68,3,1626131006
725,2,4,1626409780
725,23,4,1626803802
725,246,2,1627800003
725,206,4,1628133171
725,28,2,1628564511
725,244,3,1631066565
725,157,2,1631985140
725,193,2,1632592768
725,134,4,1633400646
725,210,2,1633423681
725,101,2,1634649936
725,109,3,1635260308
725,5,2,1635451340
725,14,3,1636866388
725,52,3,1637298258
725,56,3,1638232859
725,203,3,1640321174
725,26,3,1640555696
725,64,4,1640626634
725,27,5,1643299688
725,184,4,1643306433
725,15,2,1643502840
725,130,2,1643666044
725,154,3,1644757601
725,138,4,1644829422
725,176,2,1644867626
725,81,3,1647084267
725,202,3,1648707903
725,76,3,1650082085
725,125,4,1650229657
725,70,3,1650794092
725,191,3,1651912591
725,122,3,1652178621
725,148,3,1653004250
725,217,1,1654238276
725,216,3,1654470891
725,247,3,1654550127
725,181,3,1654720316
725,97,3,1654912491
725,33,2,1655019799
725,169,1,1656471697
725,153,2,1656990516
725,104,4,1660334822
725,182,5,1661245061
725,113,3,1663538115
725,99,3,1663781605
725,58,2,1663878950
725,195,3,1664315394
725,139,3,1664863602
725,144,3,1665338572
725,61,5,1666305955
725,155,4,1666861699
725,234,3,1667728986
725,16,3,1669720955
725,79,4,1669730073
725,69,3,1670548358
725,141,3,1670943015
725,231,4,1671334965
725,145,3,1671909044
725,199,3,1672458619
725,166,3,1673188880
725,85,4,1673885572
725,136,5,1674723417
725,41,4,1677143347
725,39,4,1679079203
725,235,3,1679230163
725,86,1,1679614661
725,123,3,1680061075
725,106,2,1680465048
725,128,3,1680910976
725,77,4,1681474370
725,117,2,1681718757
725,164,1,1682386180
725,119,3,1682855586
725,218,3,1686131302
725,21,2,1686876297
725,149,4,1687242417
725,175,3,1687415091
725,243,2,1689090328
725,188,4,1690609312
725,174,2,1691537338
725,111,2,1691947168
725,201,3,1692736831
725,236,3,1692869325
725,18,2,1693391693
725,102,3,1693743469
726,39,4,1603947120
726,13,2,1608166629
726,206,3,1609986845
726,188,3,1631588291
726,244,3,1634527798
726,43,5,1635015146
726,221,2,1641350260
726,125,2,1643414013
726,127,5,1644356971
726,234,3,1655501153
726,28,4,1659309174
726,27,4,1678218435
726,138,4,1678508845
726,79,5,1678625544
726,48,2,1679623027
726,18,3,1682574481
726,141,3,1689566965
727,79,4,1631358767
727,145,4,1643578225
727,46,4,1654278279
727,72,5,1667234042
727,15,3,1676182174
728,17,3,1600076250
728,225,4,1602097740
728,80,3,1606206700
728,120,3,1607660301
728,83,4,1609744636
728,140,2,1609890679
728,139,2,1612159689
728,104,4,1612400450
728,36,2,1613781486
728,194,3,1614332014
728,213,4,1614811649
728,72,1,1616912419
728,206,4,1617685935
728,199,2,1617770027
728,188,5,1619890854
728,125,3,1622488734
728,132,5,1624265171
728,97,2,1624688503
728,210,2,1625106935
728,141,3,1625578915
728,200,3,1625969773
728,31,2,1626755376
728,3,4,1627748011
728,37,2,1628164748
728,113,1,1628447752
728,133,3,1630528517
728,207,3,1631013163
728,75,4,1631068980
728,76,5,1631245673
728,51,4,1632122368
728,203,3,1632773304
728,39,4,1633706233
728,18,4,1633790687
728,123,2,1635515912
728,32,3,1636729034
728,168,4,1637078248
728,175,4,1639138690
728,193,3,1640250579
728,2,3,1640315436
728,86,1,1640346162
728,28,4,1642014879
728,180,4,1644152177
728,234,2,1645013055
728,130,4,1648190851
728,157,1,1652708206
728,93,4,1655330181
728,236,4,1655784341
728,154,3,1657680234
728,226,4,1658361767
728,166,4,1658510863
728,195,3,1660069070
728,174,5,1661577071
728,46,1,1665403567
728,124,4,1666976070
728,6,2,1667570569
728,94,5,1669707050
728,52,3,1670670618
728,50,2,1673186027
728,64,2,1673273179
728,250,4,1673715285
728,196,3,1674002272
728,27,5,1674248054
728,249,3,1674580043
728,184,5,1675097181
728,85,3,1675171649
728,100,3,1675216269
728,243,5,1676732478
728,13,3,1677395445
728,81,4,1678198077
728,68,4,1682721917
728,5,3,1684789872
728,192,5,1685923519
728,198,4,1686612715
728,45,3,1687614975
728,155,3,1692524895
728,79,5,1692794864
728,218,4,1693582637
729,156,2,1609805154
729,163,3,1610219946
729,168,3,1612405836
729,102,4,1615461564
729,193,3,1617717884
729,198,3,1634844028
729,109,4,1637003249
729,105,2,1642673150
729,100,3,1642825670
729,171,2,1644659267
729,210,3,1645474676
729,39,4,1647463011
729,157,3,1667313091
729,205,1,1667789509
729,203,1,1670520881
729,27,4,1672893324
729,182,4,1676274436
729,154,2,1680860251
729,24,4,1681665548
729,249,3,1685227304
729,188,5,1691833136
730,59,3,1601756172
730,149,1,1603675866
730,193,3,1605386862
730,175,3,1605595173
730,80,3,1606761498
730,188,3,1608058368
730,28,4,1611671126
730,218,2,1614022691
730,86,2,1614102859
730,171,3,1620299022
730,19,2,1625108814
730,50,4,1630631052
730,58,2,1631414082
730,224,3,1632068646
730,229,5,1632323996
730,210,3,1634256576
730,130,3,1635108533
730,223,2,1635665161
730,159,3,1640534386
730,104,2,1643833029
730,153,4,1645240064
730,154,2,1646336870
730,192,2,1646825817
730,39,3,1651613524
730,24,4,1654805543
730,236,2,1658685769
730,18,3,1660975955
730,198,5,1661876164
730,174,3,1663321712
730,48,2,1663792776
730,200,3,1670594104
730,79,4,1670604487
730,9,4,1677245520
730,53,5,1680726589
730,32,3,1682187514
730,56,4,1686947896
730,75,2,1687449502
730,140,2,1693975274
731,68,3,1612903298
731,125,4,1616367228
731,27,5,1620414299
731,52,5,1628534633
731,79,1,1629278659
731,48,3,1630824380
731,185,5,1637344089
731,184,2,1638574755
731,107,2,1640603746
731,100,3,1643518977
731,232,2,1654550341
731,164,2,1656033463
731,225,4,1656899345
731,198,4,1657779778
731,141,3,1659509387
731,210,4,1660968355
731,2,3,1664153360
731,124,4,1672505815
731,25,4,1673915666
731,188,3,1679700573
731,136,5,1680514597
731,175,3,1682127133
731,192,3,1686067756
731,32,2,1686454704
731,145,3,1690739065
731,86,2,1691866030
731,39,3,1693932259
732,125,2,1600148778
732,18,3,1602028969
732,226,5,1604507682
732,21,2,1610356068
732,103,2,1611007281
732,204,2,1611994890
732,101,2,1616849596
732,250,2,1617595330
732,104,4,1619281959
732,246,3,1621264699
732,214,2,1628364379
732,123,3,1628911110
732,61,3,1631867819
732,65,2,1638218603
732,50,2,1639515947
732,188,4,1639717844
732,249,3,1642903251
732,206,3,1643660044
732,26,2,1644530768
732,87,3,1644816799
732,79,4,1644937417
732,93,2,1644951984
732,223,2,1645732121
732,39,5,1649310315
732,109,4,1649707165
732,94,4,1652488682
732,192,3,1653967724
732,36,1,1655324704
732,221,4,1657388879
732,89,4,1658743580
732,175,2,1659008902
732,97,3,1659607559
732,68,4,1660910305
732,52,4,1663708136
732,136,3,1665535707
732,180,3,1676277393
732,111,4,1676358364
732,157,1,1678580451
732,229,4,1679303036
732,151,3,1683212677
732,130,2,1687029471
732,228,3,1687310560
732,27,5,1689723745
733,179,4,1601096399
733,168,3,1601423080
733,32,3,1622327919
733,18,4,1623092795
733,175,3,1628976026
733,247,3,1631047818
733,25,4,1638947837
733,5,3,1641809037
733,140,3,1646599288
733,230,5,1647865676
733,139,2,1649180682
733,209,2,1651314149
733,181,4,1656552472
733,39,5,1661075645
733,225,4,1661492495
733,65,4,1664038735
733,192,3,1668065077
733,100,2,1671371386
733,193,2,1677192922
733,194,3,1677484360
733,249,3,1683343767
733,122,2,1685401782
734,80,3,1600619479
734,48,2,1601113469
734,10,4,1603963625
734,226,3,1606804724
734,55,3,1608285307
734,39,4,1612317842
734,30,3,1613073944
734,107,3,1626731899
734,157,3,1628491176
734,104,3,1628867943
734,175,4,1629515268
734,109,4,1631364493
734,53,4,1632410488
734,27,5,1633074497
734,174,3,1635354647
734,198,2,1640369908
734,232,4,1648696774
734,148,1,1648752478
734,199,4,1650850331
734,214,3,1654286425
734,54,3,1655737900
734,193,3,1656359534
734,244,4,1656370452
734,197,1,1659309172
734,131,3,1661237531
734,192,5,1665389274
734,111,2,1667522608
734,209,3,1669027732
734,87,4,1670854753
734,237,3,1673508900
734,21,3,1678978486
734,61,4,1679583789
734,50,2,1687641823
734,246,3,1691835541
734,154,5,1693074472
734,201,2,1694090110
735,16,2,1601072124
735,195,4,1601863628
735,79,3,1604949325
735,177,3,1606284170
735,100,1,1609748847
735,89,3,1609871757
735,168,5,1613584830
735,221,5,1621910142
735,192,2,1622988158
735,225,4,1623925166
735,50,3,1628357348
735,52,5,1628865548
735,85,5,1630059540
735,250,4,1632312374
735,137,5,1632964712
735,121,3,1636934349
735,231,4,1638904653
735,175,5,1643556816
735,210,4,1645052117
735,188,5,1648742908
735,111,4,1649220547
735,154,4,1651354119
735,194,2,1652058226
735,244,4,1652375439
735,178,3,1653336763
735,102,4,1659485261
735,167,3,1662456118
735,69,4,1662962240
735,61,5,1664424897
735,141,3,1666427537
735,140,2,1666601187
735,6,2,1668217553
735,27,3,1668782651
735,166,4,1671125579
735,53,3,1671613056
735,152,4,1672407674
735,120,2,1672836886
735,55,3,1673832389
735,44,3,1676576108
735,41,3,1678068508
735,47,3,1678282022
735,88,3,1679387899
735,229,4,1681869487
735,109,3,1682614502
735,130,2,1684938721
735,93,4,1686336146
735,86,2,1686917676
735,157,3,1687009374
735,127,1,1688571757
735,82,3,1689155823
735,18,4,1689830502
735,39,4,1692573129
735,25,3,1694512966
736,196,4,1603712809
736,79,5,1612630842
736,52,3,1616651402
736,174,4,1617957192
736,179,3,1619467828
736,56,2,1634372464
736,144,4,1637302293
736,225,3,1638019170
736,43,4,1638845337
736,203,2,1639622566
736,100,2,1647391036
736,182,5,1651569602
736,226,4,1654361188
736,175,5,1659992216
736,25,2,1671138930
736,188,4,1673299897
736,136,3,1685054893
736,199,5,1689260175
736,123,2,1692576992
736,107,3,1692626620
736,13,4,1693767190
737,175,4,1602170525
737,89,4,1605473263
737,17,4,1612738919
737,36,3,1615561935
737,130,2,1620625298
737,139,3,1621471148
737,80,3,1626752199
737,168,3,1629370476
737,149,3,1631985170
737,109,2,1634657746
737,210,4,1638441459
737,167,1,1639622870
737,100,2,1640892460
737,241,2,1642596472
737,71,4,1643666311
737,157,3,1643994197
737,249,5,1645217694
737,46,3,1647160318
737,13,3,1647401571
737,187,3,1648382684
737,138,5,1658770278
737,188,5,1669909170
737,18,5,1673168205
737,50,2,1676660362
737,16,1,1678185428
737,232,3,1682351587
737,39,3,1688853198
737,85,5,1688951970
738,54,2,1600264299
738,231,4,1610836843
738,79,4,1611016731
738,93,3,1611385749
738,200,5,1612844008
738,76,2,1613589174
738,210,4,1614433495
738,192,4,1614490825
738,226,3,1616810881
738,123,3,1618894945
738,188,4,1629666071
738,14,4,1629732170
738,154,2,1630136410
738,56,3,1631077543
738,18,3,1631755576
738,100,2,1644230097
738,137,3,1647090108
738,199,2,1656051958
738,104,3,1662316824
738,186,4,1665230329
738,20,3,1665475636
738,109,2,1666218612
738,110,4,1669720402
738,175,3,1670081635
738,198,4,1670567015
738,178,2,1671598797
738,185,3,1671716830
738,34,4,1679660079
738,92,2,1680507291
738,190,1,1685527088
738,229,2,1694387589
739,30,3,1600866938
739,154,5,1603857013
739,200,3,1610664477
739,21,2,1610765450
739,39,4,1617869448
739,109,5,1622547825
739,130,3,1625843213
739,27,4,1630935467
739,225,3,1631794672
739,168,4,1633972887
739,36,2,1641668195
739,97,3,1654510299
739,111,3,1658452796
739,41,3,1664205934
739,188,5,1667898776
739,56,5,1678550865
739,28,3,1679530738
739,199,4,1687698614
740,110,3,1609325341
740,210,3,1610815085
740,132,4,1611454902
740,165,3,1612155164
740,175,4,1627668345
740,52,3,1630962292
740,115,3,1633961323
740,35,4,1635727947
740,131,2,1637085630
740,93,5,1640496558
740,39,4,1646272173
740,76,2,1646361951
740,69,5,1649528346
740,27,4,1650422195
740,232,3,1651406620
740,18,5,1655834142
740,244,2,1658265760
740,72,1,1662825514
740,158,2,1664677121
740,184,4,1671920613
740,154,3,1674280653
740,155,3,1674520179
740,174,3,1676761247
740,54,5,1676927586
740,206,2,1677823753
740,157,3,1681952718
741,65,2,1602570790
741,237,3,1606451625
741,101,2,1612104628
741,80,4,1613017563
741,247,2,1613753947
741,134,5,1615518704
741,89,3,1621806355
741,93,4,1623596032
741,110,4,1624757878
741,5,4,1627884687
741,51,2,1628533801
741,184,3,1637025293
741,105,3,1639033195
741,242,4,1642472819
741,34,4,1649998973
741,100,3,1654807214
741,53,3,1655782973
741,138,5,1660626393
741,152,3,1662262709
741,61,4,1662889899
741,47,2,1663813607
741,39,5,1663841717
741,155,4,1667384682
741,192,3,1669889020
741,86,1,1669939353
741,199,3,1670911926
741,139,3,1672321783
741,168,3,1675905342
741,50,4,1676121122
741,221,4,1678542450
741,127,5,1680930214
741,79,2,1685783203
741,225,3,1685865278
741,232,3,1687203756
741,235,3,1688562049
741,17,3,1689534665
741,68,3,1691393699
741,238,3,1693946459
742,130,3,1600990603
742,193,3,1601410966
742,155,3,1605306045
742,93,3,1612946182
742,226,4,1613447581
742,195,5,1614518637
742,175,4,1618419201
742,109,3,1620386339
742,33,4,1620695259
742,222,3,1630456515
742,115,2,1632604276
742,206,5,1633165502
742,198,4,1633885600
742,69,4,1636869171
742,100,5,1639783724
742,15,4,1643286068
742,138,4,1643926558
742,131,3,1651088907
742,235,4,1661634092
742,168,4,1675278848
742,160,5,1685363257
742,2,4,1686358034
742,46,5,1689043110
742,180,2,1694109928
743,225,2,1600095491
743,184,3,1600774741
743,174,3,1603795863
743,30,4,1607408188
743,104,3,1607907716
743,86,1,1609921532
743,39,3,1610529977
743,153,3,1613539671
743,79,4,1618154885
743,200,4,1621437593
743,21,5,1626341885
743,109,4,1628962370
743,139,3,1629651750
743,56,4,1634931897
743,175,4,1637364893
743,198,3,1642946228
743,12,1,1643231241
743,11,3,1643554687
743,157,2,1655220715
743,50,3,1660738764
743,62,3,1672081874
743,249,3,1672706183
743,26,2,1677573860
743,106,3,1678493938
743,244,2,1680249916
743,188,3,1682996657
743,47,1,1690094765
744,225,5,1602963899
744,85,5,1604961596
744,206,5,1605301488
744,188,4,1607495832
744,53,4,1607814281
744,130,4,1608790519
744,61,4,1611118959
744,39,3,1612225991
744,102,3,1612337053
744,100,3,1613562739
744,132,4,1616018663
744,27,5,1617886847
744,18,4,1619425673
744,103,3,1621776357
744,62,3,1623353436
744,180,3,1623801432
744,41,3,1625055880
744,250,4,1627472796
744,168,4,1630232744
744,82,3,1630654796
744,154,3,1632596730
744,190,2,1636106707
744,140,2,1642895238
744,97,4,1644475006
744,109,2,1646344396
744,94,5,1648248227
744,237,4,1648293563
744,131,2,1652809910
744,136,4,1653683617
744,214,4,1659465726
744,231,5,1660667550
744,48,3,1663759891
744,175,4,1664566266
744,210,3,1665297630
744,5,4,1670409633
744,124,3,1673507784
744,229,2,1675270700
744,125,2,1676443072
744,221,3,1678774911
744,34,3,1679959289
744,192,5,1687849552
744,155,2,1689425588
744,141,3,1690265177
744,201,3,1692134179
745,53,4,1609906438
745,45,3,1613721140
745,241,2,1616594761
745,48,2,1618578144
745,235,3,1621433761
745,5,5,1622596004
745,223,3,1623119930
745,61,4,1629855769
745,146,3,1632763552
745,27,4,1640330839
745,13,3,1641313711
745,39,3,1643880213
745,79,3,1644940965
745,250,2,1659170200
745,206,2,1659813389
745,100,3,1660048762
745,18,5,1660898276
745,136,3,1661338338
745,154,3,1663076959
745,145,3,1664003959
745,139,3,1669447094
745,127,3,1670674517
745,221,4,1674081455
745,173,1,1679889496
745,40,4,1680195339
745,188,3,1681820902
745,94,4,1690291077
746,100,2,1600762089
746,160,3,1601431898
746,229,3,1605327026
746,5,3,1611542694
746,204,3,1614822589
746,48,3,1616853779
746,93,4,1617986060
746,88,5,1618183398
746,107,3,1618621576
746,200,3,1618882617
746,30,3,1619071418
746,166,5,1621049728
746,188,4,1624971142
746,226,3,1625183376
746,68,3,1628598914
746,10,3,1631109630
746,137,4,1632009457
746,138,3,1632985122
746,197,4,1633545516
746,2,3,1634456894
746,50,3,1635284893
746,28,3,1635340084
746,195,5,1635558203
746,244,3,1636486092
746,27,3,1637274066
746,173,3,1637626496
746,154,5,1638160907
746,46,3,1641413294
746,238,1,1642214452
746,184,2,1642634233
746,225,2,1647535183
746,6,2,1649621596
746,198,3,1649854169
746,208,4,1650277186
746,127,4,1655498690
746,79,4,1658519690
746,175,5,1660390762
746,249,3,1660753333
746,150,5,1661476923
746,221,5,1661878968
746,136,4,1663521001
746,87,3,1665386653
746,214,1,1667646065
746,205,5,1673402657
746,52,5,1675865525
746,39,4,1677524174
746,185,4,1677786043
746,243,3,1681276399
746,246,3,1681671775
746,210,3,1683388731
746,76,1,1683510511
746,219,2,1686367691
746,141,3,1693859290
746,72,3,1694436814
747,184,2,1601584786
747,27,3,1606307979
747,61,4,1606361330
747,64,4,1608245058
747,59,3,1610290008
747,50,3,1611678189
747,77,4,1612270953
747,198,4,1612992687
747,112,2,1613758290
747,62,2,1614131616
747,80,3,1615260065
747,132,5,1615284778
747,152,3,1615742736
747,175,3,1615863907
747,135,4,1618194305
747,41,5,1618292143
747,137,3,1619305138
747,70,2,1620236969
747,127,3,1620444982
747,150,3,1621904094
747,246,2,1622362422
747,206,3,1623189674
747,79,2,1623317908
747,178,1,1624151834
747,234,3,1625172723
747,148,1,1626814905
747,153,2,1627727434
747,5,4,1628740158
747,111,2,1629381366
747,247,3,1629567440
747,107,4,1630474511
747,154,3,1633884671
747,166,3,1634188262
747,225,2,1634699487
747,73,5,1635216106
747,195,4,1635446050
747,63,2,1636729400
747,35,4,1636824833
747,25,4,1638695402
747,177,4,1639198289
747,145,3,1639249489
747,128,4,1641776271
747,201,3,1641894661
747,86,2,1642812427
747,110,5,1643392886
747,52,2,1644173215
747,36,2,1645317972
747,2,3,1646378059
747,235,4,1647945521
747,139,3,1649754497
747,6,3,1649903124
747,232,5,1649940478
747,14,2,1650043238
747,249,4,1650151223
747,81,2,1650152987
747,226,3,1652880885
747,131,5,1653934364
747,93,4,1654721178
747,221,4,1655448108
747,140,2,1655763173
747,126,3,1656738209
747,173,3,1659322847
747,213,3,1659424018
747,10,3,1660380624
747,123,3,1661686605
747,38,2,1661963462
747,54,4,1662382119
747,202,4,1663679442
747,188,4,1663931784
747,28,3,1666950718
747,167,3,1669198461
747,3,3,1670244799
747,186,3,1670928049
747,43,3,1671379648
747,13,3,1671805437
747,76,1,1674702929
747,130,3,1675660310
747,183,2,1675672659
747,151,2,1676173511
747,18,2,1678391433
747,85,3,1680622750
747,192,2,1681058199
747,223,1,1683111666
747,46,2,1683563391
747,100,2,1685610999
747,125,2,1686537949
747,94,4,1687063139
747,53,4,1687675228
747,210,3,1691168446
747,39,4,1691187293
747,236,2,1693073294
748,242,3,1600896491
748,93,4,1601360528
748,169,4,1607902507
748,50,2,1609713673
748,215,2,1611781401
748,195,5,1613872185
748,39,4,1616132371
748,168,5,1618577023
748,206,4,1619917896
748,175,4,1623172230
748,238,4,1628900822
748,78,3,1634924487
748,24,4,1636034185
748,115,3,1636276645
748,236,3,1638665228
748,176,4,1639088915
748,214,2,1640218069
748,85,5,1644043334
748,59,4,1654891422
748,148,3,1656607013
748,124,2,1668318801
748,155,2,1687644272
748,21,2,1689738404
748,100,4,1692301281
749,206,2,1602280212
749,247,3,1602514038
749,107,3,1607513233
749,214,3,1607991720
749,221,3,1609884073
749,109,4,1610515979
749,130,1,1610681701
749,5,4,1611079901
749,13,3,1612742179
749,26,3,1614183164
749,182,5,1614671267
749,184,2,1616877045
749,132,5,1622633564
749,52,4,1623335267
749,196,3,1625002586
749,204,4,1627406939
749,82,3,1629802267
749,14,4,1631707738
749,136,4,1637324100
749,140,4,1641539688
749,39,3,1644473980
749,233,5,1644648027
749,46,3,1648639070
749,210,5,1649745629
749,175,3,1651151852
749,188,5,1652352956
749,93,5,1652886348
749,49,3,1654314899
749,223,2,1655677269
749,68,3,1656083598
749,4,3,1657372542
749,41,5,1658666918
749,135,4,1660935821
749,27,4,1663226529
749,228,2,1664584712
749,215,5,1666211215
749,154,4,1671416848
749,190,3,1672695534
749,57,4,1673396361
749,123,4,1678192494
749,225,3,1682249260
749,15,4,1682715680
749,234,4,1682925563
749,192,4,1684949720
749,81,4,1685328316
749,36,3,1685533375
749,236,3,1685559659
749,160,3,1688414763
749,241,2,1689492437
749,127,2,1691761716
749,45,4,1692361310
750,65,4,1602181319
750,13,4,1602462694
750,154,3,1605982975
750,15,2,1621023568
750,39,5,1628463058
750,102,2,1628528855
750,132,2,1631585610
750,111,5,1632716347
750,18,3,1638016428
750,8,2,1639667291
750,213,4,1639943667
750,152,2,1640127152
750,175,3,1641155398
750,189,3,1642058780
750,244,3,1642767732
750,123,3,1645014376
750,68,3,1648449238
750,178,2,1648779432
750,173,4,1654736501
750,104,4,1654957406
750,50,2,1655540539
750,69,5,1655586076
750,61,4,1656157332
750,226,3,1657179692
750,86,1,1661790336
750,185,5,1664368777
750,211,3,1666725997
750,100,3,1667171624
750,127,3,1679887948
750,196,3,1682855508
750,5,4,1684594208
750,155,3,1684667192
750,46,2,1686132211
750,206,5,1688443484
750,47,2,1689838611
750,19,3,1693068171
751,107,2,1605640309
751,245,3,1606125970
751,72,3,1607072873
751,93,4,1608369347
751,111,2,1610172825
751,33,3,1612085796
751,206,4,1612773845
751,235,2,1612905800
751,195,3,1613241205
751,246,2,1614662580
751,156,3,1618462321
751,101,3,1619266800
751,232,4,1619617291
751,75,2,1619873904
751,210,3,1619934186
751,192,3,1626055499
751,27,3,1627222234
751,194,3,1631095412
751,109,3,1632291511
751,249,3,1632875881
751,4,4,1632935900
751,102,2,1632989820
751,182,2,1633136701
751,39,3,1636851003
751,62,3,1637057524
751,171,3,1638543867
751,2,4,1640413501
751,189,3,1642396610
751,5,2,1647965683
751,214,3,1654369953
751,143,4,1655291650
751,199,3,1656970649
751,221,3,1658842757
751,104,2,1663204974
751,46,2,1664047207
751,236,3,1665145780
751,89,3,1665394681
751,121,4,1669425677
751,115,3,1671274965
751,225,3,1672603608
751,18,2,1678203012
751,55,3,1680656365
751,188,4,1680879087
751,173,2,1680914474
751,170,4,1685479431
751,83,2,1685558623
751,45,3,1685684660
751,215,3,1687377958
751,48,4,1688964335
751,187,3,1689647081
751,193,2,1690379707
751,175,3,1691655066
751,65,3,1692555490
752,193,3,1600146728
752,152,4,1600488300
752,226,2,1601468994
752,162,5,1601830910
752,28,3,1603851135
752,31,2,1606439459
752,18,5,1606585951
752,168,5,1606591687
752,132,3,1606739961
752,141,3,1607443249
752,248,5,1608831356
752,15,3,1608960960
752,170,4,1610104210
752,188,3,1611111946
752,195,4,1611882208
752,210,2,1611996197
752,50,3,1613980522
752,214,5,1614282087
752,1,3,1616403749
752,56,4,1617079452
752,186,4,1618149907
752,192,4,1618528802
752,223,3,1619621053
752,242,3,1620508324
752,13,4,1623136884
752,96,5,1623331913
752,157,4,1624110592
752,121,3,1624136385
752,111,2,1624166801
752,219,3,1625262832
752,182,4,1626034680
752,61,5,1626928585
752,40,2,1629369012
752,235,2,1633742531
752,137,4,1636300376
752,110,2,1637537806
752,167,3,1637740866
752,17,4,1638332839
752,32,4,1638997655
752,154,4,1640035275
752,138,4,1640091054
752,103,2,1640782212
752,237,3,1642336458
752,238,2,1643078936
752,144,3,1644601315
752,100,4,1645916746
752,146,4,1651590439
752,140,1,1652249556
752,145,4,1652889523
752,180,3,1653276014
752,27,3,1654440313
752,39,5,1654502137
752,250,2,1654985362
752,218,3,1655205420
752,205,5,1656307540
752,153,3,1657436850
752,19,3,1657891969
752,206,4,1658995421
752,123,3,1659670524
752,93,4,1659744259
752,85,5,1661671987
752,25,4,1663851543
752,101,2,1664587268
752,48,3,1664626782
752,21,3,1665527110
752,79,4,1665801661
752,108,2,1665821378
752,185,2,1666635886
752,160,4,1667939793
752,199,2,1668272373
752,184,4,1672198907
752,221,5,1672302114
752,71,4,1675880484
752,33,3,1678965046
752,109,3,1679531397
752,30,2,1679812900
752,5,4,1681592268
752,34,3,1684378952
752,3,2,1684528582
752,217,3,1684734502
752,202,4,1684913081
752,244,5,1685226189
752,80,5,1685583822
752,236,2,1685730457
752,97,3,1686450102
752,139,5,1686839622
752,2,4,1686864646
752,175,3,1686888214
752,76,3,1687910612
752,125,3,1688601913
752,156,3,1689631879
752,36,3,1689989474
752,130,2,1693028757
752,35,5,1694487956
753,140,3,1600521309
753,131,3,1603040137
753,72,4,1603507159
753,9,3,1605498689
753,191,2,1605550535
753,105,2,1605619711
753,70,3,1608094899
753,62,4,1611594778
753,174,4,1613436641
753,36,2,1616255775
753,76,2,1617673162
753,50,3,1617785306
753,237,4,1621505547
753,27,3,1622249558
753,65,2,1622607815
753,201,2,1624334322
753,39,4,1626129998
753,232,3,1633563111
753,175,2,1633880207
753,18,3,1641022062
753,54,4,1642499246
753,223,4,1649638976
753,100,3,1650842159
753,130,1,1651151860
753,248,3,1653660315
753,225,4,1656293962
753,249,2,1657259502
753,229,3,1658464370
753,137,4,1661702672
753,193,3,1662418346
753,13,2,1664232989
753,79,2,1666192725
753,192,4,1668934065
753,48,4,1669946120
753,221,4,1670762465
753,179,5,1674747125
753,157,4,1675076725
753,136,4,1676868360
753,69,4,1677820635
753,208,3,1683131532
753,145,3,1683572223
753,125,4,1684108619
753,181,2,1685412988
753,168,4,1685519421
753,184,2,1686495323
753,90,3,1688490480
753,141,2,1688567194
753,109,4,1689851770
754,116,4,1601095582
754,52,4,1602654397
754,225,3,1615510210
754,24,5,1615523146
754,229,2,1652752979
754,58,3,1663477279
754,200,3,1672207987
754,168,4,1684626664
754,18,3,1685280706
754,27,5,1689807264
754,154,2,1693782512
755,53,4,1605740398
755,64,4,1608815296
755,175,4,1609660920
755,218,4,1609831046
755,214,2,1610113840
755,236,3,1610241352
755,5,4,1612595242
755,168,3,1621182790
755,34,5,1622206948
755,86,3,1625599395
755,109,5,1625861298
755,132,5,1626272417
755,206,3,1627871491
755,249,5,1629138297
755,232,3,1631570687
755,188,5,1632065257
755,46,3,1635863253
755,181,2,1636281271
755,93,5,1636511504
755,41,5,1637816918
755,102,4,1641454806
755,147,4,1642629471
755,139,4,1644105618
755,52,2,1645817683
755,138,5,1646066844
755,141,2,1646208293
755,189,2,1647329517
755,210,4,1647992221
755,171,3,1652184267
755,227,4,1653960140
755,81,4,1654269369
755,162,2,1654894599
755,193,4,1656324808
755,198,2,1659647387
755,230,1,1663616548
755,39,4,1672116897
755,192,2,1672559750
755,55,3,1674176574
755,69,5,1675666948
755,130,2,1677397686
755,136,3,1678093329
755,223,3,1678948979
755,182,5,1680710693
755,79,3,1681657575
755,157,4,1682969926
755,30,3,1684816715
755,6,2,1685620731
755,201,3,1685803008
755,226,4,1688132582
755,18,4,1690466952
755,229,3,1691494741
755,27,5,1692353967
755,154,4,1693999535
756,32,2,1601727881
756,109,4,1604458211
756,130,2,1604505543
756,62,4,1605133224
756,46,3,1607198738
756,176,4,1607467651
756,39,2,1609090553
756,153,4,1610094160
756,124,3,1610377709
756,228,4,1611336596
756,168,4,1611394453
756,79,1,1614049374
756,203,2,1614635263
756,100,3,1614695303
756,52,3,1615313535
756,18,4,1616184184
756,193,2,1616456485
756,110,4,1618851599
756,198,3,1620513325
756,112,2,1621060513
756,237,3,1622875546
756,88,5,1626610388
756,232,2,1628718709
756,179,2,1628889150
756,136,4,1633458506
756,131,3,1634996833
756,43,3,1636893966
756,250,2,1637696740
756,178,1,1641303322
756,7,3,1641344396
756,132,4,1643464265
756,41,5,1643572302
756,10,4,1644098777
756,107,2,1644380448
756,61,4,1644747100
756,40,3,1645618616
756,140,2,1646125227
756,231,4,1646424973
756,86,2,1647802410
756,47,1,1649224361
756,103,2,1650165341
756,97,4,1651436920
756,93,3,1651775198
756,145,4,1652430848
756,137,4,1652489086
756,221,4,1654957474
756,204,2,1655092201
756,13,3,1655446777
756,134,4,1655824969
756,128,3,1657348081
756,190,1,1658090171
756,226,3,1659657604
756,175,4,1660592097
756,157,2,1661335326
756,101,2,1661572734
756,208,3,1661929788
756,125,4,1662349861
756,229,4,1662370304
756,169,5,1662523053
756,9,4,1662583833
756,36,2,1664061945
756,141,4,1665513399
756,223,2,1669700140
756,184,3,1674649201
756,166,3,1676338423
756,244,2,1676457817
756,111,3,1678449906
756,243,3,1680973791
756,202,4,1681028547
756,206,2,1681584410
756,170,3,1681957684
756,15,2,1682557868
756,27,3,1683303925
756,188,2,1684313691
756,53,4,1685100410
756,89,4,1685169993
756,50,2,1685926215
756,187,4,1686157270
756,54,2,1686702517
756,98,3,1687150687
756,75,3,1688659328
756,2,3,1688791607
756,58,1,1692527792
756,69,4,1694201679
756,192,2,1694380821
757,157,5,1600111871
757,125,4,1601006633
757,236,4,1601119975
757,204,3,1606434750
757,146,4,1607337708
757,54,4,1607405928
757,13,3,1609695878
757,243,3,1609928838
757,93,5,1609975968
757,232,3,1610893047
757,22,3,1610910526
757,149,3,1616052613
757,24,5,1616691123
757,225,4,1617290796
757,79,5,1620611260
757,175,4,1621514732
757,27,4,1625782167
757,202,5,1628069492
757,246,2,1629414436
757,242,3,1630779157
757,45,3,1631269959
757,82,3,1635293689
757,123,4,1639005399
757,140,2,1643023689
757,152,2,1644682354
757,39,4,1649795961
757,210,3,1650476511
757,61,3,1668487880
757,138,4,1668685169
757,100,2,1670206262
757,154,4,1671858522
757,244,4,1672558848
757,182,4,1674617056
757,188,4,1681069635
757,198,3,1688415723
757,208,4,1689923116
757,196,4,1691836323
757,46,4,1693175114
758,192,2,1600112207
758,200,3,1605803366
758,179,3,1606071127
758,235,3,1606359597
758,80,4,1611685676
758,5,2,1611941536
758,130,3,1613013663
758,140,3,1620153984
758,126,4,1621668971
758,206,2,1622181376
758,154,3,1622762662
758,168,3,1623998193
758,27,4,1624598589
758,146,5,1628555091
758,15,2,1628600583
758,188,4,1628951907
758,241,2,1629165649
758,236,4,1629990517
758,69,3,1634124971
758,76,2,1634125444
758,221,3,1636585043
758,89,4,1636877403
758,181,3,1639759644
758,196,2,1641231238
758,21,3,1641346512
758,93,3,1642176383
758,182,5,1642711547
758,18,3,1643165783
758,74,3,1643365518
758,94,4,1646954166
758,139,2,1650512298
758,202,5,1651161424
758,152,2,1651776461
758,13,1,1652665496
758,39,4,1654449636
758,247,2,1654730846
758,45,2,1655095785
758,136,4,1655488222
758,43,5,1655578479
758,225,3,1659693428
758,155,3,1661465173
758,79,4,1661728201
758,52,5,1661990578
758,103,2,1662718627
758,210,4,1663423049
758,180,3,1667417550
758,102,3,1668306704
758,92,3,1669112100
758,42,3,1670434793
758,132,4,1671295141
758,50,3,1673295178
758,61,4,1679573868
758,137,4,1681486034
758,109,2,1682076996
758,32,4,1683018080
758,175,4,1683347181
758,100,2,1685618462
758,2,5,1686261664
758,112,4,1686272982
758,185,4,1687553219
758,124,5,1688399915
758,46,4,1691361964
759,76,4,1600235484
759,17,4,1600385597
759,188,3,1600486281
759,27,3,1616054800
759,202,4,1620393486
759,81,3,1625442038
759,136,3,1626546778
759,139,3,1627764487
759,128,2,1639830565
759,79,2,1651949009
759,132,3,1652596199
759,210,4,1653603298
759,39,3,1656032701
759,206,4,1663726817
759,169,5,1664536841
759,99,2,1667278552
759,100,5,1674361844
759,130,2,1674964644
759,5,5,1677669118
759,168,3,1680879314
759,137,4,1685371394
759,21,3,1686388167
759,226,5,1691077054
759,138,4,1691748712
760,225,3,1600287692
760,185,4,1602005953
760,100,2,1602025109
760,25,4,1607792847
760,136,5,1616284424
760,112,3,1639974214
760,26,3,1651857046
760,39,5,1660851487
760,229,4,1663505256
760,123,3,1664446867
760,52,4,1672246051
760,210,4,1680324401
761,64,3,1600627553
761,120,4,1606881111
761,27,4,1609943112
761,247,4,1611959176
761,221,5,1613783666
761,237,3,1615498558
761,28,4,1615854674
761,224,3,1617536340
761,175,3,1620263218
761,2,4,1620782275
761,76,3,1621124287
761,181,3,1624367612
761,192,3,1625472984
761,100,4,1626981781
761,148,4,1629852696
761,141,3,1630850432
761,56,2,1633854215
761,109,4,1636521493
761,223,2,1638086699
761,232,4,1638899499
761,123,2,1639073622
761,8,2,1640382960
761,184,2,1646616073
761,93,3,1648670677
761,42,2,1653428960
761,154,2,1654495711
761,241,2,1660555704
761,50,2,1661573553
761,139,2,1666295344
761,188,3,1666767705
761,182,4,1668587688
761,107,3,1672347843
761,110,4,1678765247
761,225,3,1681115359
761,152,3,1682917443
761,124,3,1685638440
761,111,3,1685764328
761,3,4,1687157517
761,153,2,1690230519
761,79,3,1691058209
761,88,4,1694075802
762,69,5,1600258365
762,174,4,1603910936
762,100,5,1613037406
762,65,4,1615140110
762,110,3,1621551892
762,125,5,1627802687
762,16,2,1629118693
762,232,4,1635345358
762,107,2,1644838082
762,46,5,1648926700
762,111,3,1668612938
762,175,3,1670142634
762,192,2,1673649351
762,139,4,1676888890
762,18,5,1678927644
762,94,5,1684607705
762,39,4,1692739129
763,234,4,1601844314
763,229,3,1602126394
763,243,4,1605150858
763,53,5,1605879706
763,195,5,1614456904
763,193,5,1615346200
763,222,5,1618870765
763,39,2,1622625216
763,48,4,1632439408
763,30,3,1635872784
763,139,4,1638838796
763,100,3,1644433298
763,175,3,1653334138
763,206,2,1655876933
763,21,3,1656208899
763,152,3,1657217776
763,102,3,1657838667
763,85,4,1661363120
763,19,2,1661981099
763,188,5,1665927841
763,203,1,1667087757
763,200,3,1669925325
763,104,5,1670915635
763,236,2,1673950043
763,192,3,1674970911
763,250,2,1676192059
763,50,5,1676751473
763,41,3,1678765311
763,18,5,1679080438
763,168,3,1682965352
763,27,5,1683889113
763,153,4,1692813881
763,202,5,1693807179
763,198,3,1694161366
764,169,5,1602330329
764,34,3,1602542497
764,157,2,1603537050
764,86,2,1604251669
764,139,4,1606420463
764,15,3,1607480028
764,107,3,1607731205
764,226,4,1607933451
764,80,3,1608096453
764,164,4,1610289939
764,227,3,1612004015
764,167,2,1614091729
764,192,3,1617457317
764,110,3,1617706958
764,130,2,1618676257
764,25,4,1620839518
764,125,4,1622026910
764,193,3,1622159923
764,225,4,1622448064
764,188,4,1623372356
764,132,2,1624465709
764,145,3,1625887227
764,210,4,1626249863
764,153,2,1626279877
764,89,3,1626979359
764,52,3,1627774977
764,140,2,1630473787
764,41,4,1633069098
764,33,2,1635315524
764,66,3,1636161611
764,229,5,1637377324
764,13,3,1637707367
764,100,2,1639093069
764,120,1,1639362799
764,91,2,1639671013
764,20,4,1641182218
764,148,4,1641539864
764,236,3,1643462615
764,76,2,1643788663
764,27,4,1644481039
764,19,2,1645187604
764,235,4,1645656753
764,61,4,1645850307
764,128,3,1647034135
764,166,3,1650732203
764,154,2,1651799644
764,21,4,1653330947
764,245,4,1653493985
764,242,3,1655145016
764,112,4,1655359097
764,175,4,1658170488
764,50,3,1660247579
764,234,3,1661770853
764,93,4,1661869093
764,87,2,1663098923
764,190,1,1663632894
764,182,3,1667415302
764,56,4,1667824050
764,176,1,1669429891
764,249,2,1670675850
764,36,2,1670962667
764,137,3,1671125845
764,109,3,1671364364
764,179,3,1671889135
764,184,2,1672918977
764,136,5,1673545779
764,102,3,1675741036
764,17,3,1676568321
764,206,3,1676792027
764,79,4,1676806423
764,9,4,1681572394
764,28,3,1682534422
764,22,3,1684488042
764,195,4,1685258002
764,211,3,1686340379
764,123,3,1687003172
764,198,4,1687236674
764,221,3,1688895671
764,208,2,1690863902
764,39,4,1691417623
764,200,3,1691641947
764,5,4,1691729232
764,94,5,1692374729
764,98,2,1693283702
764,156,1,1693411648
764,204,3,1693463569
765,115,2,1600111730
765,54,4,1601223063
765,122,2,1613387245
765,247,3,1613416905
765,25,5,1619500336
765,39,4,1638277600
765,121,2,1665097142
765,85,4,1667476129
765,52,4,1671109662
765,32,2,1685743909
765,175,3,1687195114
765,188,4,1693631268
766,72,3,1603683378
766,146,3,1610442710
766,54,2,1613116039
766,200,4,1614256817
766,46,2,1622265291
766,107,3,1626951397
766,249,4,1627960719
766,175,5,1628149402
766,210,5,1634998662
766,193,2,1635092008
766,13,2,1635976329
766,226,3,1636029950
766,235,3,1638113763
766,59,3,1645710355
766,3,3,1647193671
766,225,3,1664503725
766,51,4,1669636534
766,106,2,1674109211
766,39,2,1677230467
766,18,4,1677659032
766,192,3,1681451728
767,192,5,1603533729
767,39,5,1604644245
767,193,3,1604677380
767,167,5,1614744409
767,162,5,1625722747
767,190,3,1626119504
767,175,3,1628371949
767,174,2,1631260722
767,2,5,1633426792
767,100,3,1635540849
767,85,5,1636066222
767,26,4,1644666596
767,236,2,1647196513
767,27,4,1649051270
767,225,4,1649408573
767,154,3,1674607748
767,185,4,1676426480
767,184,2,1685611300
768,177,2,1600814456
768,76,1,1601736016
768,221,5,1603511107
768,140,2,1604581665
768,32,4,1604971334
768,244,2,1613017881
768,46,4,1613347160
768,52,2,1613939275
768,63,3,1615625831
768,2,5,1619541988
768,175,3,1620308162
768,21,3,1628119071
768,223,2,1630932293
768,39,4,1633891166
768,109,4,1635102883
768,249,3,1644367828
768,193,5,1650174654
768,34,5,1650802101
768,25,3,1651876809
768,26,4,1654856059
768,228,2,1659410553
768,188,3,1660818620
768,9,4,1663975659
768,50,3,1665662081
768,61,4,1666457655
768,79,5,1672834572
768,94,4,1673319275
768,93,4,1674329292
768,192,4,1674745594
768,145,4,1677027594
768,234,3,1677363644
768,132,3,1683327207
768,88,5,1683976210
768,83,2,1684148932
768,229,3,1684875655
768,123,3,1685185100
768,130,2,1689387459
768,211,3,1690159806
768,28,5,1691307008
768,225,2,1693562765
768,80,2,1694157329
769,188,3,1601196556
769,140,1,1603372821
769,9,4,1603949452
769,232,4,1604152509
769,80,4,1609551049
769,166,3,1610595161
769,39,3,1611255187
769,168,5,1613708666
769,243,2,1617068440
769,179,4,1617167081
769,164,3,1618992707
769,206,3,1620158206
769,247,1,1622489751
769,89,4,1626371682
769,75,2,1629737729
769,169,4,1638917211
769,136,3,1640297134
769,27,4,1642507999
769,211,3,1651458696
769,88,3,1652444478
769,210,4,1657408181
769,193,4,1664451430
769,239,3,1667549136
769,87,2,1670513633
769,100,4,1672188521
769,250,1,1678690311
769,175,5,1680448668
769,234,4,1687585576
769,35,3,1690881214
769,36,1,1691796159
769,81,5,1693475047
769,221,3,1694010215
769,37,4,1694535764
770,43,3,1601531107
770,175,4,1602705050
770,187,2,1603746970
770,24,5,1604099630
770,100,2,1605534166
770,235,4,1606761711
770,196,3,1607597529
770,136,4,1607675614
770,198,2,1607956815
770,184,3,1609250056
770,94,5,1609648062
770,210,2,1610992962
770,225,2,1612625350
770,190,1,1613979557
770,27,2,1614644746
770,109,4,1616170865
770,179,3,1616713944
770,104,3,1617040526
770,169,4,1618942107
770,85,4,1620565290
770,98,2,1620638135
770,110,3,1620703588
770,130,2,1622398985
770,173,3,1623490776
770,2,3,1624734786
770,65,2,1624841280
770,223,2,1625410040
770,68,5,1626074972
770,241,1,1627888327
770,47,1,1628856277
770,79,2,1632979201
770,236,3,1633436580
770,132,3,1634939664
770,39,3,1635076077
770,105,2,1635101340
770,160,4,1635510350
770,152,3,1635710086
770,125,2,1636386152
770,208,2,1637852677
770,89,4,1637876203
770,18,4,1638780776
770,76,2,1639777045
770,224,4,1639973051
770,228,2,1642677312
770,102,3,1642862392
770,48,3,1642908250
770,195,3,1643987072
770,53,4,1644264983
770,108,3,1646209203
770,192,3,1647077660
770,197,1,1650551524
770,15,2,1652543844
770,216,3,1652921233
770,166,4,1653673350
770,154,4,1656568503
770,5,4,1658362399
770,128,3,1658516970
770,62,3,1659232673
770,246,3,1660538064
770,200,3,1663869335
770,206,3,1664153664
770,157,5,1664262152
770,156,2,1665573257
770,232,2,1668523736
770,147,4,1668721546
770,155,3,1668928363
770,249,4,1669195022
770,46,3,1670525700
770,123,1,1671326759
770,140,2,1674474881
770,50,4,1675606464
770,88,3,1677551872
770,81,4,1678910034
770,229,2,1679616399
770,159,3,1680259275
770,1,2,1684698074
770,221,2,1685800987
770,70,3,1687452740
770,183,2,1688031573
770,42,4,1690503265
770,93,4,1690953980
771,100,1,1601852685
771,101,3,1603297684
771,94,4,1607496634
771,230,2,1609412787
771,102,3,1609609065
771,41,5,1610095603
771,13,3,1610227678
771,121,4,1611624129
771,127,3,1612682870
771,50,3,1614197248
771,244,3,1614870580
771,131,3,1617521402
771,104,4,1618184036
771,226,3,1619388863
771,136,4,1619892111
771,27,4,1620573075
771,182,4,1622903221
771,15,3,1625221486
771,247,4,1625510225
771,132,5,1626566883
771,206,3,1628506256
771,61,3,1632534898
771,117,2,1632579142
771,130,2,1633710927
771,188,4,1634280979
771,109,5,1638921173
771,236,3,1639887789
771,155,3,1641153994
771,32,3,1644418388
771,139,2,1646810127
771,26,3,1651442495
771,175,4,1652539969
771,145,3,1653399300
771,97,3,1653561428
771,53,3,1654236643
771,68,4,1654524320
771,80,4,1655850593
771,249,3,1660943091
771,124,2,1663847980
771,39,4,1664952661
771,79,3,1664980488
771,70,4,1665550713
771,85,4,1669534601
771,241,2,1671553405
771,210,5,1672198535
771,200,4,1674173566
771,3,1,1674630566
771,111,4,1675746853
771,154,3,1676242931
771,58,2,1677305732
771,191,3,1677747993
771,5,3,1680342102
771,18,4,1680985394
771,8,2,1683376624
771,150,4,1684713088
771,116,2,1685233920
771,125,3,1686388470
771,173,3,1688064762
771,52,4,1688896645
771,2,4,1691621721
771,232,3,1691658549
771,112,4,1692122216
771,93,3,1692872641
771,235,3,1692954583
771,14,3,1693802441
771,238,3,1694013905
771,43,3,1694379841
772,154,4,1600873974
772,192,3,1601880865
772,46,4,1603818038
772,152,1,1604045276
772,188,4,1605032037
772,52,2,1605136115
772,9,5,1607649584
772,238,4,1610658094
772,249,5,1611059084
772,232,2,1611505568
772,14,5,1611654018
772,36,2,1615405111
772,230,3,1617278702
772,124,4,1624594016
772,77,2,1629557001
772,200,3,1629865666
772,123,4,1631317727
772,210,4,1632726763
772,82,3,1634253036
772,132,5,1635524945
772,93,5,1635563779
772,125,4,1636477867
772,110,4,1637808970
772,85,3,1638709530
772,153,4,1638818497
772,107,2,1641942000
772,206,3,1645516755
772,61,4,1646308822
772,81,4,1649170459
772,203,1,1649864215
772,39,4,1653847264
772,13,3,1657661401
772,143,2,1658715804
772,155,2,1661242943
772,142,4,1661475540
772,190,4,1661933523
772,103,4,1663792519
772,134,3,1664206142
772,2,5,1668648760
772,174,5,1670392870
772,198,4,1672498120
772,185,5,1672499236
772,165,2,1672745843
772,109,3,1672939278
772,136,4,1674781279
772,183,2,1675185395
772,173,2,1675802242
772,141,2,1676129029
772,247,2,1677131955
772,79,4,1679046355
772,5,5,1680767948
772,157,3,1681162556
772,26,3,1681870989
772,100,2,1686063571
772,148,3,1693393821
773,120,2,1601962639
773,52,2,1603654151
773,102,2,1604797215
773,192,4,1606106340
773,172,2,1609066280
773,135,5,1610805468
773,47,3,1613952269
773,39,4,1614359836
773,142,5,1616323179
773,137,4,1621317410
773,229,3,1623868230
773,175,4,1624657218
773,109,3,1627407923
773,69,5,1629843332
773,193,4,1638910965
773,54,2,1638934640
773,79,3,1640540916
773,23,2,1642649685
773,221,3,1644388971
773,174,4,1646131034
773,50,3,1646375609
773,188,5,1648258995
773,209,4,1655438724
773,117,4,1656394319
773,138,5,1657115525
773,130,1,1658285647
773,136,3,1658388088
773,206,3,1659912220
773,111,5,1660586064
773,168,4,1661117427
773,190,3,1661961482
773,33,2,1662096732
773,217,2,1664154929
773,73,3,1669304462
773,178,4,1673137997
773,152,3,1674636396
773,132,4,1679545398
773,56,5,1679791259
773,225,3,1680270153
773,18,5,1680293986
773,89,4,1681783332
773,210,4,1681866162
773,141,2,1688202163
773,196,5,1692259948
773,204,4,1692874213
773,16,1,1692955883
774,174,3,1600203942
774,5,2,1604350199
774,168,3,1605571714
774,138,3,1609343494
774,231,4,1611563324
774,239,4,1611798635
774,243,3,1615960584
774,105,2,1616440854
774,143,1,1616459066
774,82,3,1619030421
774,133,3,1621915250
774,154,3,1622921566
774,36,2,1625946170
774,2,5,1627042512
774,209,3,1627628852
774,39,4,1629697710
774,210,3,1630709951
774,175,4,1633191516
774,91,2,1634038273
774,61,4,1634577455
774,16,1,1638020488
774,250,3,1638956243
774,7,2,1640026454
774,79,3,1642430881
774,173,3,1643728508
774,218,3,1645873623
774,225,5,1648429625
774,207,3,1650394466
774,159,2,1651317837
774,69,4,1652074046
774,192,3,1652546419
774,31,2,1653629587
774,123,3,1653767236
774,109,3,1660326228
774,188,4,1666225100
774,13,3,1674385919
774,234,4,1675414155
774,111,2,1678233737
774,235,3,1678936859
774,249,4,1680393187
774,199,2,1682025054
774,213,3,1688602951
774,216,4,1690010467
774,125,2,1690972331
774,37,5,1692587783
774,150,3,1693759411
775,205,5,1600029994
775,65,4,1607810080
775,243,4,1608927916
775,188,4,1611928844
775,76,3,1617080380
775,210,4,1623654883
775,109,3,1626580415
775,123,3,1626620047
775,166,3,1628154503
775,39,4,1628912998
775,154,4,1629216258
775,52,2,1630000030
775,79,4,1632646317
775,224,3,1637190616
775,221,2,1638709987
775,107,4,1647003195
775,31,1,1657484539
775,139,2,1661278915
775,141,2,1665372531
775,36,1,1666792687
775,159,3,1667332945
775,98,2,1674874742
775,225,2,1677799397
775,5,3,1682858685
776,216,3,1601203215
776,175,3,1601852394
776,144,3,1602646819
776,61,4,1606968131
776,89,3,1608202846
776,226,2,1608543484
776,98,3,1609026786
776,39,4,1610274373
776,109,3,1615306027
776,206,3,1615927225
776,210,3,1616646999
776,188,4,1617341901
776,65,4,1617492383
776,203,2,1618278654
776,103,2,1619885850
776,46,4,1619929174
776,198,3,1620853966
776,52,3,1620940553
776,177,2,1625435384
776,129,3,1629409084
776,35,3,1629624301
776,75,3,1629639915
776,41,2,1629686272
776,85,4,1630126919
776,50,4,1631206191
776,79,4,1632072124
776,13,3,1634990416
776,115,4,1639767932
776,235,3,1642194032
776,123,3,1644110434
776,154,2,1644856086
776,76,4,1645158412
776,249,4,1647972709
776,93,5,1648445058
776,247,2,1648686675
776,32,4,1649622267
776,157,3,1652741535
776,30,4,1656064124
776,204,4,1656271642
776,125,2,1659169321
776,56,3,1659560996
776,139,2,1661466208
776,54,4,1663709254
776,185,4,1663870975
776,53,4,1666519458
776,21,3,1666590020
776,111,4,1669958441
776,193,5,1675069746
776,192,3,1675222428
776,178,3,1676783723
776,131,3,1677359937
776,168,4,1677445207
776,200,2,1679148592
776,184,3,1681851791
776,136,4,1682766210
776,69,4,1684832323
776,104,4,1685491104
776,100,3,1686420147
776,173,3,1687172808
776,2,5,1687631682
776,9,3,1688236634
776,229,2,1690754067
776,88,3,1690763626
776,221,3,1691518704
776,218,4,1693614810
777,19,5,1611457670
777,79,4,1639133627
777,100,3,1645656596
777,93,4,1647328668
777,238,2,1649906012
777,249,4,1649960280
777,111,5,1658119429
777,190,1,1659150555
777,13,3,1661518427
777,192,3,1665791808
777,155,3,1668166164
777,182,4,1668406715
777,27,3,1671109909
777,188,4,1677078838
777,46,3,1677386974
777,130,2,1678618544
777,218,2,1680999419
777,85,4,1681189728
777,173,4,1682745854
777,145,1,1690868291
777,204,3,1693467300
777,131,3,1694535075
778,249,5,1600318202
778,85,3,1600882714
778,167,4,1600901295
778,102,2,1604524988
778,73,3,1605476613
778,160,5,1608365125
778,144,4,1609131766
778,42,4,1610004337
778,116,5,1612064833
778,244,4,1612143984
778,89,4,1614556016
778,124,5,1615130308
778,180,5,1615710595
778,62,3,1619606227
778,52,2,1620470356
778,9,4,1621576380
778,204,5,1625328207
778,188,5,1625615997
778,53,5,1629158832
778,5,5,1630831247
778,205,4,1636014909
778,179,4,1640647005
778,132,4,1641840010
778,79,4,1642110225
778,43,3,1642765349
778,18,5,1643728984
778,225,5,1644684004
778,100,2,1645903180
778,193,4,1646311996
778,250,4,1647629374
778,226,3,1648116501
778,218,4,1649255607
778,111,5,1652004326
778,221,5,1656642693
778,154,4,1657267544
778,113,4,1658819201
778,51,3,1659023680
778,69,5,1659411663
778,182,5,1659864707
778,17,4,1662722055
778,39,4,1664065777
778,36,3,1665510619
778,175,3,1666254830
778,32,3,1667135892
778,137,3,1667227490
778,27,5,1668433707
778,109,3,1670494346
778,170,4,1672528104
778,21,5,1673351231
778,93,5,1676395822
778,57,3,1678970807
778,123,4,1679899750
778,70,5,1681450413
778,54,2,1686566120
778,168,4,1687156361
778,128,3,1687703201
778,156,3,1687719001
778,98,5,1690785067
778,130,3,1691156780
779,168,4,1600542831
779,210,3,1601727036
779,152,2,1602782038
779,28,3,1603630982
779,104,3,1603782617
779,137,3,1604086158
779,57,3,1606786057
779,154,3,1607072196
779,125,2,1608515321
779,58,2,1611929330
779,225,4,1613127317
779,145,4,1613611671
779,182,5,1614178716
779,5,4,1614228636
779,79,4,1614487915
779,89,4,1615978884
779,195,3,1617809629
779,250,4,1619060186
779,110,3,1622859001
779,198,3,1625701111
779,175,3,1626451954
779,101,3,1627184553
779,188,4,1627669527
779,242,1,1629763440
779,221,3,1630073622
779,223,2,1632124827
779,111,3,1633956957
779,85,3,1634304530
779,78,1,1635381191
779,206,4,1635658981
779,156,3,1636019994
779,117,2,1636696478
779,39,3,1637779441
779,232,3,1638080959
779,144,5,1641422041
779,148,1,1642069304
779,100,3,1642182261
779,102,2,1642572566
779,53,4,1642854774
779,220,3,1644701093
779,192,4,1646011771
779,155,1,1649552826
779,127,2,1650925900
779,26,5,1652585601
779,120,4,1652704585
779,93,3,1656244413
779,244,4,1659534103
779,112,2,1660107813
779,140,2,1660505471
779,193,3,1662580217
779,36,3,1662909974
779,204,3,1663219293
779,50,4,1663671835
779,178,2,1664047314
779,174,3,1665525111
779,18,3,1666935450
779,87,4,1667688962
779,13,2,1669577527
779,43,4,1670964116
779,27,5,1671664095
779,130,3,1672778271
779,47,1,1672894563
779,97,3,1673101406
779,132,3,1674638667
779,197,2,1676162527
779,24,4,1677991374
779,116,2,1678699568
779,115,2,1679246188
779,179,2,1680476948
779,15,2,1680479898
779,186,4,1680928471
779,107,1,1682163873
779,169,3,1682733671
779,48,3,1682872612
779,167,4,1683422554
779,66,2,1684350304
779,136,3,1684834845
779,21,3,1686787418
779,139,3,1687935107
779,235,3,1688405368
779,4,3,1688584949
779,34,2,1689862802
779,150,3,1690021802
779,157,5,1692197169
780,188,4,1601120229
780,116,2,1602678058
780,135,4,1603368014
780,177,2,1605789650
780,185,3,1606325556
780,125,3,1606472159
780,199,4,1607114218
780,234,4,1612922127
780,232,4,1614853554
780,70,5,1616367999
780,175,4,1616573720
780,109,5,1618571144
780,39,4,1621250013
780,27,4,1626234288
780,174,3,1627641112
780,213,4,1632096830
780,139,3,1634954052
780,238,2,1635140317
780,75,3,1638554531
780,115,5,1638611720
780,157,2,1641047567
780,24,3,1641180385
780,173,2,1641732248
780,183,3,1649201973
780,15,1,1652227442
780,46,3,1653945942
780,127,4,1654391642
780,61,5,1655384701
780,136,4,1656176075
780,141,2,1657845098
780,204,3,1659802426
780,5,4,1662388956
780,130,3,1665713524
780,52,3,1666341967
780,102,5,1668182016
780,86,1,1674895363
780,111,2,1675693264
780,50,4,1676141233
780,192,3,1678682758
780,196,2,1679049999
780,140,2,1681783899
780,160,4,1683333405
780,167,2,1687590887
780,193,2,1690064565
780,168,4,1690927680
780,97,3,1692912580
780,201,2,1694332885
781,197,2,1607103974
781,239,5,1608759448
781,54,3,1614188704
781,178,4,1615374843
781,247,4,1617365594
781,223,1,1620722266
781,3,4,1623104855
781,25,3,1630251249
781,79,3,1630584695
781,107,3,1631597798
781,234,4,1632510930
781,8,2,1633603591
781,124,3,1637555991
781,123,3,1642841377
781,93,4,1648552772
781,18,4,1649015290
781,206,5,1651423525
781,188,3,1654922834
781,2,5,1657711438
781,132,2,1657733634
781,83,2,1662036379
781,16,3,1663299734
781,136,3,1664769916
781,27,4,1665721984
781,100,3,1674894102
781,193,2,1680765119
781,13,2,1684750003
781,21,5,1690270418
781,46,4,1692253572
781,244,5,1693836593
781,39,3,1693889522
782,141,3,1603318572
782,210,3,1606141976
782,27,5,1606307353
782,136,5,1611310887
782,30,4,1614982438
782,36,2,1615484410
782,154,2,1616748729
782,203,1,1616880918
782,48,3,1626580676
782,108,1,1631620971
782,76,3,1632247493
782,101,2,1633404608
782,232,4,1633747883
782,58,5,1636484433
782,107,4,1636558668
782,185,3,1639728916
782,204,4,1640839975
782,39,4,1641442906
782,102,3,1641731215
782,206,4,1641820351
782,166,3,1643227885
782,214,2,1646334994
782,5,3,1647987910
782,155,3,1650095423
782,111,3,1650250384
782,130,2,1651920977
782,61,3,1653063064
782,182,5,1654175583
782,18,3,1654189766
782,174,1,1654287066
782,160,4,1654865940
782,192,3,1654963571
782,221,3,1655613058
782,80,2,1655932540
782,195,3,1660879957
782,175,4,1665650871
782,157,2,1669859385
782,188,3,1671618713
782,250,2,1672825315
782,247,2,1675300373
782,193,2,1675440595
782,69,4,1685040711
782,139,4,1685759019
782,179,3,1688368947
782,225,3,1691844010
782,50,2,1692846161
782,209,4,1693205222
782,243,3,1693522654
783,79,5,1617308601
783,93,3,1624117819
784,153,3,1603273093
784,52,3,1605913006
784,162,4,1611350052
784,100,4,1613567421
784,221,5,1615973705
784,175,4,1617644784
784,188,4,1618094786
784,5,4,1618604337
784,205,2,1621288630
784,39,3,1622968966
784,58,2,1624133046
784,164,4,1625922043
784,190,2,1626111692
784,110,4,1626903614
784,77,4,1630903545
784,120,5,1632739686
784,140,2,1633262859
784,123,3,1633679657
784,206,5,1633939571
784,13,3,1634407453
784,168,4,1642598060
784,28,5,1642642372
784,26,3,1645098752
784,236,2,1647383727
784,230,5,1650756495
784,248,3,1651414770
784,160,5,1653729749
784,79,3,1658279805
784,154,3,1660725781
784,226,5,1661461306
784,202,4,1662322746
784,214,2,1670457905
784,229,2,1671282547
784,85,4,1672073770
784,25,4,1672361465
784,232,4,1672610871
784,116,3,1673536577
784,86,1,1674824619
784,250,2,1675829014
784,118,3,1676994501
784,125,3,1679700205
784,204,3,1683275183
784,249,5,1686776906
784,21,4,1687637647
784,155,1,1690166316
784,210,3,1694436692
785,53,4,1601130071
785,236,4,1601690786
785,223,2,1605695837
785,79,5,1610022605
785,66,2,1611027168
785,125,4,1617175894
785,39,4,1618363948
785,140,2,1619687601
785,110,4,1620298093
785,168,4,1621721041
785,89,4,1624012483
785,18,3,1624862405
785,111,3,1625258062
785,188,3,1632541379
785,27,5,1635527515
785,216,3,1638818226
785,41,4,1641837425
785,173,3,1644703937
785,175,3,1646710041
785,93,4,1649571864
785,71,3,1650631409
785,109,4,1654440325
785,107,4,1654513304
785,5,3,1656922436
785,244,3,1662777508
785,225,3,1664636039
785,155,3,1667780889
785,78,2,1668617791
785,136,4,1671355817
785,47,2,1671771642
785,139,3,1672752322
785,193,3,1678521148
785,249,3,1678818657
785,145,4,1680870231
785,130,2,1685308630
785,50,4,1688259584
785,141,3,1692477684
786,249,4,1607417617
786,130,3,1609534248
786,83,2,1609691525
786,86,1,1610496957
786,27,5,1612384356
786,89,3,1612534336
786,79,5,1613059800
786,94,3,1614590756
786,39,4,1617863969
786,244,3,1620777885
786,100,2,1620779359
786,136,5,1620877943
786,231,4,1624080283
786,127,4,1651882174
786,14,4,1653938250
786,154,3,1654030627
786,205,2,1656050906
786,18,3,1659843044
786,140,2,1661127120
786,13,3,1661983369
786,70,3,1664221272
786,225,4,1671759763
786,5,2,1676374102
786,139,3,1676596965
786,76,4,1680809916
786,184,4,1681506066
786,160,4,1688828707
786,209,2,1690465491
786,52,3,1691503129
787,21,2,1600375807
787,192,2,1602380727
787,18,4,1602538085
787,241,1,1603772167
787,57,3,1604837162
787,5,4,1605543973
787,72,3,1605962223
787,79,2,1608176929
787,132,3,1608875501
787,107,3,1609519248
787,81,3,1610797493
787,175,5,1612486880
787,139,3,1618053774
787,138,3,1619463614
787,109,3,1620943986
787,88,4,1621836797
787,233,4,1624166092
787,130,2,1624825907
787,154,3,1626189748
787,43,2,1626623083
787,133,2,1633205203
787,101,2,1635348843
787,13,3,1637008467
787,226,2,1638081736
787,52,2,1639720521
787,158,1,1640117951
787,50,3,1640199232
787,59,3,1641458915
787,65,4,1645202867
787,140,2,1645293671
787,93,5,1647916736
787,235,4,1648573290
787,27,3,1649477341
787,4,3,1654711453
787,168,4,1657901784
787,104,4,1660166457
787,207,4,1664212832
787,244,2,1666295412
787,54,4,1667030716
787,160,3,1667948752
787,111,2,1668221360
787,32,2,1670878179
787,228,2,1671138150
787,188,2,1671559183
787,85,4,1671995694
787,206,1,1674355351
787,182,4,1677794139
787,39,4,1678240861
787,204,3,1680634802
787,210,3,1686891800
787,120,3,1692054618
787,148,4,1693440354
787,117,3,1694441947
788,236,3,1601332832
788,204,2,1602615793
788,235,3,1603279563
788,48,3,1603893545
788,196,3,1605574998
788,139,2,1608189444
788,174,4,1610534804
788,53,3,1611017307
788,210,4,1615044563
788,14,3,1616496074
788,100,2,1616533255
788,15,3,1617752532
788,169,1,1619254076
788,141,4,1620497452
788,229,3,1621723735
788,193,4,1622173026
788,47,4,1622459276
788,65,4,1629501469
788,184,3,1631612647
788,115,4,1637021320
788,39,4,1640543374
788,225,3,1641627533
788,124,4,1644051781
788,52,3,1645752604
788,226,3,1646148592
788,241,3,1649976869
788,233,3,1653818977
788,18,4,1659104189
788,109,2,1662350502
788,154,4,1663889298
788,61,4,1664064025
788,107,2,1664931337
788,34,3,1666242602
788,5,4,1670196471
788,185,3,1675174434
788,188,3,1676334106
788,150,4,1681109697
788,175,5,1681824941
788,69,4,1682317294
788,110,5,1683333823
788,80,4,1684861442
788,62,5,1685698203
788,27,3,1686115363
788,136,3,1687498756
788,140,1,1687948678
788,59,3,1688774339
788,79,2,1689814281
789,5,3,1602099190
789,175,4,1602921051
789,128,2,1605043441
789,52,3,1612170999
789,206,2,1630941061
789,249,4,1637247944
789,39,3,1641227663
789,210,3,1644731750
789,109,1,1647815688
789,180,4,1652697427
789,145,4,1657561052
789,236,3,1670193506
789,188,3,1672985515
789,18,4,1673247658
789,157,3,1675883040
789,150,5,1679280770
789,27,3,1679623723
789,91,3,1680248092
789,136,4,1680285410
789,14,3,1686814481
789,48,2,1689716242
790,78,2,1600207341
790,193,3,1600494459
790,109,4,1600934890
790,43,3,1609811569
790,206,3,1615538343
790,188,4,1615585198
790,225,3,1621419403
790,242,2,1623349169
790,100,2,1624175512
790,230,3,1625002167
790,54,2,1626190393
790,26,2,1629478365
790,154,3,1630158423
790,13,3,1633531474
790,236,4,1635322627
790,174,2,1639213849
790,39,3,1644976445
790,182,5,1647513289
790,134,4,1654055878
790,141,4,1668365646
790,111,2,1670155543
790,218,3,1672744710
790,179,3,1673628534
790,21,2,1675944028
790,36,2,1677170384
790,155,4,1679196448
790,46,2,1680660551
790,140,3,1683704171
790,212,3,1684280234
790,16,3,1684772330
790,121,3,1688122939
790,250,2,1688891170
790,48,3,1692182917
791,188,3,1602797937
791,206,4,1608468360
791,229,4,1609966438
791,52,4,1611365092
791,100,2,1612932701
791,81,4,1614026281
791,225,3,1616505330
791,111,3,1617958901
791,39,5,1621881369
791,176,2,1622707716
791,50,3,1624869805
791,104,2,1632101038
791,232,2,1644279517
791,75,3,1647315821
791,150,5,1647792102
791,73,3,1650873232
791,168,5,1651796087
791,132,3,1653828515
791,182,3,1662328520
791,80,2,1665122209
791,154,4,1666060525
791,27,3,1672528543
791,62,3,1674349508
791,178,2,1676223584
791,175,5,1678218675
791,79,5,1680183752
791,5,4,1684927649
791,93,4,1685180010
791,164,4,1685671812
791,33,3,1686983283
791,186,4,1689053125
791,192,3,1694458464
792,243,3,1604682558
792,165,2,1606254662
792,101,1,1608903793
792,2,4,1614139949
792,104,3,1619277381
792,232,2,1621318183
792,188,3,1622067718
792,136,3,1624086187
792,116,2,1624754939
792,206,4,1625582996
792,83,3,1627047790
792,193,3,1632698013
792,5,4,1633313755
792,18,3,1633808175
792,53,3,1633935199
792,30,3,1635975831
792,79,3,1644325074
792,37,3,1645572091
792,109,2,1652034604
792,127,3,1659115450
792,134,5,1659475971
792,209,2,1661043067
792,39,3,1663450794
792,56,5,1665750132
792,123,4,1665944167
792,157,3,1666253527
792,140,2,1674448264
792,13,2,1677637479
792,100,3,1678757707
792,139,2,1679210787
792,76,3,1680617175
792,52,3,1680852114
792,111,3,1681608145
792,198,3,1685739869
792,132,3,1686175831
792,154,2,1687840240
792,62,3,1691398471
792,246,1,1692127791
792,221,3,1692562517
793,174,4,1602723157
793,5,2,1604391672
793,57,3,1605131753
793,157,2,1605657509
793,39,4,1607433858
793,210,4,1608060426
793,192,4,1619884642
793,153,3,1625851521
793,141,3,1628377127
793,110,4,1628766551
793,47,1,1631097836
793,175,4,1632036795
793,154,3,1636643950
793,93,3,1637355096
793,148,2,1637882878
793,185,3,1645006800
793,224,4,1648146832
793,79,4,1650979833
793,188,4,1652334688
793,109,4,1657110642
793,89,4,1660177132
793,168,3,1665199704
793,13,4,1667647961
793,130,3,1667840487
793,138,4,1670182756
793,100,3,1674089940
793,85,3,1674155949
793,186,3,1675317377
793,232,4,1675818454
793,136,5,1676074900
793,145,3,1681409127
793,80,4,1681480076
793,214,2,1681739081
793,249,4,1683376260
793,22,1,1686299039
793,94,4,1691050543
794,39,4,1600508317
794,81,5,1601875495
794,244,3,1602649968
794,175,5,1604195005
794,32,4,1604978012
794,102,2,1606399886
794,216,4,1610999450
794,173,4,1619010744
794,168,3,1620100055
794,188,4,1621085394
794,53,5,1621398371
794,232,4,1623201158
794,223,2,1623308415
794,132,5,1624540119
794,206,4,1627560026
794,145,4,1628293389
794,88,4,1628686965
794,135,5,1629862649
794,235,5,1630308426
794,27,5,1630590458
794,210,5,1631345661
794,89,3,1632806131
794,127,5,1633285722
794,174,5,1634514393
794,57,4,1635439109
794,226,3,1636050389
794,196,3,1636102938
794,76,3,1636538854
794,43,3,1637749527
794,200,4,1639346445
794,227,3,1641253169
794,100,1,1641580503
794,139,4,1642418317
794,136,4,1644432677
794,15,4,1644939890
794,198,4,1645354095
794,249,4,1645516726
794,184,2,1645849114
794,193,3,1646173567
794,225,3,1647577271
794,4,5,1647885487
794,167,4,1648533148
794,130,1,1649586656
794,86,3,1649846796
794,154,4,1650106978
794,190,4,1650829761
794,38,3,1651370571
794,13,3,1652447522
794,50,4,1657188103
794,218,4,1657792233
794,65,3,1658565400
794,68,5,1658581706
794,18,5,1661561927
794,140,4,1662920323
794,172,1,1663776200
794,123,4,1664373775
794,52,3,1664807368
794,178,4,1668395617
794,21,5,1668828531
794,192,5,1670033734
794,61,4,1670676110
794,109,5,1675666473
794,9,5,1681008884
794,111,3,1681220429
794,5,4,1683401626
794,229,2,1685280885
794,87,5,1687831092
794,104,5,1690876190
794,26,4,1692151428
794,8,2,1692268204
794,63,4,1692914617
794,221,2,1693178322
794,107,2,1693473771
795,199,4,1601289119
795,188,3,1610090388
795,210,4,1631779989
795,122,5,1633405326
795,53,5,1640178481
795,156,4,1649079606
795,201,4,1656406292
795,39,4,1660557691
795,155,3,1667129427
795,218,3,1672090910
795,54,3,1677274568
795,192,2,1681559482
795,111,4,1687366722
795,202,3,1688676119
795,85,5,1690958000
796,249,3,1601092381
796,206,3,1603634064
796,241,4,1604247206
796,21,3,1607992313
796,124,4,1610108540
796,109,2,1613355442
796,50,4,1613396016
796,18,5,1615821245
796,101,3,1620073781
796,130,2,1620580453
796,188,4,1621878386
796,143,4,1622475111
796,177,2,1629264215
796,137,2,1629925305
796,111,3,1629978688
796,164,3,1631692448
796,42,5,1634606944
796,27,5,1636795924
796,97,2,1638561176
796,93,5,1646576150
796,94,3,1649202820
796,5,3,1650710743
796,123,3,1652167161
796,243,3,1653011746
796,163,4,1658097334
796,31,3,1663189770
796,108,3,1664476237
796,33,2,1665357403
796,104,3,1666425474
796,62,5,1669979876
796,235,4,1670683383
796,154,3,1672517580
796,100,3,1675111514
796,139,3,1679357929
796,23,4,1681247852
796,141,2,1684784250
796,210,4,1688720233
796,46,3,1691787010
796,22,2,1693757383
797,199,2,1601254821
797,27,4,1603751324
797,34,4,1605007413
797,109,1,1609804847
797,198,4,1610701063
797,243,3,1611338098
797,250,2,1612354431
797,154,2,1613561699
797,141,2,1613798843
797,247,2,1614129280
797,140,3,1614370468
797,40,4,1615149414
797,201,3,1615236846
797,241,3,1616269515
797,229,3,1618927747
797,47,3,1621759443
797,246,3,1623380057
797,236,3,1624535790
797,94,5,1624963325
797,24,5,1625390668
797,61,3,1626109886
797,133,3,1626359537
797,36,2,1627679635
797,69,5,1629406260
797,33,2,1629665786
797,50,5,1632505200
797,13,3,1633109575
797,26,5,1633622550
797,104,3,1637189772
797,128,5,1637936156
797,130,2,1638463192
797,100,3,1639831768
797,23,4,1640442824
797,197,2,1640616028
797,167,3,1641860146
797,188,3,1643030310
797,200,3,1643471148
797,218,2,1643789853
797,9,2,1645098047
797,93,5,1652204333
797,248,3,1656630444
797,249,3,1657910274
797,123,2,1658299160
797,89,4,1658679656
797,206,4,1659240809
797,30,4,1659694280
797,164,3,1659870918
797,53,3,1660493637
797,185,4,1660596465
797,56,2,1661049556
797,221,3,1661953482
797,208,3,1664326157
797,195,5,1665186327
797,91,2,1665514256
797,193,5,1665812569
797,192,3,1666995247
797,187,2,1668248068
797,39,4,1669905663
797,65,5,1670685418
797,175,4,1671234031
797,52,4,1672591096
797,177,3,1672832353
797,125,3,1674988238
797,136,4,1677619151
797,18,5,1677831377
797,111,2,1679328446
797,115,4,1681699886
797,155,4,1682789713
797,132,2,1685328021
797,210,3,1685630331
797,79,3,1686807378
797,223,4,1690248799
797,5,4,1690452207
797,2,5,1693206442
798,235,3,1613709198
798,57,3,1615007727
798,101,2,1624649023
798,53,5,1630785053
798,175,4,1634197083
798,18,3,1640014947
798,94,4,1661809364
798,225,4,1666954668
799,226,4,1605120087
799,61,3,1605741817
799,27,4,1609416990
799,168,5,1610577498
799,145,4,1611079557
799,250,2,1612272121
799,116,4,1613718039
799,242,3,1614931184
799,244,3,1615831965
799,18,4,1616499487
799,223,2,1617322854
799,109,4,1618483347
799,224,3,1619226025
799,132,3,1619617031
799,92,3,1628136262
799,38,3,1628526623
799,36,1,1636161281
799,123,2,1642136428
799,79,4,1648084626
799,39,4,1649264479
799,249,3,1652245266
799,75,2,1652822360
799,13,3,1655734586
799,127,3,1658944595
799,140,1,1661287044
799,166,3,1661497891
799,207,4,1662400647
799,111,3,1662489927
799,11,3,1662607283
799,181,3,1666404716
799,52,4,1668828964
799,126,3,1671234959
799,49,2,1674213340
799,188,4,1674659604
799,50,3,1676273952
799,100,1,1677480121
799,101,3,1681703846
799,195,4,1682516956
799,58,2,1682897665
799,214,4,1684887545
799,175,4,1686773705
799,4,3,1686856890
799,179,4,1688496575
799,199,2,1689243225
799,138,4,1690216332
799,32,3,1692956146
800,168,4,1608928194
800,100,3,1616958998
800,52,4,1617034823
800,5,3,1617086694
800,9,4,1620030366
800,27,5,1621467365
800,192,4,1625657125
800,187,4,1626851892
800,56,3,1629855230
800,123,3,1633232266
800,146,3,1633653945
800,130,2,1634461694
800,93,3,1636444441
800,13,3,1637011256
800,104,4,1641521330
800,124,3,1645164459
800,199,2,1666079711
800,172,1,1672394968
800,170,4,1681602341
800,153,2,1681621393
800,39,3,1685564120
800,155,3,1691364805
800,197,2,1693012409
800,20,3,1694087990
